nep4 12 Zr Ti Nb Ta Hf Mo V W Cr Y Sc B 
cutoff 8 4 297 39
n_max 4 4
basis_size 12 12
l_max 4 2 0
ANN 50 0
  1.5974660e-01
 -4.4099677e-01
  3.7343469e-01
  8.7708557e-01
 -1.0689358e+00
 -1.2454399e-01
 -8.4640574e-01
 -7.9071447e-03
  1.6198790e-01
  8.1135887e-01
  2.5243792e-01
  2.3679785e-01
 -3.4940723e-02
 -1.1158141e-01
 -7.2493714e-01
  3.1791404e-02
 -5.4709786e-01
 -1.0461293e+00
 -1.0505308e+00
  1.2722108e-02
  1.0104960e+00
 -2.2928677e-01
 -4.4396055e-01
 -7.3069859e-01
  3.6128736e-01
 -2.6334366e-01
  2.3695880e-01
  4.2175576e-02
 -3.2498553e-01
  4.4703591e-01
  3.6291638e-01
 -5.6929731e-01
 -1.2624022e+00
  5.6541908e-01
 -3.3685747e-01
 -7.8348565e-01
 -1.9222431e-01
 -6.5549117e-01
 -1.2277002e+00
 -2.8891841e-01
 -3.6010543e-01
 -2.6422054e-01
  3.8455743e-01
  3.7148604e-01
 -2.6467511e-01
 -8.6087120e-01
  5.3958040e-01
 -5.7400370e-01
 -6.8652600e-01
 -1.7625040e+00
 -1.0840840e+00
 -4.7220799e-01
  8.3641559e-01
 -4.1098136e-01
  1.1959046e-02
  7.5470906e-01
  5.0348878e-01
  2.9226539e-01
  1.2884091e+00
 -8.2192272e-02
 -7.6566154e-01
 -3.0584669e-01
 -8.7083536e-01
 -4.0248507e-01
  1.2164290e+00
  7.7493745e-01
  3.3142784e-01
  9.5127201e-01
 -1.2313929e-01
 -5.4689115e-01
  5.3015995e-01
 -3.8637686e-01
 -4.4872612e-01
  4.6445169e-03
  1.0330307e-01
  4.4878668e-01
 -9.4164050e-01
 -1.3599277e+00
 -8.7626356e-01
  1.1382719e-02
  1.5035093e-02
  4.7720930e-01
  3.0413070e-01
  2.9107951e-02
 -1.5226439e-01
  3.4974581e-01
  6.5408367e-01
 -3.7676632e-01
  2.5802952e-01
  1.2777920e-01
 -4.9514571e-01
  3.1303372e-02
  7.2995287e-01
 -1.0384502e+00
 -1.1114945e+00
  1.0329640e+00
 -6.0275897e-02
 -5.5934095e-01
 -2.6447240e-01
  1.3922055e+00
  4.7200575e-01
  1.8659674e+00
 -3.5594043e-01
 -7.5021374e-01
 -3.6874050e-01
 -8.9360619e-01
  7.0308167e-01
  7.7116865e-01
  7.9155815e-01
  1.8645267e+00
 -2.3197532e-03
  6.8460864e-01
  3.6711919e-01
 -4.4089523e-01
 -4.6859509e-01
  2.3854539e-02
  4.3757972e-01
 -5.6131989e-01
 -5.3254861e-01
  1.2946535e-02
 -9.5207527e-02
 -4.2717099e-02
  2.0906854e-01
  2.3226514e+00
  6.5795742e-02
 -2.6200989e-01
 -5.5754360e-02
 -5.7865441e-02
  1.0878224e+00
 -1.3944941e+00
 -4.6070567e-01
 -1.5586908e+00
 -4.7102419e-01
 -2.6116090e+00
  2.9842991e-01
 -1.3380811e+00
 -2.1260421e-01
 -4.2120242e-01
 -6.9464892e-01
  3.3427936e-01
 -2.8753796e-01
 -1.6309016e+00
  3.6697608e-01
  8.2179642e-01
 -5.3335202e-01
  1.6567282e-01
  3.8226700e-01
 -8.3098370e-01
 -1.2283794e+00
  1.8499932e-01
  1.1503927e+00
  1.8427186e+00
  7.3159784e-01
  5.1931059e-03
 -1.1184990e+00
 -5.8304763e-01
 -6.3043547e-01
 -1.9187659e-01
  5.7869482e-01
  1.1437073e-01
  1.0577579e+00
  3.9801374e-01
  6.3050508e-01
 -3.4842480e-02
  2.3309855e-01
 -4.7204930e-01
 -2.0841007e-01
 -4.6517763e-01
 -1.4379114e-01
  2.5169370e-01
 -1.8680266e-01
  5.9737945e-03
 -2.7707377e-01
 -5.6103647e-01
 -2.9204440e-01
  1.9956067e-01
  7.1509314e-01
 -6.1663437e-01
 -3.3136341e-01
  1.4076176e-01
  3.4342009e-01
 -1.8131921e-01
 -4.2480722e-02
  5.6321752e-01
 -2.0637196e-02
 -1.1576649e+00
 -2.9200292e-01
  2.1363444e+00
 -6.0535097e-01
 -9.8183322e-01
 -1.5399865e+00
  1.5439544e+00
  1.4324844e+00
  4.5732884e+00
  2.0863612e+00
  2.6906559e-01
 -1.9190721e-01
 -3.2630226e-01
 -2.5058758e-01
  4.0846005e-01
  1.8634121e+00
  7.1096957e-01
 -1.8051937e+00
  8.4500939e-01
  2.4823487e+00
 -4.5463452e-01
 -1.0168492e-01
 -1.2642097e+00
 -4.2207316e-01
  3.9108899e-01
  7.8441691e-01
  4.7202212e-01
 -9.2019469e-02
  1.2421193e+00
 -4.9727991e-01
  3.9591156e-02
 -1.9159231e-02
  1.1950635e+00
 -1.2398529e+00
 -1.4124624e+00
  1.2847537e-01
  2.0075238e+00
 -9.6697740e-02
  1.4092420e+00
 -9.2379674e-02
 -3.2945693e-02
  1.6993191e+00
  1.3221711e-01
  1.4899085e-01
 -4.4222074e+00
  3.1769887e-01
  4.6948424e-01
  9.4399798e-01
  1.2196577e+00
  7.6689437e-02
 -6.0877413e-01
  7.4763900e-01
 -5.5843753e-01
 -5.6112820e-01
  2.4449737e-01
 -1.3808072e+00
 -1.8643086e+00
  3.3320534e-01
  2.9308095e+00
  7.6012647e-01
  4.3789037e-02
 -1.5531508e+00
 -5.2719212e-01
 -9.3113673e-01
 -1.8859017e-01
 -9.4963008e-01
  3.0151275e-01
  1.9717270e+00
 -5.7195723e-01
 -3.8544071e-01
  1.0729890e+00
 -2.4475734e-01
 -6.7537963e-01
 -6.9288772e-01
 -1.2354134e-01
  2.5490410e+00
  5.2310389e-01
 -3.1879818e-01
 -1.1344330e-02
 -1.6200151e-01
 -9.5429167e-02
 -3.7192374e-03
  3.6084864e-01
  1.1403553e+00
  1.2311174e-01
 -3.7221216e-02
  6.4282632e-01
  9.0924644e-01
 -7.6061231e-01
  7.0485681e-02
 -4.7036731e-01
  4.3901309e-01
 -1.1814737e-01
  1.8515220e+00
  6.1603111e-01
 -1.9041400e-01
  1.7201701e-01
 -5.2704453e-01
 -5.1396128e-02
 -6.6956513e-02
 -5.8695853e-01
  7.7265775e-01
  8.4337896e-01
 -3.7189167e-02
  2.0215951e-01
  2.1362193e-01
  4.7355226e-01
  3.4157538e-01
  4.4270918e-01
 -4.4321221e-01
  1.8644713e-01
  2.1239601e-01
  4.4782671e-01
 -1.9791968e+00
  3.2164070e-01
 -1.6858418e-01
  2.4600275e-01
  2.6454481e-01
 -1.1357963e+00
 -5.6434548e-01
 -4.8461449e-01
 -6.2628502e-01
 -4.0233171e-01
 -1.4795388e+00
  3.7673304e+00
 -1.8440934e+00
  2.4828422e-01
 -9.0043724e-01
 -2.1557130e-01
  6.7273378e-01
 -1.0906211e+00
  3.3667070e-01
  6.8584442e-01
 -3.1238121e-01
 -3.6368799e-01
  3.0314228e-01
 -8.7849027e-01
  2.2938583e+00
  8.0708188e-01
  1.2649857e-01
  2.4723125e+00
 -1.6409975e-01
 -8.2884169e-01
 -3.3189809e-01
  2.2568774e-01
 -5.4628980e-01
  1.3704288e-01
  1.7747069e-02
 -2.9369929e-01
  1.1763530e-01
 -1.7745665e-01
  1.3358413e-01
  1.6816622e-01
  1.1468642e+00
  8.0333436e-03
  7.1140343e-01
  6.6454685e-03
  4.7464052e-01
 -1.3493238e-01
  4.2290190e-01
 -5.5609345e-01
  1.0136684e-02
  6.3733712e-02
 -1.2279522e-01
 -2.9222375e-01
 -2.5360823e-01
  1.5617178e-01
 -7.8978550e-01
  7.7886140e-01
 -3.2288790e-01
  5.5810702e-01
 -3.0085754e-02
 -9.1359204e-01
  2.4974474e-01
 -2.8543591e-01
 -1.5129693e+00
 -1.1465251e+00
 -3.7532654e-01
 -1.5958239e+00
  7.0545304e-01
 -2.8767022e-01
  3.3856598e-01
  7.1823794e-01
 -1.2424587e+00
  8.1752640e-01
  1.2491893e+00
 -4.6244913e-01
  3.2100680e-01
  1.1714984e+00
  1.5420736e+00
  2.2152992e-01
  4.9403700e-01
  4.9634719e-01
 -4.7503689e-01
  1.8207873e+00
 -1.8690535e+00
  2.0342192e-01
 -6.0551703e-01
 -2.2104785e-01
  4.5257056e-01
  2.4493191e-01
 -1.1398587e+00
 -4.8255801e-01
 -5.0807256e-01
 -8.9336228e-01
 -4.3160315e+00
 -1.2962916e+00
 -2.6986125e-01
 -4.7463775e+00
  9.9208623e-01
 -4.1175810e-01
 -1.0641000e+00
 -1.2471724e+00
  2.8820655e-01
  1.3861274e+00
  1.5341535e+00
  2.0680667e-01
 -1.3735245e+00
  1.0937373e-01
  1.1975981e+00
  6.5331888e-01
  1.0153996e+00
  1.4878966e-01
  1.8358254e+00
  4.4562989e-01
  2.4489710e+00
  1.7442747e+00
 -6.8664908e-01
 -4.3260012e+00
  1.7911303e+00
  1.4843294e-01
  1.5302114e-01
 -5.2427071e-01
  6.4028782e-01
 -1.7372103e-02
  4.9151883e-01
  1.8202024e+00
  1.0500697e+00
 -2.6810661e-01
  2.7129930e-01
  3.8321680e-01
 -9.6791558e-02
 -4.5876127e-01
 -3.3013874e-01
 -9.6265543e-01
 -1.1078053e+00
  5.7729214e-01
  4.6977329e-01
 -3.7798339e-01
 -2.6355779e-01
 -5.5829769e-01
 -4.7581155e-02
 -3.1495509e-01
  8.0755764e-01
 -8.6041534e-01
 -7.3107434e-03
  6.8718755e-01
 -3.5062313e-01
  1.8579058e-01
  4.5185849e-01
 -4.1818854e-01
  1.2888369e-01
  3.3788204e-02
  2.2364777e-01
  8.3965026e-02
 -5.8202535e-01
 -3.3047533e-01
  2.9368658e+00
  2.2076336e-01
  7.1323234e-01
 -5.3813271e-02
  4.5153445e-01
 -3.8700670e-01
 -1.3336359e-01
  2.9975078e-01
 -7.7605069e-01
  1.6825503e-01
  1.0704397e-01
 -1.2419070e-01
 -4.0291208e-01
 -2.8603441e-01
  1.4075750e+00
  5.6562436e-01
  4.7916412e-01
  3.0114010e-01
 -3.8733818e-02
 -8.9929089e-02
 -2.1785149e-02
  6.9571906e-01
  4.1576871e-01
 -1.2579803e+00
  1.8081167e+00
  3.4623034e-02
  6.4800560e-02
 -1.7728928e-01
  1.4961827e-01
 -1.8485510e-01
 -2.9728678e-01
  2.5605905e-01
 -5.6447223e-02
  2.2045964e-01
 -2.7034524e-01
 -5.3379136e-01
  1.4651480e-01
 -1.6397503e-01
 -3.6916140e-01
  4.8658359e-01
 -6.2848055e-01
  2.7984135e+00
 -1.7137527e+00
 -1.8751551e-01
  1.4740878e+00
 -1.0264174e+00
 -4.2350972e-01
 -2.6992851e-01
  7.7292103e-01
  1.2071154e+00
 -5.1208556e-01
  4.3794751e+00
 -1.5098137e-01
 -4.6384731e-01
 -2.9043534e-01
 -1.1246947e+00
  6.9968164e-01
 -1.0459197e+00
  2.5502505e-02
  2.5496346e-01
  4.8038045e-01
  3.4373602e-01
 -3.6038557e-01
 -4.9121162e-01
  1.0174903e+00
 -6.2246668e-01
 -2.8483269e-01
  1.4626241e-01
 -3.1442651e-01
  4.8164101e-03
  4.7555181e-01
 -2.4861895e-01
  1.2262200e+00
 -2.1807574e-01
  1.4446060e-01
  2.5324544e-01
  1.2665254e-01
  1.8319716e-01
 -5.7828021e-01
 -8.7597191e-02
  3.5142177e-01
 -4.1867620e-01
  1.3479520e-01
  5.1522338e-01
 -7.6137799e-01
 -1.1213646e-01
 -1.5763710e+00
  5.6048656e-01
 -8.3431071e-03
  3.9997107e-01
  9.5273781e-01
  6.3290226e-01
  7.4286330e-01
  1.4179810e+00
  3.1711015e-01
  7.2740716e-01
 -4.8687804e-01
 -2.6518321e-01
  2.3949081e-01
  1.1267006e+00
 -3.2538223e-01
  1.9021243e+00
  2.6150700e-01
  4.1525039e-01
  3.1537208e-01
  1.5223098e+00
 -1.7058386e-01
  9.3582028e-01
 -4.3042192e-01
 -8.2378203e-01
  5.2935493e-01
  5.9260935e-01
  1.6684575e-01
  6.9544092e-02
  2.4834979e-01
 -4.6893531e-01
  5.2308607e-01
 -5.0230438e-01
  3.5704695e-02
  2.7445444e-01
  1.8948977e-01
  9.7540396e-01
  1.6637637e-01
  4.7985756e-01
 -1.8696907e+00
  4.5522457e-01
  3.0875808e-01
  6.2208466e-02
 -1.5307990e-01
 -1.8206851e+00
  3.4767587e-03
  2.1400120e+00
 -3.3654371e-01
 -2.5111365e-01
 -3.7467611e-01
 -6.7143399e-01
  1.6085353e-01
  3.3304012e-01
  3.5775948e-01
 -5.0578803e-01
 -1.6530246e+00
  7.1040571e-01
 -6.5752560e-01
  1.5715820e-01
  1.0402517e-02
  2.7514514e-01
  1.2128831e+00
  5.7106483e-01
  6.6847606e+00
  1.8005666e+00
 -1.7682538e+00
  5.4064272e-03
  4.3629038e-01
 -4.5360494e-02
 -2.1773474e-02
  8.0915093e-01
  7.0407408e-01
  1.9461192e+00
 -7.0337099e-01
  1.5468282e-01
  8.1184512e-01
  3.1865858e-02
 -3.1245506e-01
 -5.7017964e-01
 -3.0683363e-03
  1.0754173e-01
 -8.6264677e-02
 -1.8672898e-01
  5.9864897e-01
 -3.9111948e-01
  5.5571634e-01
  2.9579657e-01
 -2.0076957e-01
  4.0011817e-01
 -7.5196341e-02
 -3.2253462e-01
  9.2216335e-02
 -7.5808752e-01
 -9.7725326e-01
 -9.7296959e-01
 -1.0466578e+00
 -1.1798246e+00
  1.2690043e+00
 -1.3253680e+00
 -2.0301241e-01
  4.5317122e-01
 -2.7633920e-01
 -3.1074587e-01
 -6.4269054e-01
 -8.0209070e-01
 -4.4027513e-01
  2.6370868e-01
 -1.1735786e-01
 -2.0443535e+00
  3.6244896e-01
 -7.4681848e-01
  4.3064350e-01
 -8.0674970e-01
 -2.5884778e+00
  1.0726959e+00
 -1.6636399e+00
  8.4330177e-01
  1.7399193e+00
  1.7454755e-01
  6.6308305e-02
 -4.8897099e-01
 -1.0806601e+00
 -8.2671314e-02
  1.0893128e+00
  3.0049849e+00
  1.3700827e+00
  6.9205052e-01
 -1.4358499e+00
 -7.9233766e-01
  5.2761629e-02
 -8.4294456e-01
  3.7267774e-01
 -1.5919580e+00
  1.0373445e+00
 -2.7857959e-01
 -2.0299135e-01
 -2.7134262e-02
 -5.9275800e-01
 -6.5949285e-01
 -6.6564006e-01
 -1.4383845e+00
 -8.6022186e-01
 -6.6672593e-01
 -3.4929669e-01
  1.0371580e-01
 -5.6439364e-01
  1.3256504e-01
  5.6139326e-01
 -3.6141768e-01
 -9.6019208e-01
  6.4347950e-03
  9.3572682e-01
 -7.8755009e-01
  8.9643598e-02
  8.5293546e-02
 -3.7367231e-01
 -5.6044149e-01
  8.1180543e-01
 -2.4780145e-01
  9.7263855e-01
 -3.4185246e-01
 -2.3224857e-01
  6.0440108e-02
  2.4091740e+00
  8.6078507e-01
  1.5155615e-01
  7.4203831e-01
 -8.7365285e-02
 -4.9082732e-01
  5.8636320e-01
  3.1906676e-01
  4.9472705e-01
 -8.8936329e-02
 -1.3813995e-01
 -7.2122794e-01
  1.5981153e-01
  1.1640772e-01
 -5.1820368e-01
 -9.4463617e-01
 -5.0130671e-01
  4.3723434e-03
  9.8481894e-02
 -1.7242569e-01
 -2.2767912e-01
  1.8459163e+00
  1.8002819e+00
 -1.0529649e+00
  7.9034364e-01
  3.4203631e-01
 -2.0367347e-01
  1.1441026e-01
  1.0403374e+00
  1.0743693e-02
  7.4243265e-01
  6.6938066e-01
 -5.2132297e-01
  2.4624880e-02
 -1.3819311e-02
 -8.7698203e-01
  7.5562811e-01
  1.7587820e-01
 -5.6345552e-01
  7.1796787e-01
  3.9777926e-01
 -1.7497627e-01
  4.5318878e-01
 -6.0841477e-01
 -3.3909312e-01
 -2.2434917e-01
 -6.9045857e-02
 -5.6190079e-01
  6.8848677e-02
 -2.1237183e-01
 -8.1909403e-02
 -1.0062943e+00
  2.3425572e+00
 -1.2733366e-01
  6.8652475e-01
 -1.5207435e-01
  6.7804116e-01
 -1.0791466e+00
 -2.2500187e-01
  1.3142796e+00
 -6.1702895e-01
  2.4594394e-02
 -5.3544652e-01
  4.6871135e-01
  3.3650658e-01
  5.9099019e-01
 -1.1367165e-01
  9.1628671e-02
  1.5386909e-01
 -4.7399733e-02
 -1.0828776e-01
 -2.0709483e-01
 -1.2758137e+00
 -2.1651153e-01
 -2.3698552e-01
 -1.0052983e-01
  6.3030392e-01
  1.0389435e+00
  7.7091819e-01
  1.2516565e+00
 -6.9817014e-02
  1.3309082e+00
 -3.0539083e-01
  3.5903320e-01
  2.7452520e-01
  1.2393375e-01
 -1.7384186e-02
 -1.8867862e-01
  9.1960669e-02
  1.3975763e-01
  1.2880942e-01
 -5.6136858e-01
 -4.9046945e-02
  8.3615333e-01
  6.7555660e-01
 -1.2570007e-01
  1.0209900e+00
  4.0306419e-01
 -3.2237712e-01
  1.0824259e-01
 -2.9423517e-01
 -1.6782959e-01
  2.0995629e+00
 -7.9264736e-01
  1.8675692e-01
 -3.7082401e-01
  3.8642447e-02
 -1.7364524e-02
 -6.2871113e-02
  3.8709125e-01
  1.8093471e-01
 -5.1428825e-01
 -1.0520866e-01
 -1.2290235e-01
  9.0753198e-02
 -1.3771240e-01
 -9.9135125e-01
 -1.0518931e-01
 -2.6386905e-01
  5.8656514e-02
 -9.7990811e-01
  5.6535728e-02
  1.8825801e-01
 -1.9040641e-01
  1.1617271e-01
  3.1031348e-02
 -5.9716988e-02
 -7.1554357e-01
  5.6162292e-01
  2.0317905e-01
  5.3518534e-01
  4.1302972e-02
 -2.2433057e-01
  3.2496628e-01
  2.9096484e-01
 -5.4587263e-01
 -4.1875631e-01
 -7.5269490e-01
 -3.1417671e-01
  2.1975383e-02
 -6.0291129e-01
 -1.7395707e+00
 -3.8576406e-01
 -1.1553195e+00
 -6.1342537e-01
  8.5362092e-02
 -7.1092594e-01
  1.3586247e-01
 -1.2340792e+00
 -3.9341033e-01
 -5.2510720e-01
 -6.0483042e-02
  1.0733364e+00
 -4.3334523e-01
  8.2264298e-01
 -5.3401035e-01
  8.1026435e-02
  1.3201573e+00
  1.1225240e+00
 -8.3990151e-01
  4.5566447e-04
 -1.2106138e-01
  3.6955041e-01
  8.4128630e-01
 -1.8003932e+00
  1.0465472e+00
 -2.2729855e-02
 -3.5380751e-01
  8.5516579e-02
  2.4311611e-01
  6.4354926e-02
 -4.1910821e-01
  1.6498648e-01
 -3.0501422e-01
 -2.9310080e-01
 -7.8451371e-01
 -4.5528200e-01
  2.4484487e-02
  5.2715033e-01
 -3.8221705e-01
  7.5435936e-01
  1.5709258e+00
  1.1263981e-01
 -9.7455132e-01
  7.7045071e-01
 -4.4593102e-01
  2.5669885e-01
 -1.8760204e-02
 -2.0731382e-01
 -8.2715476e-01
  2.6980611e-02
  1.8190701e-01
  6.7907628e-03
  7.6121733e-02
  3.3295104e-01
  2.6129428e-01
  3.3472831e+00
 -4.8415926e-01
 -6.0260922e-02
  4.7539163e-01
  9.5441798e-03
  1.0009094e+00
  7.5480241e-01
 -1.5469661e-01
 -3.6636078e-01
  4.5864367e-01
 -8.8613585e-02
 -1.3775556e-01
 -1.3739537e-01
  1.0592725e-01
  1.2671319e+00
  3.7150201e-01
  1.1844207e-01
  3.1617570e-01
  3.6994359e-01
 -4.0443966e-01
  3.7470445e-01
 -8.1921601e-01
 -9.5082343e-01
  4.1705232e-02
 -1.3490421e+00
  9.0396988e-01
 -4.3556958e-01
 -1.8178476e-01
 -2.8657961e-01
 -1.8261833e-02
 -4.6821001e-01
 -1.3763218e+00
  2.9658443e-01
 -2.5951508e-01
 -1.7369033e+00
 -9.0813518e-01
 -4.4280893e-01
 -2.7667375e+00
  1.2923069e-01
 -9.6973437e-01
  2.3471248e+00
 -8.9760566e-01
  8.9531088e-01
  9.4888583e-02
  1.6817737e+00
  2.9552827e+00
 -8.7216593e-02
  3.2672286e-01
 -2.3836907e-02
  9.2263162e-01
  5.3988252e-02
  1.1628065e+00
 -1.1595506e-01
  1.3924864e-01
  2.1907566e+00
  1.3392351e+00
  1.6933557e+00
 -1.8574313e+00
  1.1196537e+00
 -2.5106579e-01
 -1.1630400e+00
  8.3843029e-01
 -1.5728167e+00
 -8.5437804e-01
  1.6102055e-01
  1.6047407e-02
  1.0981843e+00
  4.8558253e-01
 -8.0447316e-01
  8.0687273e-01
  1.1417769e-01
 -3.6581254e-01
  1.1950607e+00
 -2.0857643e-01
  1.1944178e-01
 -3.2184604e-01
 -1.2964782e-01
 -1.1687518e+00
 -8.4542334e-01
 -1.1143398e-01
 -9.1601205e-01
  1.3003261e-01
  3.2075673e-01
 -6.2459660e-01
  2.6022550e-01
 -5.7176769e-01
  1.5287042e-01
 -4.0311232e-01
  8.9006281e-01
  8.2877301e-02
  2.8381813e-02
 -3.1015133e-02
  1.2902085e-01
  2.9168272e-01
 -1.1071150e+00
 -8.8639414e-01
 -5.7156640e-01
 -4.5457444e-01
  2.7882069e-01
 -1.2286168e-01
  6.2561637e-01
  7.9997283e-01
  2.4333951e-01
 -3.3813381e-01
  1.0685885e+00
  9.3911421e-01
  1.0969305e-01
  5.2071548e-01
 -5.8240000e-02
 -2.7260688e-01
  5.5141789e-01
  6.6140279e-02
 -6.0144883e-01
  1.6164696e-01
 -5.3106117e-01
  3.5009027e-01
  9.6629518e-01
 -3.7345240e-01
  8.0013865e-01
  8.2909174e-02
  4.3303266e-01
 -3.4813082e-01
  3.2530448e-01
  6.9090754e-01
  1.2503852e+00
 -3.6196221e-02
  4.3313628e-01
  6.5701789e-01
 -4.0371594e-01
 -1.6729118e-01
 -9.9879742e-02
 -6.3476813e-01
 -3.8689631e-01
 -1.2206255e+00
  1.1977962e+00
 -1.7347531e-01
  5.5476928e-01
  1.7339379e+00
 -4.9498174e-01
 -2.7051172e-01
  3.7757590e-02
  4.6324542e-01
 -2.1653806e-01
  3.9130700e-01
 -2.5060517e-01
 -2.8091621e-01
  6.3839364e-01
  4.4310442e-01
 -1.3948582e-01
  1.2627405e-01
 -7.4142981e-01
  2.1860454e+00
  1.4954729e-01
  8.8536143e-02
  6.6232228e-01
 -1.2025975e-01
  1.6218437e-01
  3.4834195e-02
 -1.0111395e-01
 -6.7121553e-01
  2.2834155e-01
 -9.6335185e-01
 -2.4701729e-02
  6.3184893e-01
 -9.7330153e-02
 -7.3120779e-01
  1.2404686e-01
  5.4325873e-01
  4.4793421e-01
  6.6204101e-01
  4.5155007e-01
  3.2926512e-01
 -8.7230481e-02
 -3.2611662e-01
 -2.2427252e-02
 -3.8734511e-01
 -2.4959933e-02
 -1.1196287e+00
  1.0060478e-01
  1.8649682e-01
 -8.3524323e-01
 -3.5176572e-01
  6.3641292e-01
 -6.6922836e-02
  1.6170764e+00
 -2.9561847e-01
 -9.7118670e-01
 -4.1092420e-03
 -2.6938999e-01
 -6.9171542e-01
 -3.0720675e-01
  7.6564336e-01
  5.8560467e-01
 -5.4196405e-01
 -1.5757219e+00
 -9.8791504e-01
 -1.9428618e-01
 -2.5687799e-01
  3.0458346e-01
  1.4122720e+00
 -2.7879092e-01
 -6.8927157e-01
 -1.2480322e-01
  2.9531085e-01
 -9.9153954e-01
  2.9500771e-02
 -6.8742132e-01
 -1.4725168e+00
 -9.0109460e-02
  5.7321680e-01
 -4.0335172e-01
 -2.6072362e-01
 -9.1857290e-01
 -1.5867714e+00
  3.4341103e-01
  6.5480089e-01
  6.8604648e-01
 -2.3630673e-01
 -1.4591618e+00
  1.2273069e-02
 -8.8430099e-02
 -2.0123133e-01
 -2.5560689e-01
  6.0638785e-01
  1.2016590e+00
  1.0385941e+00
 -1.2832606e-01
 -1.7361361e-01
 -6.7931825e-01
  8.5585082e-01
  1.0433993e+00
 -5.2255738e-01
  2.6091027e-01
 -9.1432911e-01
  1.0252455e-01
 -2.9864082e-01
 -5.4448634e-01
 -7.0785546e-01
 -2.0419165e-01
 -9.2295408e-03
 -1.7391934e+00
 -5.2156770e-01
 -1.3893960e+00
  1.5614368e-01
 -4.4562715e-01
  8.2607836e-02
 -1.6616567e+00
 -6.9062001e-01
 -6.1794323e-01
  6.3232791e-01
 -2.0032009e-01
 -5.6173090e-02
  1.0805057e+00
 -4.3102750e-01
 -8.4247783e-02
  5.6120872e-01
 -1.5263790e+00
  3.7309036e-01
  8.2235479e-01
 -8.0693680e-01
 -3.7004226e-01
  4.6155831e-01
 -9.2807792e-02
 -2.7377462e-01
  7.9841025e-02
  1.6188657e+00
  6.0291386e-01
  1.0623499e+00
 -6.6238946e-01
 -7.4245125e-01
  1.9442132e-01
 -6.0361958e-01
  1.9566293e-01
  3.8259751e-01
 -8.2925051e-01
 -1.6728121e+00
 -1.8787935e-01
 -5.8340955e-01
  1.2411412e+00
  1.4021846e+00
 -2.1851690e+00
  2.9781978e+00
  1.1816288e-01
 -2.3747396e+00
  1.3195796e+00
  3.1713262e+00
 -4.5471472e-01
  2.3817322e+00
  1.6298130e-01
 -9.2669243e-01
  6.6327387e-01
 -1.0081267e+00
 -1.1276832e+00
  2.2534156e+00
  8.2331377e-01
 -1.8572791e-01
 -2.6195605e+00
  4.1419196e+00
 -2.0889196e+00
 -5.3315043e-01
 -5.7493562e-01
 -1.0974531e+00
 -4.2013630e-01
  6.8419617e-01
 -2.5884140e-01
  2.2679056e-01
  1.1057023e+00
  6.5981102e-01
 -1.1479846e+00
  3.9349252e-01
 -2.4064779e-01
 -5.1524092e-02
  5.9109223e-01
  1.6943105e-01
  2.2027293e-01
  1.3902655e-01
  6.7691690e-01
  1.6976806e+00
  3.7029102e-01
  5.5693891e-02
  3.3691384e-02
 -4.6328068e-01
 -4.0914676e-01
 -2.7549544e-01
 -9.4477397e-01
  3.1457829e-01
 -2.5073200e-01
 -1.1711509e+00
 -7.1301842e-01
 -1.1981037e+00
 -6.2377864e-01
 -2.5384843e-02
 -6.1519283e-01
  1.3075458e-01
  1.0067438e-01
 -3.3922836e-01
  7.8857504e-02
 -1.9703762e-01
 -2.4368141e-02
 -5.1471621e-02
 -1.7352131e-01
  4.9142167e-01
  1.0055870e+00
 -6.9171898e-02
 -2.9603848e-01
 -2.8594422e-01
  6.3039953e-01
  8.2502323e-01
  3.2133323e-01
 -3.3896226e-01
 -8.2243420e-02
 -5.6600481e-01
  6.2959537e-02
 -1.1311333e+00
  4.1096669e-01
 -3.1217453e-01
 -4.5453382e-01
  1.9619120e-03
 -1.0275021e-01
 -3.5895535e-01
  1.6394749e+00
 -5.7208773e-02
  9.8062485e-02
 -3.1254417e-01
 -1.6421659e-01
 -4.1293514e-01
  1.6420195e-02
 -6.4901751e-01
  2.0528118e-01
  1.5953727e-02
  7.7554211e-02
  1.6575670e+00
 -4.7700417e-01
 -2.9225755e-02
 -7.4528009e-01
 -1.8506855e+00
 -8.4033841e-01
  1.4520923e+00
 -2.1675840e-01
 -1.2009721e+00
 -3.1343982e-01
 -1.5523311e-01
 -4.1789305e-01
  4.4404867e-01
 -1.1563449e-01
 -4.1849747e-01
  5.3413600e-01
 -1.8628034e-01
  7.1612066e-01
  4.4155735e-01
  1.7493715e+00
 -9.7064543e-01
 -4.5700160e-01
 -3.9927679e-01
 -8.7155676e-01
 -5.1882613e-01
 -3.9304674e-01
 -5.2001035e-01
  1.0247390e+00
  4.3765228e-02
  1.1785354e-02
  6.4548004e-01
  3.8445154e-01
 -9.9638980e-03
  2.5131753e-02
 -1.6536093e+00
 -3.5436830e-01
 -1.4920350e+00
  5.1641399e-01
 -1.4181861e-01
  1.7548977e-01
 -3.5187986e-01
 -1.2291374e+00
 -2.3820411e-01
 -8.3534992e-01
  2.5193179e-01
 -3.8206556e-01
  8.1171757e-01
 -3.6539492e-01
 -9.5712654e-03
 -1.1888044e+00
  1.2656361e-01
  7.0133573e-01
  1.1954887e-01
 -4.5790207e-01
  9.0772472e-02
  3.4000161e-01
  1.1004707e-01
 -3.9976749e-01
 -1.9488585e-01
 -4.3768537e-01
  1.2230214e-01
 -6.1804974e-01
  1.6470671e-01
  9.3995214e-02
  5.1176304e-01
  5.4736561e-01
  1.0374742e-01
 -3.9870024e-01
  1.1781741e-01
  9.7019786e-01
 -5.8456343e-01
 -1.3092957e-01
  4.7893280e-01
 -6.6111135e-01
  5.7405651e-01
 -4.3925032e-01
 -1.6551609e+00
 -3.7689358e-01
 -7.7091086e-01
  4.9766606e-01
  9.2442296e-02
  2.2505814e-01
 -1.6641659e-01
 -2.2754951e+00
  1.8603736e+00
  1.2783740e+00
  1.3669312e+00
  4.6924400e-01
  7.9774845e-01
 -4.2136765e-01
 -2.1396992e+00
  2.9425251e-01
  4.5249170e-01
 -1.5890586e-01
 -3.2854943e+00
  1.2892364e-01
  1.8692060e-01
  7.2863209e-01
  8.7439120e-02
  2.6695403e-01
 -3.2025960e-01
 -3.7717268e-01
  2.0219955e+00
 -3.3099357e-02
 -4.2704636e-01
  3.8421804e-01
  1.9168279e+00
  3.6289117e+00
  1.1035918e+00
 -1.0420710e+00
 -1.4156778e+00
  6.9008899e-01
 -2.0298161e-01
  1.7927704e-02
 -1.0956354e+00
 -9.9561453e-01
 -2.1866365e-01
  2.4872571e-01
  1.8221144e-01
 -1.5555722e+00
  2.9967973e-01
 -1.0102220e+00
 -7.3005602e-02
 -4.1388154e-01
 -3.6369756e-01
  8.7196457e-01
  1.3476422e-01
 -6.4716488e-01
 -7.6657933e-01
  6.8364209e-01
 -1.2056266e+00
  9.4467890e-01
  1.0906117e+00
 -1.9972120e-01
  4.0715164e-01
  7.2092402e-01
  3.6785597e-01
 -1.7821079e+00
  1.5062189e-01
  3.9671838e-01
  1.6137180e-01
  2.9815811e-01
  9.5469224e-01
 -9.4196826e-01
 -5.8068073e-01
  3.3703578e-01
  3.0896538e-01
 -2.0994663e-01
  4.1146141e-01
  7.1844673e-01
 -4.9708995e-01
  9.1003656e-01
  1.0841269e+00
  5.5568331e-01
  8.5864663e-01
 -1.9388491e-01
 -9.9969953e-02
 -1.8150771e-01
  6.6879588e-01
 -5.3279245e-01
 -1.6819447e-01
  1.3404175e+00
 -1.6835928e-01
 -1.2879534e-01
 -9.6100509e-01
 -2.1417258e+00
  1.5960350e+00
 -6.2929273e-02
 -4.0131480e-01
  1.8303621e+00
  2.5686088e-01
  3.1343016e-01
  1.9791745e-01
 -5.8351189e-04
 -3.4046013e-02
 -4.5153692e-01
 -7.9923052e-01
 -1.9888297e-01
 -8.5131608e-02
 -1.0980818e+00
 -1.5162802e-01
  3.6066106e-01
  3.9226255e-01
 -1.4417014e-01
  1.2453172e+00
 -2.6240692e-01
  1.8791369e-01
 -6.9178808e-01
  1.8433122e-01
  1.3829522e-01
  9.0999305e-02
  1.4957038e-01
 -5.1833283e-02
 -1.3266729e+00
  2.1550379e+00
  5.9601712e-01
  2.2405379e-01
 -8.5869330e-01
 -2.1036360e-01
  3.3520305e-01
  9.2984074e-01
  7.1984478e-03
 -3.5597122e-01
  1.9073015e+00
  4.2293491e+00
  2.6259778e+00
 -4.4002217e-01
  7.6701790e-01
 -4.1979811e-01
 -4.8417056e-01
  4.6596989e-01
 -1.6496564e+00
 -1.0327639e-01
 -1.3726798e+00
  1.2016720e-01
 -1.3816432e+00
 -1.0168318e+00
  8.4303468e-01
  5.6206131e-01
 -8.2805204e-01
 -5.4217905e-01
  6.1428372e-02
  2.8530952e-01
 -7.5341441e-02
 -1.5498590e-01
 -9.5531099e-02
  3.4888646e-01
 -5.9836519e-01
 -3.8645007e-02
 -9.7326314e-01
  3.5854688e-01
 -3.7368643e-01
  6.5343954e-02
  9.4741130e-01
  6.7735553e-01
 -2.9449156e-01
 -3.4333399e-01
  2.2499697e+00
 -1.9948265e-01
  1.6783644e+00
  1.3573145e+00
 -1.0900329e+00
 -4.6635595e-01
  4.4751498e-01
 -7.0884490e-01
 -2.5241761e+00
 -2.1430540e+00
 -9.4770002e-01
 -4.4306827e-01
  1.1982886e+00
 -3.5452807e-01
 -5.0289714e-01
  8.8409692e-01
 -1.8520071e-01
 -9.7329788e-02
  5.6798881e-01
 -3.2507864e-01
 -3.7265849e-01
  4.9346587e-01
 -5.3738701e-01
 -1.1670153e-01
 -2.1738085e-01
 -4.7486030e-02
  2.7415431e-01
 -7.9577535e-02
 -3.8080314e-01
 -6.9310870e-03
  7.0125103e-02
 -3.0659347e+00
 -2.2440504e-01
  1.2800890e-01
  8.5853952e-01
 -1.5725795e+00
 -3.4221941e-01
  1.0368819e+00
  6.6070622e-01
  6.3903207e-01
 -9.3612021e-01
  1.7474598e+00
 -2.0933828e-01
  2.0580915e-01
 -1.1278159e-01
 -8.9000069e-02
 -5.6393919e+00
  5.0798001e+00
  2.2474427e+00
 -1.0635418e+00
 -1.7104508e+00
  1.1035891e+00
  4.6369946e-01
 -2.8878686e-01
  4.1743794e-01
 -3.8444266e+00
  3.4300268e-01
  1.1815622e+00
  6.8625849e-01
  3.6236510e-01
 -1.9631903e-01
 -7.9084980e-01
 -6.1110872e-01
 -6.8990183e-01
  1.7558929e+00
 -1.9187371e+00
  3.1014581e+00
  1.0972440e+00
 -8.2803898e-02
 -1.0964861e-01
 -4.1201439e-01
 -3.7922089e+00
 -5.9209472e-01
 -1.5696480e+00
  2.5177863e+00
 -8.9325190e-01
 -1.4396471e+00
  7.6674962e-01
  1.7928761e+00
  4.4878638e-01
 -1.8259580e+00
  3.1784456e+00
  5.6245905e-01
 -9.8449022e-01
  3.2103400e+00
 -9.1731042e-01
 -3.0591893e+00
 -5.4684228e-01
 -4.3461809e+00
  2.3971233e-01
  4.7348216e-01
  1.4722320e-01
  3.2159746e+00
  1.8129489e+00
  1.5287256e+00
 -5.2266359e-01
 -8.9193386e-01
  1.3298044e-01
  1.4393371e+00
  6.2862259e-01
 -7.7301741e-02
 -3.6995986e-01
 -1.4459994e+00
 -2.6730093e-01
 -2.9345574e-02
  9.3344337e-01
 -2.7532041e-01
 -8.3287954e-01
 -5.9507634e-02
 -4.5003745e-01
 -7.6294553e-01
 -6.5999389e-01
 -1.9192614e-01
  7.3526308e-02
 -1.5835931e+00
  7.3145390e-02
  5.2147162e-01
 -1.1214801e+00
 -9.9617487e-01
 -1.0278321e-01
 -4.9704131e-01
 -7.6543823e-02
 -1.8314126e-01
 -6.7055571e-01
 -1.0521141e+00
 -4.6098968e-01
 -8.7449327e-02
  9.5199853e-02
  8.5521750e-02
 -1.6427173e-01
  7.8925627e-01
 -2.7343726e-01
 -5.4875219e-01
  4.9869604e-02
 -3.2051286e-01
 -5.4227197e-01
 -1.7921907e-01
  1.5148556e-01
  1.3567050e-01
  1.9082493e-01
  3.5254568e-01
  2.9495081e-01
  2.4963164e-01
  4.7563484e-01
 -1.8792266e-01
  1.0639770e+00
  4.9646318e-02
  1.1356175e+00
 -7.8829877e-02
  2.6921439e-01
  4.3832183e-01
  8.9289211e-02
 -5.9156440e-02
  5.5542314e-01
  1.9534943e-01
  6.2058979e-01
  5.1283751e-02
  4.5364848e-01
  3.9121103e-02
  3.1587441e-02
 -7.1419728e-01
  7.1698463e-01
  4.1566294e-01
 -6.4874236e-03
  2.1374838e-01
 -1.0965145e-01
 -4.8799717e-01
  2.5777094e-02
 -4.2760170e-01
 -7.5185215e-03
  1.7249258e-01
  5.9848726e-01
  3.1455341e-01
 -3.5930011e-01
 -1.6130032e-01
 -1.5794887e-01
  2.2791111e-01
 -4.0635282e-01
 -2.2663803e-01
 -3.2228494e-01
  3.3726802e-01
 -1.8074350e-01
  5.6649250e-01
 -2.4609311e-01
 -3.2938772e-01
  3.2581684e-01
 -2.4111129e-03
 -7.2901331e-02
 -5.9166187e-01
  5.9091920e-01
 -4.4179225e-01
 -4.9969789e-01
 -8.3172536e-01
  8.2099557e-01
 -2.5711617e-02
 -1.3683601e-01
 -2.3741109e-02
  1.1424381e+00
 -4.5744133e-01
  4.8301193e-01
 -9.2826867e-01
 -2.3835707e-02
  4.3949530e-01
 -1.3348523e-01
  1.0375524e+00
 -1.1907635e+00
 -1.8603408e+00
 -1.3087071e-01
 -2.1592666e-01
 -4.6298730e-01
 -9.5400494e-01
 -3.6876168e-02
 -9.7401641e-02
  7.2594666e-01
 -9.7155291e-01
  6.3904238e-01
  2.7842751e-01
 -3.2740763e-01
  1.8926203e-01
  2.7402654e-02
  5.7528462e-02
  3.9884258e-02
 -3.3037239e-01
  2.7642885e-01
 -1.0651353e-01
 -6.6517407e-01
 -2.1755219e+00
 -4.9597988e-01
 -2.2186558e+00
  1.2162904e-01
 -1.6779825e-01
 -1.3968453e+00
  2.4169654e-01
 -4.0452690e+00
  8.4626633e-01
 -5.6812748e-02
 -5.0149207e+00
  1.6476270e-02
  1.4412049e+00
 -2.0617797e+00
 -1.1785771e+00
 -2.6142132e-01
  3.8428569e-01
  2.8265744e-01
 -3.9284137e-01
 -4.5944417e-01
  1.3817769e-01
  5.6497061e-01
  1.9532564e-01
  4.2031881e-01
  9.2496341e-01
  1.0348252e+00
  1.0419618e-01
  2.0865556e-03
 -4.5812282e-01
  1.2459629e-01
 -6.7198443e-01
 -1.0551044e+00
 -1.5116100e+00
  1.7256099e-01
  5.8554497e-02
 -4.0889034e-01
  3.6001822e-01
 -2.5770023e-01
  1.5192384e+00
  3.9054153e-03
  7.0521605e-01
 -8.8649565e-01
 -4.5937014e-01
 -3.7615329e-01
  1.8088211e-01
 -2.2922175e-01
 -1.3821286e-01
 -1.4141406e+00
 -2.3180702e-01
 -2.2594565e-01
 -2.0930272e-02
  7.8536320e-01
  2.6551837e-01
  9.2422348e-01
  5.2990651e-01
 -2.9376069e-01
 -7.1231943e-01
 -1.6393965e+00
  7.8950280e-01
 -1.5914233e+00
 -6.4093888e-01
 -1.1493918e+00
 -1.1068810e+00
  4.7156900e-01
 -6.0212547e-01
  5.2688181e-01
 -7.6662368e-01
 -1.8527133e+00
 -6.4405417e-01
 -5.8272421e-01
  1.2062643e+00
 -2.8300128e+00
 -1.0282148e+00
  3.4264243e-01
 -7.8372228e-01
  4.8418394e-01
  3.5775402e-01
  5.5356061e-01
 -4.6091756e-01
  6.4466816e-01
  1.9931880e+00
  8.6799569e-02
  4.3700421e-01
  4.4643578e-01
  2.4031348e+00
  6.3590512e-02
  1.5864182e-01
 -2.1456951e-01
 -2.0316297e-01
 -1.9139096e-01
 -6.6317692e-02
 -1.7536148e-02
  3.2926390e-01
  3.1722136e-02
  4.9914506e-01
  2.8658599e-01
 -3.8854882e-01
 -2.4285263e-01
 -5.9796119e-01
  1.3062358e+00
 -1.8611151e-01
 -2.5131050e-01
  4.1129953e-01
  3.4412706e-01
 -1.3514148e+00
  1.9793135e-01
  2.6327383e-02
 -5.1597494e-01
 -1.2101029e-01
 -4.2708364e-01
  1.6292141e-01
  3.5620600e-01
  1.1497716e-01
  1.4937192e-01
 -1.3414650e-01
 -4.2575103e-01
 -5.9102356e-01
 -6.1980826e-01
  7.2304688e-02
 -9.1894174e-01
 -6.2631506e-01
 -1.7424750e+00
 -6.8238872e-01
  3.5385944e-02
 -9.0866321e-01
 -5.5689996e-01
 -2.1125774e+00
 -8.6770880e-01
  2.3825090e-01
 -1.2420668e-01
  6.3407004e-01
 -6.3906056e-01
 -1.4365770e-01
  7.0978194e-02
 -1.6143130e+00
  5.8940095e-01
 -9.0795374e-01
 -6.3382171e-02
 -3.6886519e-01
 -9.0460658e-01
 -3.5116956e-01
  2.0173146e-01
  2.6699197e-01
 -2.6778221e-01
 -1.9741574e-01
 -7.6740497e-01
 -6.3308626e-02
  7.8995690e-02
 -7.2930807e-01
  1.5169421e-01
  2.3106386e-01
  2.5848892e-01
 -5.3602660e-01
  3.7210065e-01
 -1.0528709e+00
  4.9767876e-03
 -1.3945104e-01
 -4.9958256e-01
  4.9599823e-01
 -1.4620340e-01
 -3.0134261e-01
  1.9623822e-01
 -3.5202634e-01
  5.9790447e-02
  1.0103858e-02
 -5.2563655e-01
  9.7335917e-01
 -1.8135598e-01
 -1.4444740e+00
  4.5676183e-02
 -2.0574258e-01
 -2.1743655e+00
  2.7057769e+00
 -1.3622577e-01
 -1.3873874e+00
 -4.0895104e-01
  1.0818300e-01
  2.7269059e-01
 -5.3612703e-01
  5.0445360e-01
 -3.2010052e-01
 -5.5013335e-01
  8.1441574e-02
 -4.3499779e-02
 -1.5474929e-01
  1.5371498e-01
  4.2910159e-01
  8.2801864e-02
  4.1407645e-01
 -2.0375700e-01
 -2.6518553e-01
 -2.0778136e-01
 -3.5751623e-01
 -3.6292303e-01
 -3.1925413e-01
  2.0839597e-01
 -1.2221571e+00
  1.4384976e-01
 -2.1164645e-03
  1.5853721e-01
 -1.9179317e-01
  2.0330985e+00
 -1.1849467e-01
  5.3624862e-01
  1.0956737e+00
 -6.3217539e-01
  8.3285069e-01
  9.2463613e-02
  1.0209850e+00
 -1.0876720e+00
 -3.5704160e-01
 -9.1336226e-01
 -2.9980984e-01
  1.0017639e-01
 -2.1674609e-01
 -1.4266602e+00
 -5.7823610e-01
 -1.4321434e+00
  2.0775376e-01
 -1.2217463e+00
 -7.6581609e-01
  2.3450600e-01
 -1.5098390e-01
  4.5138165e-02
 -1.3792776e-01
 -5.1866204e-02
 -2.7040794e-01
 -7.9873055e-02
  4.3378124e-01
 -4.7705564e-01
  1.2974435e+00
 -1.5683125e-01
  1.8206920e-01
 -3.3798182e-01
  1.4464045e-02
 -1.4320642e-01
  7.5278622e-01
 -8.9239872e-01
  6.9237727e-01
 -1.1547749e+00
  4.2488521e-01
  2.4098115e-02
  6.1930168e-01
 -2.5399613e-01
 -1.1805837e+00
 -5.7371654e-02
  7.0064906e-03
 -3.1690353e-01
  2.1141720e-01
 -1.0596260e+00
 -2.6366416e-01
  5.3168154e-01
  3.2184154e-01
 -7.3812261e-02
 -2.4528337e+00
 -3.5500643e-01
 -3.1680787e-01
  2.1745749e-01
 -3.2102299e-01
  6.2667650e-01
  7.2504723e-01
  2.1169574e-03
  1.4752613e-01
 -6.9618464e-02
  3.2133558e-01
 -8.2775228e-02
  5.1040316e-01
 -2.5594672e-02
 -3.7353534e-01
  5.7825308e-02
 -3.5580158e-02
  5.3441811e-02
  1.9060935e-01
 -3.6018170e-02
 -7.2338307e-01
 -1.2104706e+00
 -1.3412970e-01
 -3.8002223e-02
 -6.7480034e-01
  4.8716289e-01
  2.7219290e-02
  3.5757169e-01
 -9.2570019e-01
  2.3229916e-02
 -2.7140424e-01
  8.0038124e-01
  1.5873393e-01
 -4.4428581e-01
 -5.1729453e-01
  6.4011283e-02
 -4.5034871e-01
  3.9695606e-01
 -5.0024229e-01
 -3.3060052e-02
  1.7684606e+00
 -1.5551371e-02
  4.0193501e-01
  2.6207942e-01
  6.3310504e-01
  3.8763288e-02
  1.1028142e+00
 -8.7684460e-02
 -2.1155287e-01
 -9.6762353e-01
  2.3928531e-03
  3.4556633e-01
 -3.1216590e-02
  1.7218119e-01
  2.4659382e-01
  8.0917664e-02
  1.0866777e-01
  1.1451147e+00
 -3.8789833e-01
  4.3642819e-01
  8.5768431e-02
  4.2718151e-01
 -4.9955383e-01
 -4.9403097e-02
 -5.6096151e-02
  5.0858237e-02
 -7.6050669e-01
  2.6951975e-01
 -2.7327976e-01
  3.6187628e-03
  8.4802014e-01
  2.4994832e-01
  1.3172010e-01
 -1.2432186e-01
  2.0593491e-01
  2.5396779e-01
  9.1077107e-01
 -1.4986376e-01
  5.6511320e-02
  1.0820881e-01
  1.0193763e-02
 -5.7917818e-02
 -4.0378671e-02
  7.1894515e-01
 -5.1101184e-01
 -3.2779452e-01
  4.8404932e-01
  3.8519695e-01
 -4.5558728e-02
 -2.4623744e-01
 -8.0370545e-02
  6.4768754e-02
 -3.4922811e-01
  5.4717004e-01
 -5.6072748e-01
 -5.9652978e-01
 -7.6020616e-01
 -7.6140314e-01
 -6.6232485e-01
 -5.6765646e-01
 -3.3589575e+00
  2.3277457e-01
 -4.4799794e-02
 -4.3105808e-01
  8.4757231e-02
 -3.5127965e-01
  8.3509552e-01
 -1.5560116e-01
 -2.5740489e-01
  8.1192087e-03
 -7.0844166e-02
  1.0412644e+00
  5.1194215e-01
 -4.0506652e-01
 -8.7086178e-02
 -3.4664679e-01
  1.4500532e-01
  9.6675277e-02
  1.9132917e-01
 -5.4346800e-02
 -1.8281154e-01
  1.2718338e-01
  1.4177904e-01
  1.0365134e+00
 -4.8745692e-01
 -1.9675764e-01
 -7.8165203e-02
 -1.2000686e-01
  1.3314761e-02
 -8.7401813e-01
 -1.3696983e-01
 -3.1887791e-01
  7.2711152e-01
  5.9782118e-01
  4.2008612e-01
  2.3000799e-01
 -1.0333910e+00
 -3.4273248e-03
  1.2820531e+00
  1.8599136e-01
 -1.1907520e-01
 -3.9893076e-01
 -3.3255604e-01
 -3.7038776e-01
  4.5237395e-01
 -2.0545033e-01
  1.8652456e+00
  6.6332358e-01
 -1.7327102e+00
 -8.2288116e-01
  2.1684486e-01
  6.5656770e-03
  1.7223871e-01
 -2.4395956e-01
  7.3207825e-02
  7.8669250e-02
  1.7367426e-01
 -4.0725932e-02
 -1.6032675e-01
 -1.2464460e-01
  2.5364876e-01
 -1.8369401e-01
 -5.0211686e-01
 -6.6510117e-01
  7.8344727e-01
 -6.1650771e-01
 -1.3571562e-01
 -9.4305247e-01
 -7.3289013e-01
  7.7122331e-01
  4.8272154e-01
  3.1208089e-01
 -1.3454264e+00
 -4.9177709e-01
  3.1211874e-01
 -3.0846646e-01
  7.5211835e-01
 -9.2730355e-01
  4.5127138e-01
  5.5066925e-01
  8.8390984e-02
  8.3622858e-02
  9.3399179e-01
  2.3900618e-01
  8.0529404e-01
  2.6288378e-01
 -7.7081281e-01
 -3.6389628e-01
 -4.4935954e-01
 -1.1126522e-01
  3.8807128e-02
 -4.6313889e-02
  3.7843570e-01
 -2.3570544e-01
  9.0462960e-02
 -2.0275474e-01
  2.0264044e-01
  7.9214054e-01
 -2.5954103e-01
  4.8221248e-01
  9.8274070e-01
 -4.1749954e-01
 -3.4650445e-01
  2.3455553e-01
  4.0713179e-01
 -2.6591313e-01
 -3.8604373e-01
 -2.2689573e-01
 -2.6998073e-01
 -5.9670597e-01
 -9.0658981e-01
  4.2338049e-01
  3.4170695e-02
  2.9328248e-01
  1.4944544e-01
  8.7880236e-01
 -4.8330864e-01
  4.5994258e-01
  3.6847442e-01
 -3.3491585e-01
  4.1971844e-01
  1.2998845e-01
 -1.2047982e-02
  2.9202396e-01
  5.2949983e-01
  1.1495652e+00
  4.2409217e-01
  7.5952029e-01
  2.3000158e-01
  1.0126587e-02
  1.0783444e-01
  1.2556496e-01
  3.8114861e-02
 -2.9200125e-01
 -5.2312404e-02
 -5.1735550e-01
 -3.7523832e-02
  8.3938700e-01
 -2.0529516e-01
  6.9573325e-01
  8.5083252e-01
  1.9579746e-01
 -1.2586211e-01
 -1.1313669e-01
  1.0056846e-01
 -2.2240628e-02
  1.3299975e+00
 -4.0194504e-02
  1.1158501e-01
 -1.7133036e-01
 -2.1266870e-01
  3.5290249e-02
 -1.4020188e-01
 -5.6990646e-03
  1.8253814e-01
  7.3189718e-01
 -2.6201054e-02
  7.0307963e-02
  4.8724316e-02
  2.6694939e-01
 -3.9347234e+00
 -1.1749092e-01
 -1.9500436e-01
 -4.6501961e-01
  4.2775768e-01
  3.5037690e-01
 -2.2060446e-01
  1.3586836e-01
 -2.0643003e-01
 -3.3788434e-01
  3.1029627e-02
  1.7775895e-01
 -2.0183602e-01
  2.8404468e-01
 -4.8819903e-02
  7.0579529e-02
  1.2768678e-01
  1.0767788e+00
  5.5770469e-01
  2.3373981e-01
  7.6047778e-01
  1.1523644e+00
 -3.8837180e-01
  2.2079341e-01
  1.3814127e+00
 -9.7455330e-02
 -3.5414129e-01
  2.2838110e-01
  5.2222061e-01
 -4.8362401e-01
  2.5311437e-01
 -2.1478215e-01
 -1.2674266e-01
 -1.2143701e-02
 -2.1402657e-02
  4.1824049e-01
 -4.5843166e-01
  1.1599796e-02
 -2.9569316e-01
 -1.1125931e+00
  1.0608784e+00
  2.1406083e-01
 -4.6809953e-01
  3.6827427e-01
 -4.2475101e-01
  1.9371159e-01
 -1.9724466e+00
  3.0906910e-01
 -1.7554078e-01
 -1.3111183e-01
 -1.2365375e+00
  1.7180967e-01
 -4.9706984e-01
  1.4599533e-01
 -7.7456522e-01
  2.8729545e-02
  6.9437397e-01
  3.2970047e-01
 -2.4759714e-02
 -1.8466924e-01
 -2.9804277e-01
  2.9812708e-01
  2.6703966e-01
 -3.2533297e-01
 -4.4240367e-01
  1.3995513e-01
 -5.6112534e-01
  4.9397308e-01
  1.4325759e+00
 -5.6620306e-01
 -2.9571390e-01
  4.7066811e-01
 -2.6418230e-01
  1.4359593e+00
  3.3392203e-01
 -5.3762233e-01
  3.2632256e-01
  1.1892705e-01
  3.1412211e-01
  1.7131013e-01
 -5.6661409e-01
 -3.2825089e-01
  1.4427076e-01
  8.0171841e-01
  1.1918032e-01
 -4.6147630e-01
 -1.0636075e-01
  4.8015419e-01
 -4.4197980e-01
  2.1541612e-01
  8.7824509e-02
 -2.2612499e-01
  2.3014441e-01
 -9.4262309e-02
 -1.5566818e-01
 -1.4771298e-01
 -2.7940243e-01
 -2.7286088e-01
 -5.3838831e-01
 -4.9522662e-01
  3.9860558e-02
  4.0470713e-01
 -1.7436633e-01
  4.3580346e-03
  4.3911010e-02
 -1.2427513e-01
  6.5129769e-01
 -2.6738191e-01
 -2.5303285e-03
 -1.5765099e-01
  5.7206444e-02
 -9.6416408e-03
 -3.6168525e-01
  2.5672205e-03
 -8.3115631e-01
 -1.0648557e+00
  4.2894006e-01
  4.8350179e-01
  8.0351174e-02
 -4.9268287e-02
  1.0428604e-02
 -1.6558731e-01
  1.2556604e-01
 -5.6861874e-02
 -1.0817464e-01
 -5.6906115e-02
  7.9051226e-01
 -4.4801030e-01
 -9.2195638e-02
 -4.3804613e-01
  9.5893510e-02
 -6.9787100e-02
 -1.3767773e-01
 -3.7612140e-01
  1.2610167e-01
  3.4177679e-01
 -1.7829548e-01
  1.2467175e+00
  2.8119838e-01
  4.9083769e-01
  4.0414339e-01
  1.4158047e+00
 -7.3153615e-01
 -2.3763290e-01
  9.2843097e-01
  3.0939158e-02
 -1.1486814e+00
 -1.3074423e-01
 -1.2683383e-01
  1.0179119e+00
 -4.7456211e-01
 -8.2732663e-02
 -4.7713667e-01
 -1.2514371e-01
 -2.0579550e-02
 -1.2987540e+00
 -7.2795939e-01
 -7.1472603e-01
  4.6958321e-01
  4.0539864e-01
  1.4086554e+00
  2.0967399e-01
 -8.2484663e-01
  1.3740353e-01
 -4.3512642e-01
  3.0189171e-01
  3.2976371e-01
  1.9661354e+00
  3.4935656e-01
  1.6584016e-01
  1.3074872e+00
  6.5252322e-01
  1.1273351e+00
 -5.1426452e-01
 -5.8556437e-01
  4.7186163e-01
  2.1655200e-01
 -1.9676006e-01
  1.2853113e+00
  1.0675836e-01
 -6.3782501e-01
  1.4847884e+00
  6.7016594e-02
  5.6120869e-02
 -2.0546612e-01
  4.1221604e-01
  7.1024716e-01
  3.9946300e-01
  8.0193412e-03
 -1.2754432e+00
  8.1739295e-01
  1.4903887e-01
 -8.0571137e-02
 -1.5150450e-02
  8.9219666e-01
  5.4488587e-01
 -1.9580635e+00
  1.9373021e-01
  2.1092381e-01
  1.2031844e-01
  4.7187737e-01
  4.5786493e-02
  1.1049247e-01
 -5.7567096e-01
  4.6959886e-01
 -4.7668326e-01
  7.1594238e-01
  2.4443880e-01
  3.0547056e-01
 -8.1775472e-02
 -2.0526720e-02
  1.5589759e-01
 -5.9318769e-01
 -9.8205179e-02
 -1.2130240e-01
  3.9026147e-01
  8.9392126e-02
  5.2717340e-01
  1.8482333e-01
 -9.5619313e-02
 -1.8769231e-01
 -5.2129894e-01
  2.5616652e-01
 -1.2395836e-01
 -1.4362587e-02
  4.2130926e-01
 -4.8637372e-01
 -1.6622716e-01
  3.3233283e+00
 -1.3772941e+00
 -7.4617636e-01
  4.1195554e-01
  9.6819669e-02
 -3.3335376e-01
 -3.9994976e-01
  1.7682225e-01
  5.0057185e-01
 -2.7853417e-01
  1.0921345e+00
 -1.4783055e-02
  7.7994454e-01
 -2.6830819e-01
 -6.2497270e-01
 -5.5702616e-02
 -1.0470710e-01
  2.0258866e-01
 -1.2472399e+00
 -2.5972676e-01
 -4.2883345e-01
 -8.6568886e-01
 -6.6724819e-01
 -1.2089455e+00
 -4.0812457e-01
 -1.5855597e-01
  4.9420282e-01
 -5.0940239e-01
 -5.0978798e-01
  2.4587882e-01
  5.8783644e-01
  5.1308054e-01
 -2.5148046e-01
 -1.4625208e+00
  8.0502138e-02
  2.6458472e-01
 -6.5846585e-02
  2.0796320e-01
 -2.9697388e-01
  1.4813025e-01
  6.0444808e-01
 -6.0954982e-01
  3.5228631e-01
  3.8951963e-01
 -3.5924083e-01
  2.0603947e-01
 -1.7186422e-03
 -1.3868849e-01
  1.4580615e-01
 -7.6777059e-01
  5.0494153e-02
  1.5183152e-01
 -7.3958901e-03
 -1.3832735e-01
  2.9574454e-01
  1.3479798e-01
 -6.2377565e-02
  2.3225698e-01
  5.0558444e-02
 -1.3311927e-01
  8.1082091e-02
  1.9492914e-01
  4.7867212e-01
 -2.5120056e-01
 -3.7838629e-01
  7.8322160e-01
  9.3146449e-01
 -7.7005893e-01
 -2.7317756e-01
 -5.6479615e-01
  8.5643299e-02
  4.6840006e-01
  4.4023599e-02
 -2.6969269e-01
  2.4075831e-01
 -2.5129545e-01
  4.0498918e-01
  1.5982538e+00
 -5.2225059e-01
 -3.9148465e-01
 -3.8261986e-01
  1.1097208e-01
  2.2695044e-02
  2.4261156e-01
  6.5229946e-01
 -7.3121709e-01
  1.1847930e+00
 -2.0137653e-01
  1.5024196e-01
 -1.0530237e+00
  3.7678331e-01
  2.9774666e-01
 -2.1258441e-01
 -9.9804655e-02
  4.0098882e-01
 -5.6369078e-01
 -8.1173152e-01
  1.7946544e-01
  1.1044506e+00
  1.2077938e-01
 -2.0967836e-02
  2.1615014e-03
  1.2805155e-01
  1.1012620e+00
  2.0619792e-01
 -2.2856300e-01
 -3.0432180e-01
 -1.5823081e-01
 -9.0081656e-01
  4.1349858e-01
 -6.4082220e-02
 -2.9646456e-01
 -6.9800836e-01
  1.0644195e+00
 -1.4167842e-01
  5.5533904e-01
  3.0345729e-01
  2.4013383e+00
  7.5851429e-01
 -2.4114654e+00
  1.8947746e-01
  9.9666096e-02
 -8.9840454e-01
 -2.3324180e-01
 -1.4056931e+00
 -3.2162854e-01
 -4.8596892e-01
  7.5071901e-02
  9.7952962e-01
 -5.7302165e-01
 -3.8284096e-01
 -6.5127157e-02
  3.0689545e-02
 -2.8315139e-01
 -1.9499040e-01
  9.1088936e-03
 -4.3538366e-02
  1.1660944e+00
 -2.7275795e-01
 -2.4947777e-01
 -1.5437680e+00
  9.2363882e-01
  4.6475011e-01
  1.1001959e+00
 -5.9430474e-01
  1.2366722e-01
 -4.3213129e-01
  1.0186179e+00
  1.1403002e+00
 -1.7296776e-01
  2.8774030e+00
 -8.4545988e-01
  2.7052999e-01
 -1.5334301e-01
  2.0347357e-01
  8.6522233e-01
  4.6034938e-01
  3.6848375e-01
 -8.5360706e-02
  1.1681443e-01
 -7.5856173e-01
 -1.6473594e-01
 -3.9002725e-01
 -5.1061410e-01
  1.8470353e-01
 -8.3475041e-01
  7.1458787e-02
  8.8459112e-02
 -1.2248175e+00
  1.3253474e-01
 -1.0535399e+00
 -1.4434918e+00
 -5.6491688e-02
  6.2660351e-02
  3.7557799e-01
  3.6881533e-01
  9.0184033e-02
  3.0591062e-01
  3.8548011e-01
 -6.5860945e-01
 -3.5742339e-02
  5.1984775e-01
 -2.8269449e-01
 -1.7880096e-01
 -4.5164379e-01
  3.9867544e-01
  4.9590605e-01
 -1.2375065e+00
 -3.5348362e-01
  1.7959990e-02
  5.6822866e-01
 -7.4396133e-02
  3.3150846e-01
 -1.7529072e-03
 -8.9458263e-01
 -3.7257683e-01
  9.2333382e-01
  4.0889996e-01
 -6.7871428e-01
 -1.2169870e+00
 -3.2777175e-01
  2.2413728e-01
 -1.1575506e-01
  1.7978480e-01
 -6.2091297e-01
  3.9297730e-02
 -6.2107289e-01
  2.7639052e-01
  3.0199662e-01
 -5.5813146e-01
 -1.8832462e-01
  1.1556970e+00
  4.5009675e-03
  9.6143794e-01
  3.3336499e-01
 -9.6290417e-02
 -2.1256433e+00
 -2.0227876e-01
 -1.8945941e-01
 -5.5872619e-01
  6.2433374e-01
 -2.1774659e-01
 -4.7405204e-01
 -7.8511424e-04
  3.8096361e-02
 -9.0069747e-01
 -5.3381103e-01
  7.1650028e-01
 -6.4545697e-01
  4.2386256e-02
 -2.2136858e-01
 -3.2154524e-01
  6.5849346e-01
  5.9344745e-01
 -3.6840558e-01
 -7.8348172e-01
  1.6123109e-01
 -2.9523215e-01
  3.8123313e-01
 -4.5896897e-01
  4.7767583e-02
 -6.4705741e-01
  5.4930943e-01
  1.3064730e+00
  9.0894461e-01
  8.1419773e-02
 -3.8276404e-01
 -3.1342435e-01
  1.6127480e+00
 -7.5043327e-01
  2.0652313e+00
  4.5095034e-02
  4.6709126e-01
  2.0270326e+00
  5.3407305e-01
 -3.8467038e-01
  8.6913355e-02
  2.2711797e-01
  4.6053857e-01
 -1.2206568e+00
  3.2490056e+00
  1.3679429e+00
 -6.6698581e-02
  1.1534449e+00
  2.3054159e-01
 -3.4520021e-01
 -6.4652896e-01
  1.8725386e+00
 -1.5846303e-01
  1.7507325e-01
 -3.1104475e-01
  1.9198079e-03
 -1.5145859e+00
 -2.4844287e-01
  7.5051568e-02
 -2.8650081e-01
 -4.3081585e-01
  2.1680437e-02
 -4.5799795e-01
  4.4047329e-01
  2.4821733e-01
  8.5164659e-02
  2.1235825e-02
 -2.7857473e-01
  8.6196417e-01
  1.7398353e-01
 -1.2549315e-01
 -5.5342805e-01
 -1.1735979e-01
  2.8768224e-01
  5.1328021e-01
 -2.4372196e-01
 -2.5826827e-01
  1.0914358e+00
  4.0794176e-01
  6.5878999e-01
  3.4770608e-02
  1.8790944e-01
 -3.7467103e-02
 -2.4774916e-01
  7.6950753e-01
  1.8898692e+00
 -1.8469255e-01
 -1.4694103e+00
 -8.2590625e-02
 -4.3032923e-01
  2.2814803e-01
 -1.1612312e-01
 -1.2917882e-01
  2.2405136e-01
 -5.8007785e-03
 -3.5569456e-01
  3.1156579e-01
 -1.8693691e-01
  6.4711612e-01
  7.4701595e-01
  2.5626838e-01
 -4.1442089e-02
  7.6440227e-01
  8.1574120e-02
 -4.2509004e-01
 -6.5078390e-01
  2.7469087e-01
  2.9374927e-02
 -4.4054964e-01
  6.6815162e-01
 -3.0015841e-01
  1.9576293e-01
 -3.9905254e-02
  1.3145927e-01
 -3.0643877e-02
 -5.7841098e-01
 -5.6994405e-02
  7.0864773e-01
 -1.6306144e-01
  1.5567707e-01
  2.3683484e-01
  1.4877155e-01
 -1.1058186e-01
 -2.1029206e-01
 -1.4891803e-01
  1.0567100e-01
  6.8401450e-01
 -1.7678095e-01
 -7.7667780e-02
 -6.2564410e-02
 -6.1215345e-02
  8.9807570e-02
  1.2259223e-01
  4.4706085e-01
  1.9447245e-01
  3.5993598e-02
  1.7319657e-01
  5.7342494e-01
  1.3433576e-02
 -6.2293619e-01
 -1.9862668e-01
  5.5852836e-01
  5.6433612e-01
 -1.7038453e+00
  1.1905482e-01
 -3.9288375e-01
 -1.2026811e+00
 -3.7491125e-01
  4.0238565e-01
 -2.2069736e-01
 -2.6005188e-01
 -6.3698506e-01
  1.0986509e-01
 -8.1578851e-02
 -6.0344547e-01
 -1.4107741e-01
  1.2089769e-01
  4.2598915e-01
  2.6355281e-01
 -9.8075166e-02
  4.5372650e-01
 -2.5210120e-02
  1.9645084e-02
 -9.4182414e-01
 -1.4584549e-01
  6.1610335e-01
 -3.7194839e-01
 -4.6198715e-02
  3.1138167e-02
  2.0980643e-02
  9.4842747e-02
  4.7948252e-02
  5.4188311e-01
 -2.8362647e-01
  2.1995288e-01
 -1.1135007e-01
 -2.7573447e+00
 -1.9497348e-01
 -3.6620766e-01
  1.0830760e-01
 -7.2652730e-03
  1.3605753e-01
  8.1940842e-01
  1.2919493e-01
 -7.4971634e-01
  8.6229168e-02
 -6.3091338e-02
  5.2475148e-01
 -1.2810009e+00
  1.2112259e+00
 -4.4956365e-01
  8.9161985e-02
 -8.4836759e-02
  8.7264609e-01
 -2.6568554e-02
 -7.5725490e-01
 -6.7666632e-01
  2.5431922e-01
 -2.4281722e-01
 -3.5008192e-03
  4.7014749e-01
 -3.7988114e-01
 -7.1693462e-01
  2.1932240e-01
  7.8537303e-01
 -8.6091518e-01
 -4.8808262e-01
 -8.2085252e-02
  2.7767986e-01
 -1.0556813e-01
 -2.2372581e-01
 -4.0988657e-01
 -3.5943955e-01
 -8.8968411e-02
  2.5901762e-03
 -8.1251636e-02
 -2.8908372e-01
 -8.2495707e-01
  3.3010486e-01
  3.6122736e-03
  9.9494278e-02
  1.1759791e+00
  9.3066472e-01
  9.5208772e-02
  9.2100292e-02
  7.8642182e-02
  5.3740803e-02
 -2.7266094e-01
 -7.2549957e-01
  2.6251358e-01
 -2.2066620e-01
 -3.9511994e-01
 -3.2350522e-01
 -4.5883760e-01
 -1.0343752e-01
 -8.1812954e-01
  9.5420700e-01
 -3.6453970e-02
  4.0638193e-01
 -1.2469304e-01
 -4.6657234e-02
 -4.3218277e-02
  7.8274339e-02
  5.1431984e-01
  7.1349096e-01
 -3.2198596e-01
  6.0626364e-01
 -4.8657168e-02
 -7.1296960e-02
  5.0260760e-02
 -6.6101199e-01
 -6.3571221e-01
  1.9512774e-01
  6.6937804e-02
 -1.1487540e-01
 -1.2493119e-01
 -3.9288646e-01
  1.9036727e-01
  5.3146619e-01
  4.7891229e-01
 -4.5445748e-02
 -1.6253078e-01
 -1.9347283e-01
 -2.7502245e-01
 -4.4604430e-01
  3.3625069e-01
  3.8952556e-01
 -2.7025735e-01
  1.1763724e-01
  3.1154139e-03
 -7.5603426e-01
 -1.8414007e-01
  2.5200570e-01
 -5.5583459e-01
 -4.7391239e-01
  3.0518323e-01
 -2.8414402e-02
  1.7884414e-01
 -6.9092834e-01
  4.4932076e-01
  8.5279420e-02
 -8.8984233e-01
 -2.5342906e-01
 -2.3244806e-01
 -2.8604320e-01
  3.5258812e-01
 -1.3119051e-01
  8.5906513e-02
 -6.1300933e-01
  5.0074756e-01
  4.2838201e-01
 -2.7115488e-01
  1.3687693e-01
  3.1600371e-01
  4.5704111e-01
 -4.9093655e-01
 -1.5938012e-01
  2.0501161e-01
 -4.0470818e-01
 -2.8472784e-01
 -9.5003581e-01
  3.7866417e-01
  2.3921175e-01
 -2.1872190e-01
 -3.6949626e-01
 -5.8161175e-01
 -7.2310328e-01
 -4.6800765e-01
  1.0937119e+00
  5.1444974e-02
 -8.6118203e-01
 -2.4830914e-01
 -2.7816555e-01
 -2.4602517e-01
 -4.7620612e-01
 -1.7616500e-01
 -8.0279475e-01
 -6.9645768e-01
  3.5725337e-01
 -2.9505122e-01
  9.5721945e-02
  3.9712317e-02
  1.7457522e+00
 -6.8838346e-01
 -1.3461342e-02
 -2.9767787e-01
  4.3953657e-01
  1.8275326e-02
  9.4347261e-02
  2.7810350e-01
  3.7423220e-01
  6.4224261e-01
 -7.0619297e-01
 -3.8622755e-01
  1.4696138e-01
 -1.1011789e-01
  5.3108031e-01
  2.6694250e-01
  4.3367055e-01
 -8.6755767e-02
 -2.3625980e-01
  2.9755664e-01
  5.5436552e-01
 -5.2015930e-01
 -9.6573301e-02
  1.2107742e+00
  2.9300480e+00
 -2.4458896e-01
  4.7865972e-02
 -3.7581566e-01
 -4.8396596e-01
 -3.2417196e-01
  2.9601634e-01
  1.2074067e-01
 -4.2078504e-01
  7.5930977e-01
  5.7076532e-02
  7.2930938e-01
  5.8514613e-01
 -5.3356552e-01
  3.3607197e-01
 -1.1857613e-01
 -3.6838916e-01
 -4.8202005e-01
  9.2340313e-02
 -6.1540455e-01
  2.4702919e-01
  1.1183737e-01
  1.9283667e-01
  1.6997460e-01
  2.5206015e-01
 -2.1976370e-02
  1.0887307e-01
 -6.1768103e-01
 -2.5986552e-02
 -3.3784491e-01
  2.1258329e-01
  7.4371636e-02
  1.4119785e+00
 -2.9605800e-01
 -4.3019769e-01
 -3.3712089e-01
 -8.3488919e-02
  4.0478060e-01
 -6.2153655e-01
  6.7575943e-01
 -2.6683658e-01
 -2.3251039e-01
 -1.0536711e-01
 -1.3852815e-01
 -3.0454928e-01
  1.7864937e-01
  1.1100581e-02
 -8.6490531e-03
  1.4912736e-02
  1.0819249e+00
 -5.7952636e-01
 -2.7126062e-01
  2.7844810e-01
 -2.4596603e-01
  2.3458609e-01
  1.7677955e-01
  3.6362205e-02
 -4.9762458e-01
  2.8393859e-01
 -5.1274669e-01
  5.9587312e-01
  9.2525803e-02
 -4.7036994e-01
 -5.6641078e-01
 -3.7645541e-02
 -1.3235220e-01
  1.3399220e-01
 -6.2974244e-02
 -3.9983046e-01
  4.4124246e-01
 -2.3070846e+00
  9.8793477e-01
  5.3436536e-01
 -1.3034673e-01
  3.0619273e-01
  4.4360673e-01
 -6.2137085e-01
 -2.1817896e+00
  5.7850564e-01
  5.1411986e-01
 -2.6740199e-01
  1.8101946e-01
 -2.5951546e-01
 -6.6979453e-02
  7.2244281e-01
  4.6629119e-01
 -5.6886852e-01
 -9.8803198e-01
 -4.7553462e-01
  6.9257110e-02
 -7.2540250e-04
 -4.4467351e-01
  2.3451912e-01
  9.7596556e-01
 -9.8669440e-01
  9.8421860e-01
 -5.2662522e-01
  2.5171041e-01
 -2.4644668e+00
  4.5403525e-01
 -4.3732095e-01
  1.0831978e-01
  4.8241389e-01
 -2.1064665e+00
  2.2739135e-01
 -7.0217460e-02
  3.6672106e-01
 -5.6143068e-02
 -1.2902710e-01
  1.0315603e+00
 -1.3818403e-01
 -5.5750650e-01
  6.5652299e-01
  1.1809628e-01
 -2.1392478e-02
  1.2997489e-01
 -2.2116194e+00
 -5.6271088e-01
  2.9384317e+00
 -1.4020244e+00
 -9.5380110e-01
 -3.2989523e+00
 -9.5574313e-01
  1.3605572e+00
  1.1396858e+00
  1.6824043e-01
 -2.4278849e-01
 -8.4069204e-01
 -1.6805736e+00
  2.4229097e-01
 -1.5672691e-01
 -4.1114144e+00
 -6.1295718e-01
 -1.9708765e+00
 -5.3995032e+00
 -2.1141808e+00
 -1.4618751e+00
  1.7963102e+00
 -1.5957280e-01
 -6.6118520e-01
  2.3092201e-01
  1.0689108e+00
 -2.5113320e-01
 -3.8588119e-01
 -2.7927504e+00
  2.2135259e-01
 -1.5470794e-01
 -3.7584012e+00
  6.2864799e+00
 -5.9270209e-01
 -5.5364716e-01
  1.9976093e+00
  2.3803835e+00
  5.2949131e-01
  1.4865209e+00
  3.2235267e+00
 -9.1521275e-01
  7.6495677e-01
 -7.3309207e-01
  9.4838917e-02
 -2.3005846e+00
 -1.6233100e+00
  7.1032029e-01
  1.4910722e+00
  1.3826002e+00
  8.5318947e-01
  6.9337273e-01
 -5.2393895e-01
 -6.3787892e-02
 -1.2932426e-01
 -1.7563993e-01
 -1.5485717e-01
 -8.1023499e-02
 -1.2450445e-01
 -7.5838845e-03
  6.0054544e-02
  3.6431092e-01
  9.2446014e-02
 -5.4939115e-01
 -4.9225345e-02
 -6.3131785e-01
  8.7815225e-02
 -4.8400167e-01
 -7.7085841e-01
  5.3080404e-01
  7.0946410e-02
  1.5736584e-01
 -4.2653808e-01
 -1.5640378e-01
 -9.9166852e-01
 -5.8844572e-01
  8.9463457e-02
 -5.9258860e-01
  2.1253270e-01
 -3.6741787e-01
  6.1693275e-01
 -9.3848228e-01
 -9.9768955e-01
 -2.0028600e-01
 -1.0174567e-01
 -9.1974473e-01
 -6.6827220e-01
  4.2051151e-01
  1.8119770e-01
 -1.2159352e+00
 -1.4586368e-01
 -2.1119231e-01
 -2.7419314e+00
  8.6235322e-02
 -3.4963414e-01
  2.5833610e-01
  1.2300175e-01
 -3.9890993e-01
  1.1593536e-01
 -9.8882690e-02
 -1.1907055e+00
 -3.6740187e-01
 -1.3048569e+00
  8.2921100e-01
 -2.2002642e-01
 -1.0227480e+00
 -7.3139912e-01
  4.0260881e-01
 -2.2512679e-01
 -1.9271296e-01
 -9.9478923e-02
  1.9473039e-02
  6.1876833e-01
 -5.6142116e-01
  1.7551242e-01
 -2.4144655e-01
 -2.2607750e-01
  3.3399034e-01
 -1.5403274e-02
  1.3465713e-01
 -4.3728295e-01
  1.0199340e-01
  3.4052277e-01
 -5.1287508e-01
 -6.7179099e-02
 -4.6764672e-01
 -3.7313078e-02
  1.1809684e-01
  1.7417386e-01
  3.4528422e-01
  5.1772726e-01
 -1.0292050e-02
  8.7962508e-01
  3.0357111e-01
 -4.6073043e-01
 -5.3243749e-02
  2.1637367e-02
 -8.6118139e-02
  2.8952059e-01
 -3.6352885e-01
  6.7820020e-02
 -1.5006894e-01
  5.1262182e-01
  4.0810552e-01
 -6.9861305e-01
  6.5918571e-01
  3.6521223e-01
  3.2208028e-01
 -6.5340322e-01
 -6.4393538e-01
  1.0308361e-01
 -1.1193820e-01
  3.9414167e-01
  3.9374322e-01
 -6.7650437e-02
 -7.7661045e-02
  9.5909834e-02
  7.5411677e-01
  4.3322656e-02
  1.0463526e-01
  7.0735496e-01
 -5.5220965e-03
 -2.8586021e-02
 -2.3292579e-01
  1.5474640e+00
  4.9743146e-01
 -2.6951442e-02
 -3.6228725e-01
  1.2253387e-02
  5.6557953e-01
  9.0034582e-02
 -1.1886630e+00
  1.2158716e-01
  9.9624589e-02
  1.1344145e-01
  2.1963473e-01
 -3.7903786e-01
 -1.3511864e-02
 -2.7935615e-01
  8.3417468e-02
  2.0014932e-02
  1.2306167e-01
 -8.9574464e-02
  7.5341724e-02
  9.8343156e-02
 -4.2759687e-02
  1.9348311e-01
  2.0187518e-01
 -9.4009292e-01
 -4.8236084e-01
 -1.4958094e-01
  6.0636544e-01
  4.3649939e-01
 -5.8064580e-01
  7.6509869e-01
  4.4408515e-01
  8.5114801e-01
 -7.1085382e-01
 -2.1503995e-01
 -7.8166234e-01
 -1.2858713e-01
  1.2999550e-01
 -1.2951976e+00
  6.0080791e-01
 -1.5313948e-02
 -8.8789886e-01
 -8.1442609e-02
  1.0215003e+00
 -5.8202680e-02
 -2.1889661e-01
 -2.0690973e-01
  2.2897340e-01
 -1.6747603e-01
 -4.0901360e-01
 -1.3192460e-01
  8.5476220e-02
 -2.6512662e-01
 -2.0073538e-01
 -5.6107050e-01
  4.8004970e-01
 -1.5797836e-01
 -1.2085335e-01
 -7.2126788e-01
 -5.9748030e-01
  3.6156493e-01
 -3.8909471e-01
 -1.7858751e-01
 -1.9181588e-01
  1.3734333e-01
 -3.5669082e-01
 -9.1861641e-01
 -3.5906665e-02
  1.4601910e+00
  1.4009026e-01
  5.5364233e-01
 -6.7303163e-01
  4.9301422e-01
 -7.0941710e-01
 -9.3650150e-01
  5.1791537e-01
 -9.2984833e-02
 -3.7025496e-01
  5.7966155e-01
  1.0353646e-01
 -5.3533129e-02
 -1.0528063e-02
 -3.8252020e-01
  2.0839603e-01
 -1.1126482e+00
 -2.4520561e-02
 -8.8752884e-01
 -4.2593020e-01
  5.0909317e-01
 -2.7578481e-02
  2.8222549e-01
 -1.1459887e-03
  1.3713807e+00
  1.6903907e-01
  1.4500688e+00
 -8.2227752e-02
 -3.4329914e-02
  1.2594990e-01
  2.7523977e-01
 -1.2781385e-01
 -6.6859925e-01
  3.6913696e-01
 -5.9267739e-03
 -2.7755123e-01
  3.8205713e-01
 -4.0544584e-01
 -2.6225274e-02
 -6.3309193e-01
  4.1289315e-02
 -3.1236278e-02
 -9.5952362e-02
  2.1743503e-01
  4.1184965e-01
  8.2382672e-02
 -6.4813334e-01
 -9.2362297e-01
  2.9985198e-01
 -6.4748043e-01
 -6.6106766e-01
 -2.5181258e-01
  2.3102117e-01
  2.2412130e-01
  5.5268413e-01
 -1.1635543e+00
 -1.6210976e-01
 -2.5460012e-02
  2.1921180e-01
  2.0549251e-01
  1.3317626e+00
 -5.9142083e-02
  2.9975706e-01
  6.9695312e-01
  2.5713345e-01
  1.6154635e+00
 -4.1411886e-01
 -4.7081450e-01
 -3.1916580e-01
 -3.9314985e-02
 -9.6077405e-02
  3.3533037e-01
  6.2981568e-02
 -7.0599839e-02
 -2.0774069e-01
 -3.8180795e-01
  5.9521842e-01
 -1.8780428e-01
 -2.3644619e-01
 -3.2106470e-02
 -1.5049139e-01
 -5.0274700e-02
 -2.5586647e-01
 -6.2158751e-01
  8.2148546e-01
 -3.3187345e-01
 -6.3678071e-02
 -2.7190104e-02
 -6.8132639e-01
 -2.1221076e-01
  1.5125966e-01
 -4.1896200e-01
  4.7940996e-02
 -2.3689446e-01
  9.8656178e-01
 -1.2117312e+00
 -1.0266740e-01
 -8.5717714e-01
  2.3982540e-02
  2.7415588e-01
 -2.8225181e-01
 -3.7596464e-01
 -1.4499813e-01
 -9.8140009e-02
 -1.0010034e+00
  1.9413593e-01
 -7.7454454e-01
 -5.6033242e-01
  4.4878710e-02
  7.5544566e-03
 -5.5721056e-01
 -1.7238021e-01
  5.7357395e-01
  1.6726144e-01
  1.0754375e-01
  2.0807216e-01
 -3.3615771e-01
 -2.7846768e-01
 -2.5618583e-01
  2.5537190e-01
 -3.5958487e-01
  4.2098281e-01
  2.7083230e-01
  4.7819912e-01
 -6.4872986e-01
  5.5898065e-03
  2.7470980e-02
 -1.5503649e-01
 -3.3661148e-01
 -1.1646134e+00
  3.5801688e-01
  3.0730840e-02
 -3.7667367e-01
 -4.8785508e-01
  2.1238342e-01
  6.1602718e-01
 -1.6282834e-01
  2.4976252e-01
  2.6457908e-02
 -3.8710454e-01
  1.0248143e-01
  2.5313205e-01
  4.9420916e-02
 -9.1607943e-02
  6.9544986e-03
 -1.0091561e-01
 -3.1577003e-01
  8.2691647e-02
  5.0659668e-01
  1.3092527e-01
  9.9383217e-01
 -4.4174129e-01
 -2.7739239e-01
 -2.1313845e-01
 -1.8483922e-01
  6.2821251e-01
 -5.4331549e-02
  3.0306163e-01
 -1.7203110e-01
 -1.2022313e-01
  1.7735425e-02
  7.7633783e-02
  6.9056743e-01
 -4.2477837e-03
  6.9655865e-01
  8.1287131e-02
 -3.6527306e-01
 -9.8391846e-02
 -1.0575033e-01
 -5.7269943e-01
 -8.0161154e-01
 -4.3288574e-01
 -1.3368094e-01
 -1.9812496e-01
 -1.7073849e-02
 -2.7514276e-01
  3.9895821e-01
  9.3204379e-03
  1.0193636e-01
  5.8330346e-02
 -6.1140418e-01
  4.5355111e-01
  4.1064402e-01
  6.2717688e-01
 -2.5621960e-01
 -5.9740639e-01
  2.3500919e-01
 -1.5679037e-02
 -1.0652199e-02
  2.8887290e-01
  4.7634339e-01
  1.2763095e-01
 -7.9164845e-01
  2.8452817e-01
 -2.1362652e-01
 -1.2763888e+00
 -7.5732642e-01
  3.5785750e-01
  5.5718988e-01
 -4.7950694e-01
 -3.3064250e-02
 -5.6401234e-02
 -3.9546517e-01
 -7.3251568e-02
 -4.9537759e-02
 -1.6442619e-01
 -4.3624571e-01
  3.1826434e-01
  4.1489389e-02
 -9.1110831e-01
  1.3039225e-02
  5.7686663e-01
  2.3916991e-01
 -2.5388247e-01
  4.2637941e-01
  2.7891509e-02
 -9.2941684e-01
  5.4899347e-01
  5.2408534e-01
 -1.0071637e-01
 -4.7208646e-01
  7.9130673e-01
  1.4671133e-01
 -1.2689011e+00
 -1.4264796e+00
  9.9779081e-01
  2.4531017e-01
  1.0101157e-01
  8.1804365e-01
  5.2734727e-01
  7.3239349e-02
  1.3720095e-01
  2.2671498e-01
  1.0676624e+00
  6.8939990e-01
 -1.3002169e-01
 -7.1334086e-02
 -1.3302797e-01
 -2.7638555e-01
 -9.6495432e-01
 -1.0109472e+00
 -8.5410571e-01
  2.5110540e-01
 -1.5993431e-01
  8.2866013e-01
  3.8693213e-01
 -9.3126857e-01
 -4.5395024e-02
  1.3333012e-01
  1.1218393e+00
 -1.5583490e-01
 -1.4709048e-01
  5.2251035e-01
  9.7851968e-01
  1.3025364e+00
  1.8372452e-01
  1.3176429e-01
 -3.8625252e-01
 -7.6542985e-01
 -6.5018916e-01
  1.2572920e+00
 -5.2939373e-01
 -1.8760110e-01
 -1.0045286e+00
 -2.6988700e-01
 -6.1328703e-01
 -1.4893128e-01
 -6.4007294e-01
  6.9496942e-01
  6.8768173e-02
  2.8264415e-01
  8.1096597e-02
  2.0077308e-01
 -9.2241573e-01
  1.5046485e-01
 -5.5124027e-01
 -3.8949993e-01
  6.8317014e-03
  5.5058807e-01
 -1.2445127e+00
 -1.2630637e-01
 -3.5718147e-02
  1.8293089e-01
  9.0764530e-02
 -2.4994850e-01
  2.1573141e-01
  9.5954192e-01
 -4.7015378e-01
  3.5625819e-02
  5.9413332e-01
 -8.3859302e-02
  4.0234774e-02
  1.8885049e-01
 -4.8207544e-02
 -5.4891396e-01
 -1.3178220e-01
 -2.8422052e-01
 -3.3485973e-01
  9.8529365e-04
 -1.8106085e-01
 -1.3391482e+00
  7.7301651e-02
 -2.1123646e-01
  6.5607548e-01
 -1.4519629e-01
 -4.9976173e-01
  8.2702599e-02
  8.0457854e-01
 -7.3634423e-02
 -3.4979436e-01
  1.9199448e-02
 -6.8916404e-01
 -1.2234230e-01
  1.2916200e-01
  4.9466139e-01
  5.1120311e-01
 -2.6192275e-01
 -4.8852697e-02
  1.8919197e-01
 -9.5291778e-02
  1.0647630e-01
 -7.7068537e-01
  1.2896712e-01
 -2.2336967e-01
  1.7502232e-01
 -5.8806859e-02
 -3.5087118e-01
  3.2317010e-01
  2.2109988e-01
  1.5543389e-01
  7.1136582e-01
  2.7451038e-01
  4.7196159e-01
 -1.7295319e+00
  3.0909786e-01
  2.2219327e-01
 -6.0296911e-01
 -4.2325830e-01
 -2.0510126e-02
 -2.3916815e-01
  2.4158900e+00
 -1.4869548e-02
 -4.7622311e-01
  2.7086034e-01
 -3.4524372e-01
 -3.5089296e-01
 -9.1158837e-01
 -1.7004372e-01
  8.6342424e-02
  6.0950249e-01
  1.8587300e-01
 -5.4928374e-01
  3.6538509e-01
  3.7542751e-01
  3.0686755e-02
 -1.2270255e-01
 -2.1654058e-01
  2.0679510e-01
 -3.6142397e-01
  2.5331303e-01
 -8.0458665e-01
  1.7448434e+00
 -1.2914218e-01
 -4.3900996e-02
 -5.0742126e-01
 -7.0449561e-01
  8.0753744e-01
  1.6655933e-02
  5.8873609e-02
 -1.0667717e+00
 -3.2206610e-01
 -2.4852419e-01
  5.0940955e-01
  2.7908733e-01
  5.9006470e-01
 -2.9519472e-01
 -8.9924507e-02
 -8.1693172e-02
 -4.5530117e-01
 -1.4165926e-01
  7.4420631e-01
  1.2495385e-02
  9.6717216e-03
  4.2593807e-02
 -2.1147177e-02
 -4.9948847e-01
 -4.8175487e-01
 -4.8083419e-01
  5.3864563e-01
  3.0536342e-02
  2.1671037e-01
 -2.4931390e-02
 -3.1990635e-01
  1.0173631e+00
 -1.8234883e-01
  2.6863334e-01
  6.2566157e-04
 -3.4279978e-01
  2.5228359e-02
  1.8241608e-01
  2.0449165e-01
  2.1217324e-01
  2.2964593e-02
 -4.5373482e-01
 -3.3290255e-01
 -4.6414828e-01
 -3.0382824e-01
  3.1233683e-01
 -7.5802833e-02
  2.5866431e-01
 -4.1797853e-01
 -2.1247868e-01
 -1.9414468e-01
 -1.2766109e-02
 -4.8104227e-01
  6.4194995e-01
 -9.2137948e-02
 -1.9242232e-01
  4.5266461e-01
 -2.2538002e-01
 -2.9985085e-01
 -8.5134232e-01
 -8.2423103e-01
  3.0606827e-01
 -9.5712900e-01
 -2.2112231e+00
 -1.7170478e-01
  2.0168669e+00
 -1.4215240e+00
  7.6789698e-03
 -7.7974594e-01
 -1.0994606e+00
  1.2723058e-01
 -5.0859159e-01
  8.0001011e-02
 -1.9671124e-01
 -1.5958633e-01
 -1.7730217e-02
 -1.1529083e+00
 -4.5217535e-01
 -1.9616623e+00
  8.3307201e-01
  1.0455176e-01
 -1.9507279e+00
 -5.8339778e-02
 -4.5487320e-01
  3.2678828e-01
 -3.6662888e-02
 -4.5943499e-01
 -1.1343466e-01
  4.4801763e-01
 -7.2134471e-01
 -1.7594855e+00
  4.2869398e-01
  7.1663696e-01
  1.0955571e-01
 -5.3536314e-01
 -3.1301925e-01
  1.3420346e+00
  7.7943766e-01
 -5.5328900e-01
  1.2303941e+00
  1.0570601e+00
 -2.1401157e+00
  8.4755355e-01
 -3.6735788e-01
  6.6646799e-02
 -2.2719195e-01
  2.0397704e+00
  7.4332678e-01
  2.9998100e-01
 -1.2107909e+00
  5.4156440e-01
  9.3156630e-01
 -3.7035567e-01
 -5.9623098e-01
  5.4016525e-01
  1.1453561e-01
 -1.4177718e+00
  5.6634152e-01
  3.6574170e-02
  1.0406168e+00
 -4.5636141e-01
 -3.2073632e-01
 -1.1739889e+00
  6.7146756e-03
  5.4048675e-01
 -6.7734194e-01
 -2.8986141e-01
  3.0176431e-01
  5.3145062e-02
  1.1288222e+00
 -5.2574533e-01
  1.8680078e-01
 -1.2168335e+00
 -1.6699050e-02
 -3.1789836e-01
  3.1077087e-01
 -6.5530276e-01
 -1.8818741e-01
 -1.9344178e-01
  2.5042984e-01
 -3.6809072e-01
 -9.4957307e-02
 -2.3211550e-02
 -4.6223888e-01
  5.0278395e-01
  1.6474351e-04
  3.9074942e-01
 -2.6037500e+00
  1.2157847e+00
  1.4957629e+00
 -8.1593508e-01
  5.1764083e-01
  2.3156445e-01
  4.5826399e-01
  8.1823915e-01
  3.2297516e-01
  1.4730924e-01
  2.9444754e-01
  2.4056281e-01
  2.5181665e+00
 -5.3648513e-02
 -6.3870004e-03
 -4.6439897e-02
  1.4023715e-01
 -3.2664752e-01
 -1.5498136e-01
 -1.1275088e+00
 -6.7534256e-01
  4.5085330e-02
  8.8189483e-02
 -1.3468572e+00
 -2.6311141e-01
  2.1770523e+00
 -7.2180283e-01
  1.5401432e-01
 -2.9919767e-01
 -5.2527502e-02
 -2.4304643e-01
 -2.4992000e-01
 -4.6178582e-01
 -4.9719909e-01
  5.3120434e-01
  5.7897627e-01
 -3.4395373e-01
  2.5161770e-01
  7.6293314e-01
 -3.3983481e-01
  4.3016347e-01
  2.1949777e-01
 -3.8834649e-01
 -4.7847651e-02
  8.5924961e-02
  2.7985853e-01
 -5.6893688e-01
  1.6176996e+00
  8.2613707e-01
  3.1242529e-02
 -6.4867693e-01
  6.6301745e-01
  5.9036255e-01
 -2.0048909e-02
  9.8360114e-02
 -1.3014869e-01
 -7.8505814e-02
  4.2636445e-01
 -1.4759265e-01
 -2.2512722e+00
  4.1048172e-01
  3.2489359e-01
  2.4586050e-01
 -3.3486539e-01
  8.2212901e-01
 -4.6196976e-01
 -3.9776459e-01
  4.2008603e-01
 -1.6430354e+00
 -5.1530510e-01
 -5.9468901e-01
 -9.1255987e-01
 -2.3030336e-01
 -6.2342632e-01
  4.8809594e-01
 -3.8072866e-01
  2.5935498e-01
  6.0269272e-01
 -6.5771616e-01
 -4.3417448e-01
 -2.2006014e-01
  5.3558439e-02
 -6.8722111e-01
 -3.1088895e-01
  5.1181066e-01
 -3.2017493e-01
  6.3188428e-01
  1.5497321e-01
 -1.9516435e-01
 -6.9606578e-01
  9.4694056e-02
 -1.9868052e+00
 -3.9850309e+00
  4.1223514e-01
  5.7380700e-01
 -3.7248027e-01
  8.7177224e-02
  2.4779606e-01
  8.9601003e-02
  4.6264508e-01
 -6.7125693e-02
  5.5066669e-01
  8.4282085e-02
 -3.2224381e-01
  1.7181152e-01
  1.2088352e-01
  4.0885475e-01
 -2.3705430e-01
 -1.7183306e+00
 -1.1692958e+00
 -8.4498668e-01
 -7.4030586e-02
  2.4082892e-02
  4.4097644e-01
  3.6414862e-01
 -2.3593599e-01
  7.5650042e-01
  2.1057568e-01
  3.5827023e-01
  9.4682723e-02
  9.8727286e-02
  5.2163076e-01
 -6.7827666e-01
  3.8387105e-01
  1.1446972e+00
 -1.4012328e-01
  3.8972723e-01
 -1.1050821e-01
  5.3104031e-01
  2.7725199e-01
  1.4219294e+00
  2.7890739e-01
 -5.5290639e-01
  1.1820979e+00
  1.5049695e+00
 -2.4388921e-01
  8.4441131e-01
  9.9777657e-01
 -1.1633718e-01
 -2.1678458e-01
  3.8708442e-01
 -8.6427055e-02
  8.4322445e-02
  5.2438382e-02
  5.9791183e-01
  2.6803076e-01
  3.8930205e-01
  3.7368419e-04
  1.8544883e-01
 -2.8509414e-01
 -5.1742873e+00
 -1.5673094e+00
 -9.2710026e-02
  7.2899558e-02
 -8.6299014e-01
  1.0912313e-01
  1.6281685e-02
  1.4852488e-01
 -9.1465646e-01
 -3.6132383e-01
  3.2923388e-01
  1.0233643e+00
  4.2693803e-01
 -3.3587053e-01
 -1.7474667e+00
 -1.2851438e-01
  7.2296731e-02
  3.1057334e-02
  3.0897683e-01
 -1.4449853e+00
  6.5812185e-02
  2.6287513e-02
  8.1343430e-01
 -2.9209310e-01
 -1.0851438e+00
  5.9204346e-01
  1.2714702e-01
 -6.4355522e-02
  6.3674712e-01
  9.7971514e-02
  1.4009526e-01
 -2.4087282e-01
  1.0498031e-02
  1.3455851e-01
  1.8352732e-01
 -1.6782985e+00
 -2.0010328e-01
  1.3536687e+00
 -4.5275158e-01
  7.7844238e-01
 -1.4280269e+00
  3.8305864e-02
  8.3362967e-01
 -6.2384522e-01
 -1.1068556e+00
 -1.6271226e+00
  2.4987136e-01
  4.5312732e-02
 -5.6641352e-01
 -2.2133625e-01
  1.4620394e-01
  1.1265491e+00
 -8.6777490e-01
 -4.0283766e-01
 -6.4897132e-01
  9.6994370e-02
 -2.3815708e-01
 -2.2909488e-01
  1.6358134e-01
 -6.5236682e-01
 -3.7615159e+00
  1.2461691e-01
 -9.0038009e-02
 -2.0658817e+00
  4.2874852e-01
 -1.9602861e-02
 -7.9839259e-01
  6.0833976e-02
 -3.3724561e-01
 -1.5596689e+00
  4.4391093e-01
  5.0665486e-01
  2.0039093e-01
 -1.0742494e-01
 -7.4233550e-01
  2.7372059e-01
  2.0128909e-01
  3.3218750e-01
 -5.7227772e-01
  3.1085908e-01
  5.8555043e-01
 -2.1798332e+00
 -3.0835731e+00
 -1.9819292e-01
 -3.9102232e+00
 -3.6826380e-02
 -1.1334844e-02
 -3.3336127e-01
  4.3540336e-02
 -2.1463702e-02
 -1.5574591e-01
 -8.0861223e-01
 -5.9651428e-01
  2.0540490e+00
 -9.0331629e-02
  3.5233743e-02
 -1.2741024e+00
  2.9589465e-01
 -7.8757930e-01
  9.7560388e-01
 -7.1929619e-02
 -6.0471886e-01
  5.8966047e-01
 -1.8376513e+00
 -3.6319858e-01
 -3.1211445e-01
  1.1231257e-01
  8.2808733e-02
 -5.8790661e-02
 -1.5378171e-01
 -8.1937440e-02
  5.7798877e-02
  1.2534059e+00
  8.4015048e-01
  1.5018328e-02
 -2.6752853e-01
  5.6486404e-01
  2.9293120e-01
  1.4799738e-01
 -6.9943857e-01
  3.1885621e-01
  2.5224492e-01
  1.5609661e+00
 -8.3237022e-01
 -1.1377662e+00
 -6.9012302e-01
 -9.1367289e-03
  2.0652685e-02
 -2.5812972e-01
 -1.2160380e+00
 -7.7579349e-01
  5.5576819e-01
  1.9925010e-01
 -1.0206257e+00
  1.5486935e-01
  3.2725722e-01
 -8.2558990e-01
  2.3614113e-01
 -6.3204372e-01
 -5.8416728e-02
  8.5075177e-02
  7.8612618e-02
  5.0857830e-01
  4.2673025e-01
  4.1659081e-01
  9.8509449e-01
 -5.0800943e-01
  1.1369436e+00
  4.4265568e-01
  4.9175620e-01
 -2.2084077e-01
  4.0584293e-01
  8.3615363e-01
  1.5974129e+00
 -5.2082345e-02
 -1.3856083e-01
  1.1190557e-01
  1.0499785e-01
  1.6588691e+00
 -4.9748230e-01
  2.4819778e-01
  2.9500814e-02
 -6.3454956e-01
  3.6487210e-01
  1.6886104e+00
 -5.1067382e-02
  9.1395155e-02
 -5.2926570e-01
  8.4948719e-01
 -6.5775976e-02
  1.0053428e+00
 -7.8653753e-01
  3.7369761e-01
 -2.1723057e-01
 -1.7495841e-01
  1.7662200e-01
  1.0520766e-01
  1.3043770e-01
 -3.5597381e-01
  3.6704567e-01
  1.5466079e-01
 -1.0633734e+00
 -8.7830359e-01
  1.1656924e+00
  2.2146869e-01
  6.0288860e-03
 -3.2184565e-01
  5.4852706e-01
  7.3099494e-01
 -7.8023607e-01
 -1.9379559e+00
 -3.2245499e-01
  5.3230290e+00
  3.7250984e-01
  4.8809430e-01
 -1.6565005e-01
 -6.8983692e-01
  1.7516787e+00
  3.3058292e-01
 -2.4368778e-02
 -2.3485287e-01
  9.4305253e-01
 -5.3647615e-02
  8.6693424e-01
  4.1532996e-01
  6.7753804e-01
  2.3766486e-02
  1.6070563e+00
  5.3142302e-02
  1.2559199e+00
  1.0222743e+00
  5.1749980e-01
 -1.8379539e+00
 -2.1245883e+00
  9.0181792e-01
  2.8078690e-01
  6.3244276e-02
 -5.4200786e-01
 -7.0898063e-02
  2.5465855e-01
  1.0310737e-01
 -2.4583336e-02
  2.7206481e-01
 -2.2058001e-01
  8.9102548e-01
  1.0656158e-02
 -1.2569565e-01
  1.4651591e-01
 -1.8478718e+00
 -1.7267240e+00
 -2.3869378e-02
  7.5054628e-01
  8.0554718e-01
 -1.3397689e-01
 -9.1264211e-02
  1.1898606e-01
 -6.4600483e-02
 -4.8646116e-01
 -9.5794693e-02
 -4.3159083e-01
  6.3370776e-01
 -6.6655420e-02
  1.1219314e+00
  6.2799871e-01
  3.9223590e-01
  9.7398353e-01
 -1.2798234e+00
  1.0407124e+00
 -4.9985158e-01
 -3.2003230e-01
 -2.2996216e-01
 -1.6228959e-01
 -1.4040250e-01
 -6.7511088e-01
  4.0046078e-01
  3.8911095e-01
  2.2353451e-01
  2.3484693e-01
 -5.3116834e-01
  5.5761192e-02
  4.4863629e-01
 -6.5687150e-01
 -1.5839912e-01
  4.4923756e-01
  3.2188803e-02
  7.7494514e-01
 -1.9014755e-01
 -4.7499016e-02
 -1.0286705e+00
 -4.7495964e-01
  2.0592049e-01
 -4.0435755e-01
 -8.7265559e-02
  6.4930975e-01
 -3.2173088e-01
 -1.4409957e+00
 -8.1628591e-01
 -5.1798415e-01
  1.9332366e+00
 -5.8585310e-01
 -1.3581780e+00
 -4.5049280e-02
 -3.3492941e-01
 -6.4169484e-01
 -1.7191304e+00
 -5.3247232e-02
 -1.8055748e+00
  1.4089283e+00
 -1.0094912e-01
 -7.4565810e-01
 -4.4597726e+00
 -2.0796936e+00
  3.4507585e+00
 -8.2984763e-01
  7.3061931e-01
 -1.2559806e+00
 -7.8707355e-01
  2.0840150e-01
 -1.0704850e-01
  5.2195299e-01
  3.6782789e-01
  7.4652249e-01
 -8.1129003e-01
  6.5963566e-01
  4.7641039e-02
 -3.9606062e-01
  1.7329627e-03
  1.3842949e-01
  6.4948589e-02
  3.7048542e-01
  1.6572145e-01
  5.8730072e-01
  3.3495659e-01
  4.8796189e-01
 -2.9760984e-01
 -1.4178662e-01
 -3.1707132e-01
 -1.4199821e+00
  2.2212435e-01
  1.6105154e-01
 -4.3079957e-01
 -9.2952788e-01
 -4.5595288e-01
  2.8916147e-01
  1.9621183e-01
  5.4817963e-01
 -1.8281019e-01
  4.8697516e-01
  4.3276867e-01
 -7.2669798e-01
  1.0761797e-01
 -7.9579726e-03
 -2.4604460e-02
 -3.1787226e-01
 -3.3108029e-01
 -8.3523154e-01
 -1.2516067e+00
 -9.5659673e-01
 -2.1526901e-01
 -1.1098119e+00
 -2.9128730e+00
 -2.6226573e+00
 -9.2687167e-02
 -4.8372501e-01
 -1.6954244e+00
 -1.4584262e+00
 -1.0793734e+00
 -1.5867716e+00
  7.5325392e-02
 -1.3348202e+00
 -2.5640569e+00
 -3.9685637e-01
 -2.5764942e+00
 -1.5819758e+00
 -9.5105642e-01
  2.7156273e-01
  1.4784446e-01
 -8.6423010e-03
 -2.2800167e-01
  1.8237175e-01
 -6.5692902e-02
 -4.3484914e-01
 -3.8588348e-01
 -2.2548373e-01
 -3.0307540e-01
  3.4991816e-01
 -2.3171362e-01
 -1.0573456e+00
  1.8255645e-01
  1.3143194e-01
  6.6363499e-02
  9.5298372e-02
  6.1152881e-01
  7.3446326e-02
  8.0914795e-01
 -3.4421250e-01
  2.7656082e-02
 -3.5795856e-01
  1.1962413e-01
  3.3258104e-01
  4.3704890e-02
  3.0816817e-01
  1.4752838e-01
 -6.5468419e-01
  2.6100808e-01
 -2.4829462e-01
  7.8056830e-01
  2.7015769e-01
  3.0513689e-01
  3.7745264e-01
  1.6571639e+00
  1.1159444e+00
 -3.0345410e-01
 -1.3038442e+00
 -7.6086992e-01
 -2.8261167e-01
 -7.8211302e-01
  3.3073872e-02
 -2.2990952e-01
 -2.2345960e+00
  5.5455542e-01
  4.4195050e-01
  5.4006565e-01
 -4.3135038e-01
 -1.7218418e+00
 -1.1888102e+00
 -2.1994395e+00
 -3.3088062e-02
  7.2900224e-01
 -8.6473840e-01
  2.7230802e+00
 -3.3005467e-01
 -2.3245101e+00
  5.6969619e-01
 -6.5078983e+00
 -1.3192904e-01
  7.5055417e-03
 -1.1819158e-01
  5.7366502e-01
 -7.1657914e-01
 -1.1685661e+00
  3.6040843e-01
 -1.9663793e-01
 -1.6235599e-01
 -1.6523007e-01
  3.0628893e-01
  7.4926174e-01
 -4.2208111e-01
 -4.9861476e-01
 -1.0478249e+00
 -1.0329022e-01
 -2.8755197e-01
 -5.8657283e-01
 -4.2063078e-01
  2.9655044e+00
 -2.8357947e-01
  3.8862240e-01
 -1.1167092e-01
  7.6986924e-02
  2.9918376e-01
  9.1761190e-01
  2.6890078e-01
 -5.5690044e-01
  7.4103856e-01
 -8.9873129e-01
 -4.0135744e-01
 -6.0758215e-01
 -7.9193041e-02
 -1.1111246e-01
  5.5373442e-01
  3.3007029e-02
  5.9335983e-01
 -3.8664496e-01
 -1.6068560e+00
 -1.1616405e+00
 -3.0097356e-01
  5.0541836e-01
 -6.0728216e-01
  2.6375791e-01
 -2.1687821e-01
  9.6877225e-02
 -2.5823054e-01
 -3.0237710e-01
 -9.3563342e-01
 -6.8561502e-02
  1.0453361e+00
  8.5373834e-02
  2.5076261e-01
  4.7925904e-01
  1.2414175e-01
 -4.8264211e-01
  2.4017957e-01
 -4.7462821e-02
 -4.4173326e-02
  6.7897737e-01
 -3.7862235e-01
 -3.6319888e-01
 -9.8358023e-01
 -1.5475599e-01
 -2.1656394e-01
  4.1961569e-01
  5.3942823e-01
 -3.8661018e-01
 -2.7973741e-01
  5.7670879e-01
  6.0269970e-01
 -7.0021397e-01
  3.7555644e-01
  5.0266141e-01
  1.9616736e-01
 -8.5532434e-02
  3.3845827e-01
  8.9156622e-01
 -2.3219474e-01
 -6.8047822e-01
  2.5472462e-01
  4.4383085e-01
  3.9244628e-01
 -2.0835668e-01
  1.0947710e+00
 -9.0211406e-02
 -5.4956365e-01
 -7.3308367e-01
  2.1365327e-01
  5.4691929e-01
 -6.7123431e-01
  6.4014077e-01
  1.2019817e-02
  2.2713649e-01
 -1.5689852e+00
 -1.5551524e-01
  1.4519757e-01
 -3.6366212e-01
  1.2717478e-01
  4.0198585e-01
 -1.5313185e+00
 -1.7488661e-01
  7.8582868e-02
  1.4289271e+00
 -2.1780157e-01
 -2.8071508e-01
 -4.5820373e-01
  6.0891175e-01
 -2.3793645e-01
 -1.0838494e-01
  8.5195935e-01
 -2.5030044e-01
  8.7176764e-01
 -2.1360125e-01
  1.2739791e+00
 -1.8761009e-01
  1.9053397e-01
  3.5167938e-01
 -3.8458398e-01
  1.3104036e-02
  5.2802045e-02
  4.3607241e-01
 -1.8361654e-02
  4.3699232e-01
  3.8404101e-01
 -2.1250276e-01
  2.0530513e-01
 -9.5112342e-01
  5.1466912e-01
 -2.4350536e-01
  4.5021626e-01
  1.4044738e-01
  3.8778484e-02
  1.2701074e+00
 -3.4808743e-01
 -2.7235027e-02
 -3.0199924e-01
 -6.8989295e-01
 -1.2056579e-01
  2.6231470e-02
 -5.7805076e-02
 -3.0917035e-02
 -3.9251092e-01
  4.8647475e-01
 -1.0487375e-01
 -3.3674949e-01
  2.6246767e+00
 -1.1172537e-01
  1.5297060e-01
 -7.9162163e-01
 -3.2341450e-01
  1.8550390e-01
 -2.5386866e-02
 -1.5213266e-01
  2.3852146e-01
 -2.7463114e+00
  4.8344797e-01
  6.7007363e-01
 -1.5460035e+00
 -1.6528396e-01
  3.1597823e-01
  9.2324632e-01
  7.8410290e-02
  1.6543319e+00
 -1.2631939e-01
 -4.2077771e-01
  8.4277630e-02
  3.9758465e-01
 -6.9251424e-01
 -6.1788583e-01
  8.5041976e-01
 -2.4306141e-01
  3.3110738e-01
 -2.0770808e-01
 -2.0914588e+00
  4.7742817e-01
 -2.9026771e+00
 -4.6323557e+00
 -1.6143074e+00
 -2.1415751e-01
 -6.6059595e-01
 -4.0404072e-01
  1.3220522e-01
 -1.3133284e-01
 -3.6697733e-01
 -3.3917931e-01
 -2.3334539e-01
 -5.0722569e-01
  1.5772229e-01
  5.0431234e-01
  3.8519356e-01
  1.4005244e-01
  1.6186076e+00
 -3.5047379e-01
  7.0086753e-01
 -8.9211695e-02
 -1.6808566e-01
 -1.1661717e-01
  5.0449324e-01
  8.1046695e-01
  7.8958315e-01
  7.0232135e-01
 -4.4371927e-01
  3.9000669e-01
  4.0106040e-01
  4.6338476e-02
  2.0991656e-01
 -1.5266002e-02
  4.8025143e-01
 -1.8104692e-01
  1.6933843e-01
  1.6732308e+00
  7.7852815e-01
  3.0776572e-01
  3.9438403e-01
 -6.1817236e-02
 -5.7287800e-01
 -5.0257975e-01
  5.3391540e-01
 -8.4039021e-01
  1.2625312e+00
 -8.4151202e-01
 -2.3048923e+00
  2.3346503e+00
 -1.5134651e-02
 -2.4184498e-01
 -7.7138823e-01
  1.1137578e+00
  1.5429953e-01
 -1.5782521e+00
 -4.1084093e-01
 -3.0094939e-01
 -4.1374218e-02
  8.4265929e-01
  1.1848309e-01
 -4.1303858e-01
 -2.5599744e-02
  2.3258369e+00
 -6.0430992e-01
 -2.8600129e-01
  3.7015045e-01
  2.9652355e-02
 -3.4771356e-01
  4.0254754e-01
 -1.6860096e+00
 -6.1485165e-01
 -2.9114003e+00
 -2.4510133e-01
  3.9054695e-01
  9.9173121e-02
 -3.8259041e-01
  8.6821746e-03
  5.4515219e-01
 -3.7823233e-01
 -1.5049189e+00
 -4.1825104e-01
  3.4935516e-01
  1.7507510e-01
  1.2538003e+00
  3.7116584e-01
 -9.8904836e-01
  1.3156109e+00
  1.3772491e-01
 -3.2446656e-01
  1.1288840e+00
 -2.7083726e+00
  1.0120349e+00
 -6.8955503e-02
 -5.2735281e-01
 -5.4420990e-01
  6.5012348e-01
 -2.3030348e+00
 -5.6454939e-01
  4.6908832e-01
 -3.1753609e-01
  4.1837981e-01
  2.6280782e+00
 -2.1703158e-01
  6.2223661e-01
 -4.8589855e-01
  9.4505233e-01
  2.1982189e-01
 -1.0240394e+00
 -5.2003354e-01
 -1.3329821e+00
  3.4070829e-01
  1.7145257e+00
  1.7496389e-01
 -6.6924226e-01
 -1.7448176e-01
  2.8962570e-01
 -1.1141009e+00
  1.3100846e+00
  9.0089178e-01
  1.1769890e+00
 -1.4989040e+00
 -4.7129324e-01
  2.7936003e+00
 -1.0625060e+00
  1.1163944e+00
 -2.4630115e+00
  1.4715177e+00
  2.1339585e-01
  1.3885521e+00
  1.6069108e+00
 -1.4312805e+00
  9.6638715e-01
 -3.1743293e+00
 -1.1237839e+00
 -2.5998747e+00
  3.6644506e+00
 -2.8186150e+00
  1.5330939e+00
 -2.1880627e+00
 -2.8023410e+00
 -7.7201957e-01
  2.6319364e-01
 -6.7541391e-01
 -1.6160605e+00
 -4.9318689e-01
 -2.5392127e+00
 -1.3168461e+00
  1.0566099e+00
  5.8874488e-02
 -2.7894270e+00
  1.1957817e-01
  1.2227111e+00
 -5.8921522e-01
 -2.6665285e-01
  3.3971867e-01
 -5.6730253e-01
 -3.6790621e-01
 -6.2945628e-01
  2.3785787e+00
 -4.7731081e-01
 -5.1473147e-01
 -3.0953187e-01
  3.2230306e+00
  1.4602628e+00
  7.5555599e-01
 -2.4546896e-01
  2.8147326e+00
  2.2174634e-01
 -2.0115604e+00
 -4.8161453e-01
  5.4419202e-01
  2.1201237e-01
  1.0264803e-01
 -5.8408439e-01
  4.0124151e-01
  6.3610747e-02
 -3.7295771e-01
  1.6757786e-01
 -6.8447314e-02
  6.1691922e-01
  7.0525363e-02
  6.7020610e-02
  3.9649737e-01
 -6.9427475e-02
 -4.3442684e-01
  1.2358997e-02
  1.1260736e+00
  1.1329765e-01
 -2.2264041e-02
  1.2921342e-01
  1.9505917e-01
 -3.3024329e-01
  5.3542858e-01
  2.7619180e-01
  1.5187818e-01
  6.6086411e-02
  5.4882628e-01
  1.9136001e-01
 -1.2555495e-01
  9.1698188e-01
 -6.1439955e-01
 -3.7963369e-01
  5.1118153e-01
 -1.2958312e-01
 -3.3617550e-01
  4.0025717e-01
 -7.7769148e-01
  7.3647827e-02
 -2.3255568e-02
  7.9720795e-01
 -1.4828502e-01
  1.1146624e-01
  3.5197586e-01
  7.4912304e-01
 -2.0702198e-02
 -5.7987112e-01
 -1.1241504e-02
 -6.0630798e-01
  1.0652314e+00
  4.7047433e-01
 -6.8030089e-02
 -9.4091362e-01
  3.4373429e-01
 -3.3128381e-01
  1.3260235e-01
 -2.0570068e-01
 -5.4055113e-01
  6.8919048e-02
 -1.0947710e+00
 -1.5410483e+00
  1.9145745e+00
  4.1634107e-01
  1.2503587e+00
  3.6696842e-01
  9.7452974e-01
  8.8165200e-01
 -5.5135649e-01
  6.9903874e-01
 -3.2414520e-01
  4.3436530e-01
  2.3337381e+00
  7.4546379e-01
 -2.4143054e-01
 -2.0390592e+00
 -1.5444453e+00
  3.7289760e-01
  1.1511965e+00
 -7.1572900e-01
 -3.2449979e-01
 -5.9286393e-03
 -1.5245074e+00
  8.4888399e-01
  2.3306087e-01
 -3.5405245e-01
 -4.2386856e-02
  9.9064440e-01
 -7.0096904e-01
 -4.0841645e-01
  3.6837888e-01
  1.1153293e+00
  2.1822435e-01
 -1.5525192e-02
 -1.1768628e-01
 -4.9356014e-01
  8.5663527e-01
 -7.5968191e-02
  4.1302565e-01
  6.6633666e-01
 -3.1333953e-01
 -4.9504247e-01
 -7.5540739e-01
  1.4716755e-01
 -5.6052017e-01
 -5.3591263e-01
  2.1569315e-01
  2.2113869e-01
  2.1873207e-01
 -4.1285813e-02
 -6.4962584e-01
 -9.3586928e-01
  5.9923863e-01
  5.2068204e-01
  6.6843367e-01
  3.3283082e-01
  3.0351311e-01
  2.1711409e-01
 -1.9002992e-01
 -3.5458022e-01
  1.2727413e-01
 -3.7634003e-01
 -1.3297452e+00
  1.1135843e-01
 -2.0902653e-01
 -1.1916275e-02
 -6.3721538e-02
 -1.7315225e-01
 -1.0309021e+00
  1.4410181e-01
 -3.0614385e-01
  1.0505143e-01
 -5.9913382e-02
 -4.8119389e-02
 -4.5073259e-01
  6.9678634e-01
  6.2037945e-01
 -1.9750271e+00
  2.8571096e-01
  1.1985666e-02
 -1.4247738e-01
  3.0375320e-01
 -7.2530717e-01
 -2.0579240e-01
  3.1790066e-01
 -1.0307313e+00
  5.8332640e-01
 -4.8622590e-02
 -1.8056720e-01
  8.1533581e-01
  1.1405629e-01
 -2.3887981e-02
 -7.1913868e-01
 -2.9440576e-01
  1.0122908e+00
  1.6276838e-02
  1.3870254e-01
 -3.7269197e-02
 -1.7807336e-01
 -7.7206302e-01
 -3.9904833e-01
 -2.3476245e-01
  2.4823691e-01
  2.5430977e-01
  9.3776733e-02
 -1.3336762e+00
 -7.3368132e-01
  1.9908249e-01
  3.3423129e-02
  2.7330408e-01
 -1.8830026e-02
  7.0567316e-01
  6.9930404e-01
  1.0919710e-01
 -4.9799585e-01
 -3.3105406e-01
 -7.9110742e-01
 -1.4042351e-01
 -2.3149395e-01
  4.3299842e-01
  8.6138886e-01
  4.1987784e-03
 -3.9202061e-01
  1.3951291e-01
 -2.6533503e-02
  1.3678443e-01
 -1.0422098e-02
  1.6734539e-01
  5.9777737e-01
 -9.4300024e-02
  1.0122231e+00
 -3.4930829e-02
 -3.5329193e-02
 -4.0815553e-01
 -7.5826362e-02
  2.9804629e-01
  6.8012200e-02
  1.2081397e+00
 -7.5502229e-01
 -3.2214609e-01
  7.9046589e-01
 -1.5737666e-01
  1.3018474e-01
  1.6755456e-01
 -1.1669770e-01
  1.7851895e-01
  6.4317679e-01
 -4.4089481e-01
 -3.5802850e-01
  2.8216764e-01
  1.0219656e+00
 -8.9558274e-01
  2.1922854e-01
  9.4452453e-01
  1.2979390e-01
 -3.7858954e-01
 -1.1550543e+00
  6.7840415e-01
  1.3523413e+00
  3.7654433e-02
  6.3959748e-01
 -1.7855057e-01
  6.9369197e-01
  6.7939293e-01
  1.7344433e+00
  1.9966780e-01
 -9.4859904e-01
 -3.8093555e-01
 -6.2941414e-01
  2.8858442e+00
  4.8953220e-01
 -1.2710458e+00
  1.1011498e+00
  2.5628176e+00
  2.1210122e+00
  1.3512510e-02
  2.6726675e-01
 -2.7317190e+00
  1.6343623e+00
 -8.2500297e-01
 -2.2907895e-01
  2.4694131e-01
  3.5129669e-01
 -9.8364837e-02
 -1.5720652e-01
  5.4579765e-01
  9.8843761e-02
 -1.2832275e-01
  6.1605352e-01
 -1.1662983e-01
  3.0276155e-01
 -1.5607230e-01
 -1.4185070e-01
 -5.9385890e-01
  1.5187015e-01
  6.2199813e-01
 -5.5964124e-01
 -1.0080906e-01
  2.1116933e-02
  4.9738970e-01
 -3.8620168e-01
 -3.9857727e-01
  2.0666005e-01
 -1.8305652e-01
 -1.5358842e-02
 -1.0567316e-01
 -7.9973638e-01
  2.6593134e-01
  4.3194782e-02
 -1.0850788e-01
 -6.0034949e-01
 -2.4051540e-01
 -3.7505124e-02
 -2.9738161e-01
 -1.6849816e-01
 -1.9450237e+00
 -8.7696850e-02
 -4.5821689e-02
  4.7628495e-01
 -1.9358185e-01
  3.3938351e-01
  1.1714774e+00
 -3.3076066e-01
 -2.7340576e-01
 -1.5161264e-01
  1.7100465e-01
 -4.7201879e-02
  1.0482185e-01
  1.3003163e-01
 -2.5288023e-02
  8.6194135e-02
 -5.7215780e-01
  1.3578682e-01
  6.1314183e-01
 -2.2228542e-01
  4.3100038e-01
 -4.5589563e-01
 -2.3453991e-01
 -4.6870458e-01
  7.6728064e-01
 -2.2919200e-01
  1.2303129e+00
  3.5163674e+00
  1.2703135e+00
  1.4524888e+00
  2.5613048e+00
 -3.3183748e-01
  2.5447348e-01
  1.5894778e+00
  2.6596102e-01
  2.0838006e-01
  2.1680748e-01
  8.6585844e-01
  3.6466542e-01
  3.3757988e-01
 -5.7462233e-01
  2.2706242e-01
 -1.4047164e-01
  1.4117780e+00
  2.1056113e-01
  1.0088847e-01
  4.1887924e-01
  1.0270826e+00
  7.0170933e-01
  2.0512345e+00
  2.6369289e-01
  1.1317894e+00
 -1.1320475e-02
  5.8404589e-01
 -5.4636627e-02
 -2.8691626e-01
 -3.4853011e-01
 -3.7169871e-01
  2.7704277e+00
 -1.0832740e+00
  4.9311514e+00
 -3.1985781e-01
 -3.1539607e-01
  9.6177828e-01
 -1.6315969e+00
  1.8229978e-01
 -4.0177816e-01
  4.0144807e-01
  1.0752515e-01
 -2.8446761e-01
  5.1831752e-01
  1.3543619e+00
 -5.2848750e-01
  2.0426214e-01
 -1.5141112e+00
 -6.2117159e-01
 -7.4015993e-01
 -3.5125742e+00
  2.1900563e+00
 -1.2451043e+00
  3.1087208e+00
  7.1673989e-02
 -1.0238826e+00
  1.2307934e-01
 -3.3973444e-01
 -4.3078554e-01
  1.6496187e-01
  6.6773051e-01
 -5.0088227e-01
 -2.1697371e+00
 -1.2198830e-01
 -3.2979989e-01
 -1.6834466e-01
 -3.9594239e-01
  8.7845403e-01
 -4.9803174e-01
 -1.1017857e-01
 -4.9281210e-01
 -2.0874715e-01
 -1.0268526e-01
  1.5323164e-01
  5.0147697e-02
  7.1203750e-01
  4.9311930e-01
  3.0690741e-02
  1.4449737e+00
  1.1334751e-01
 -3.7676579e-01
 -3.1367266e-01
 -5.1932210e-01
  2.2515562e-01
 -2.3127535e-01
 -8.4583712e-01
  1.2266221e-02
 -1.3156602e-01
  3.5392213e-01
  2.3426530e-01
 -9.6863550e-01
  1.0494287e+00
  6.3574100e-01
  2.1104960e-01
  1.8661506e-01
  5.3673649e-01
 -5.3554356e-01
 -7.4933505e-01
 -2.7278224e-01
 -8.2813457e-02
  5.9151256e-01
  1.1782786e-01
  7.5658357e-01
  2.5626293e-01
  1.5887842e-01
  5.0941944e-01
 -9.3661213e-01
  3.8239011e-01
  2.3188952e-01
 -5.0713748e-02
 -5.1079348e-02
  5.3813094e-01
 -1.3007870e+00
  3.6815029e-01
 -3.4014994e-01
  1.5355503e-02
  4.1234514e-01
 -3.2021239e-01
  7.8581178e-01
  5.3859413e-01
  1.0177473e+00
 -2.4323873e-02
  4.5308259e-01
  1.8153670e-01
 -4.9004036e-01
 -3.5700583e-01
  6.3647658e-02
  1.1423271e+00
  3.1708136e-01
 -4.9900037e-01
  1.9986144e-01
 -1.5193070e-01
 -1.3247950e-01
  5.0848579e-01
 -1.4476307e-01
 -1.1594213e+00
  1.2088659e-01
  7.0952964e-01
  2.2181082e-01
 -1.3010354e+00
  4.1844565e-01
 -3.5083213e-01
 -7.9893953e-01
 -1.0439850e-01
  7.1659118e-01
  3.3632663e-01
  1.0748859e-01
 -1.5541071e-01
  3.5991985e-02
 -2.7381843e-01
  1.3772156e+00
  6.7937337e-02
 -7.8104639e-01
  9.3613064e-01
 -2.6739308e-01
  4.3589428e-01
  3.5147679e-01
 -1.7325372e+00
  7.2374153e-01
 -2.0937893e-01
  1.9835332e-01
  3.8404334e-02
  2.4096854e-01
 -3.5898691e-01
  4.4812450e-01
  3.8188854e-01
 -1.0107876e-01
 -1.6645792e-01
  1.0424645e+00
  6.8286821e-02
  1.0247891e-01
 -1.2026962e-02
 -2.8908998e-01
  1.2141663e-01
 -2.1262079e-01
  3.0171740e-01
  3.1619340e-01
  5.4533549e-02
  1.2970676e-01
  2.1126148e-01
  1.5637362e-01
 -4.5639452e-01
 -8.4134829e-01
 -5.5706497e-02
  1.4336325e-01
  8.1226528e-01
 -3.4770101e-01
  3.1233197e-01
 -2.5234130e-01
  6.1162519e-01
  6.6935785e-02
  5.5178905e-01
 -1.1608696e-01
  3.0668399e-01
  5.5832274e-02
 -7.4596369e-01
  5.5355233e-01
 -4.3091932e-01
  1.0238414e+00
  3.9115149e-01
 -5.4660386e-01
 -1.0533506e-01
 -5.3107959e-01
 -2.0115867e+00
  1.0721594e-01
 -7.8977346e-01
 -3.8535390e-02
  6.0609335e-01
 -8.6743754e-01
  1.4342219e-01
 -8.5896768e-02
  3.0193415e-01
  9.4243363e-02
  3.9024559e-01
 -4.5230508e-01
  1.4761668e-01
 -3.5882032e-01
 -1.3833572e+00
  2.4423872e-01
 -9.2178410e-01
  4.6281937e-01
 -3.8916752e-01
 -6.4437650e-02
  9.8379083e-02
 -6.2540585e-01
  5.1515758e-01
 -1.8862940e-01
 -1.5749307e-01
 -5.1704192e-01
 -9.3977734e-02
 -2.6620719e+00
 -2.0321882e+00
 -7.0605099e-01
  4.6496749e-01
 -2.0100706e+00
 -3.7904727e-01
 -3.9783306e-03
  1.1452029e-01
 -2.1759631e-01
 -9.1362827e-02
 -1.1745448e-01
  4.2819583e-01
  1.0520855e+00
  1.1569132e+00
 -1.7850060e+00
  1.0112767e+00
  7.2026491e-02
  8.5173625e-01
  3.0584314e-01
  4.6980494e-01
  3.8301885e-01
  3.7180194e-01
  5.4219335e-01
 -9.7732112e-02
  3.4557092e-01
  1.4158803e-01
  2.7584434e-01
  1.3153459e+00
  1.1147229e-01
  6.9538730e-01
 -1.6796324e-01
  2.0695701e-01
  7.1488947e-01
  1.0251565e-01
  4.3348256e-01
 -4.2672127e-02
 -5.8605254e-01
 -2.8527524e-02
  3.2121453e-01
  3.3048841e-01
 -9.4651319e-02
  3.8982454e-01
 -1.6000842e-01
 -2.2372369e-01
  7.7469401e-02
 -1.7934101e+00
 -8.5979141e-02
 -7.2606742e-01
 -4.5948085e-01
  1.7172596e-01
  1.5266156e-03
 -6.2244487e-01
  3.1654961e-02
 -1.6677594e-01
 -3.8414738e-01
 -2.0845020e-01
 -1.1399164e-01
  3.4742200e-01
  6.4403844e-01
  2.1690775e-01
 -4.7931924e-01
 -3.0925646e-01
  1.5827437e-01
 -3.4189177e-01
  1.8632615e-01
  2.6600063e+00
  3.0657974e-01
 -4.1734725e-01
 -7.7118385e-03
 -1.7474863e-01
 -3.7607220e-01
  4.3361670e-01
  5.6362462e-01
  7.5419378e-01
 -1.9279146e-01
 -1.4027780e-01
 -3.9754158e-01
 -3.6781037e-01
 -8.1399071e-01
  5.0894564e-01
 -6.3724804e-01
 -2.4790633e-01
 -3.2259747e-01
 -3.9269495e-01
  1.7788552e-01
  7.5370115e-01
  1.7222822e-01
 -3.7687737e-01
 -4.7846970e-01
  2.8621346e-01
  4.5931113e-01
  3.2632113e-01
 -5.6694144e-01
 -2.2174728e-01
 -1.8882890e-01
 -6.1709666e-01
 -2.0683406e-01
 -1.5911980e+00
  1.8601136e-01
 -2.9820617e-02
  2.8090310e-01
  1.3968152e-01
 -3.1719941e-01
 -6.1080702e-02
  1.9098976e+00
  5.0755161e-01
 -3.3634743e-01
  9.0436369e-01
 -9.2331898e-01
  5.1550634e-02
  1.4543374e-01
 -5.5818164e-01
  1.3137215e+00
  2.1712542e-01
 -7.6938719e-02
 -8.8974011e-01
  4.7465291e-02
 -6.4409709e-01
  1.6977472e-02
  9.6753657e-01
 -1.2797120e+00
 -1.1275321e+00
 -3.4140673e-02
 -3.0579307e+00
 -2.4475455e-01
 -5.4692034e-02
 -2.8839451e-01
  2.8147814e-01
 -5.1296866e-01
  1.2713068e-02
  1.3217968e-01
 -1.2935801e-01
  9.8095529e-02
 -2.7425227e-01
  4.5383386e-02
 -9.8005527e-01
  4.7895685e-01
  3.8228127e-01
 -3.4949165e-02
 -6.2077922e-01
 -1.4291556e+00
  1.7645758e-02
  1.3124644e+00
 -5.9760296e-01
 -3.6997655e-01
  9.4987154e-01
  1.9039859e-01
 -2.9286024e-01
 -2.2388680e-01
 -1.7268036e-01
  2.2235709e-01
  1.3635272e-01
  1.0117517e+00
 -3.0533805e-02
  1.5553562e-01
 -1.9719712e+00
 -4.9036378e-01
 -7.9200250e-01
  4.9633971e-01
 -2.2960018e-01
  6.5082783e-01
 -7.0267308e-01
  5.2345312e-01
 -1.2034895e+00
 -6.6791058e-01
 -4.7714923e-02
  1.2408035e-01
  3.2219025e-01
  9.5105231e-01
 -2.7085364e-01
 -2.1730830e-01
  2.3406217e-01
 -1.1688991e+00
 -1.2809825e+00
  1.0831749e-01
 -1.7806140e-01
  1.1028513e+00
  1.1245565e+00
 -5.1456946e-01
 -6.8137181e-01
  1.6813443e+00
 -8.4630661e-02
 -2.7406573e-01
  9.1458714e-01
 -1.8740191e-01
  3.2541820e-01
 -1.6030505e-01
 -7.0923954e-01
 -3.5936368e-01
  2.1613048e-01
 -6.7045975e-01
 -3.1595461e-02
 -1.5199588e-01
  8.0718231e-01
  1.3957392e-01
  1.1513207e-01
 -9.7268403e-02
  9.5570636e-01
  1.9138691e-01
 -2.9754898e-01
 -1.1513636e-01
  6.0901231e-01
  4.5637161e-01
  2.6051232e-01
  5.1630378e-01
 -6.1599858e-02
  3.3866760e-01
  4.3748394e-02
  2.4276192e-01
 -7.0526373e-01
 -2.4767470e-01
 -5.5291433e-02
 -5.9699231e-01
 -3.9943229e-02
  1.6301051e-01
  3.3479211e-01
 -1.3198640e-02
 -5.5488628e-01
  3.2345399e-01
  2.2305307e-01
  2.9588223e-01
 -9.7494894e-01
  1.8239944e-01
 -2.4599382e-01
 -1.0240693e-01
  7.0606256e-01
  2.5247818e-01
 -1.0910463e-01
 -9.0184182e-02
 -1.6862318e-01
  9.2019722e-02
 -5.0979948e-01
 -2.7845809e-01
  5.0936960e-02
  2.9298219e-01
 -3.4862688e-01
  5.3649317e-02
  8.0120517e-05
 -4.4994888e-01
 -1.0456177e+00
 -5.0142205e-01
 -9.3363494e-02
 -2.1793865e-01
 -1.2228694e-01
  1.6019234e-01
  2.0801817e-01
  2.0575294e-01
 -4.0620181e-01
 -3.8808236e-01
 -5.5451840e-01
  3.4670882e-02
  5.0874090e-01
  9.3623370e-01
 -9.8032939e-01
  6.9145590e-01
  3.2197911e-01
 -3.9655107e-01
  5.2169065e+00
 -4.4174176e-02
  8.8645145e-02
 -6.5288198e-01
 -3.2054093e-01
 -5.3712940e-01
  1.5719663e-01
 -1.8286477e+00
  3.1400576e-02
  1.0469728e-01
 -2.3463857e-01
  5.5958045e-01
  5.2429402e-01
 -2.6675871e-01
 -6.8286084e-02
 -1.9776584e-01
  3.8696572e-02
  1.0639725e+00
  1.7202660e-01
 -5.5547035e-01
  8.6653784e-02
 -7.9502184e-03
 -2.3585229e-01
  3.3632106e-01
  1.2530055e+00
 -8.3348550e-02
 -1.0318164e+00
  4.7380736e-01
 -9.7244009e-03
 -6.3022316e-02
 -3.0899766e-01
 -9.4819784e-02
  3.0710989e-01
 -2.1566568e-01
 -4.6648601e-01
  2.5369078e-01
  2.2068819e-01
  1.3380653e-01
  1.6995735e-01
  2.1807845e-01
  1.0070726e-03
 -4.3379530e-01
  1.8725583e-01
 -2.0256896e-01
  7.8515041e-01
 -1.4913704e-01
 -5.6913507e-01
  3.9460936e-01
 -6.3555217e-01
  1.8493796e-02
 -6.6618782e-01
 -8.3846796e-01
  1.0136491e-01
 -8.1463896e-02
  2.9167676e-01
 -9.0691686e-01
 -1.0167770e+00
 -1.2097059e+00
 -8.2155980e-02
  7.0020631e-02
  1.0270116e+00
 -1.2038608e-01
  1.1773007e-01
  1.8093022e+00
 -9.7644791e-02
 -1.7221698e+00
 -1.0707128e+00
  2.1589699e+00
 -3.3533141e-01
 -8.4165001e-01
 -2.5415287e+00
  2.9805649e-02
  2.2801554e-01
 -6.6610682e-01
 -1.4721719e+00
 -1.0579165e+00
 -5.6910876e-02
 -2.3497367e+00
  8.3457701e-02
  4.1991502e-02
 -4.6534386e-01
  5.1225525e-01
 -1.0982703e-01
  1.4638078e-01
 -4.2919099e-01
  5.4241425e-01
  6.2113516e-02
  3.9298451e-01
 -2.5793967e-01
  8.8070840e-01
 -7.1045184e-01
 -2.2290298e-01
 -2.1751089e+00
  4.1868681e-01
 -3.5967728e-01
 -2.0424795e+00
 -9.5377189e-01
 -1.2993944e+00
 -8.2082950e-02
  1.2026421e-01
  6.2438000e-02
 -1.5696673e+00
 -1.8007447e+00
  1.1596216e+00
  1.4644417e+00
 -3.1949856e+00
 -3.0259264e+00
  8.8282502e-01
  2.4730611e-01
  2.3297217e-01
 -2.8795737e-01
 -1.4089797e-01
  1.0782952e+00
  6.5477914e-01
 -3.4733942e-01
  3.2274565e-01
  8.6100519e-02
 -4.9105966e-01
  3.1185624e-01
 -2.6544124e-02
 -4.5526031e-01
  1.0575181e-01
  1.6924131e-01
  7.3286200e-01
 -2.3671786e-01
  2.6873571e-01
 -2.6209494e-01
 -4.5292124e-01
  3.8298008e-01
 -1.9868566e-02
  1.9091269e-01
 -4.0900984e-01
 -1.0695598e+00
  4.6434605e-01
  1.0082617e-01
  2.1967937e-01
  7.4354112e-01
  9.0479575e-02
  1.4895517e-01
 -8.4290373e-01
  1.9632870e-01
 -5.2890140e-01
 -1.2530664e-01
  2.1988938e+00
  4.4706357e-01
 -5.9576076e-01
  4.9362060e-01
 -5.2968377e-01
 -1.3366729e-01
  2.2592135e-01
 -1.7741862e-01
 -4.4194746e-01
 -1.1854996e-01
  7.1644801e-01
  7.0515597e-01
  4.3299264e-01
  1.9171333e-01
  1.3216304e+00
 -3.1728819e-01
  2.8141674e-01
  1.3148308e-01
 -8.0871105e-02
  2.4110650e-01
  2.3597977e-01
 -1.0227891e-01
  7.7617979e-01
  1.7354053e-01
 -4.7658503e-02
  7.3263264e-01
  4.7071186e-01
 -1.6839984e-01
 -3.7132889e-01
  3.6540926e-01
 -7.1531892e-01
 -1.2544329e-01
 -5.1895577e-01
 -3.3246407e-01
 -5.7194579e-01
  3.0341458e-01
  1.0297447e+00
  1.2491727e+00
  1.2848702e-01
  4.3855670e-01
  5.1419026e-01
  6.7257784e-02
  1.6648230e-01
  1.0021256e+00
  2.5013882e-01
 -1.0672303e-01
  6.8211448e-01
  2.0248480e+00
  8.2882297e-01
  1.6649634e-01
  5.9436810e-01
  4.9138382e-01
 -4.9471033e-01
  1.3362862e-01
  1.7651737e-03
 -9.6890283e-01
 -1.9431424e-01
  3.9006183e-01
 -5.3608543e-01
 -3.9799887e-01
 -7.0486253e-01
 -4.6703786e-01
  1.7961909e-01
 -1.8650967e-01
  2.4544226e-01
 -3.6125854e-01
  1.2345328e-01
  1.4767013e+00
  2.9425561e-02
  3.2401907e-01
 -7.4616075e-02
 -3.5005513e-01
  4.1369992e-01
 -3.5471234e-01
 -6.4620107e-01
 -2.2377360e-01
 -1.7943054e-02
 -1.1571705e+00
  2.9262114e-01
 -9.6622668e-02
  1.9577120e-01
  2.0518522e-01
  9.5656835e-02
 -1.1500932e-02
  1.7259197e-01
  4.9884316e-01
  6.8477809e-01
  1.4511925e-01
  1.2174191e-01
  1.3820890e-01
  2.4088594e-01
 -8.4995788e-01
  4.9613905e-01
 -6.3130552e-01
  2.7513400e-01
 -1.1326916e+00
  7.0351779e-01
  4.8676401e-02
  5.4499906e-01
 -1.8159638e-01
 -6.8419147e-01
  1.9297369e-01
  6.7691463e-01
 -8.4580517e-01
  3.9520878e-01
 -7.4884605e-01
  3.8296720e-01
  2.0338550e+00
 -1.9054145e-01
 -6.5900493e-01
 -4.8125404e-01
  8.8038027e-01
  1.4986198e+00
 -7.8585547e-01
  3.4816083e-01
  2.4284284e-01
  1.1226383e+00
  7.3597604e-01
 -4.6601817e-02
 -1.6402054e-01
  1.3774756e+00
  4.7135440e-01
  2.7538803e+00
 -1.0719413e-01
  5.5061162e-01
  3.1528607e-01
 -9.1612059e-01
  1.3204451e+00
 -3.1170502e-01
  3.0386946e-01
 -7.7783294e-02
  3.1615171e-01
  1.0743021e-01
 -2.4091400e-01
 -7.0178193e-01
 -9.8369998e-01
 -1.1404215e-01
 -5.0162780e-01
 -4.4571081e-01
  1.4310813e-01
 -3.4451589e-01
  4.3831816e-01
 -7.7177435e-03
  1.9445591e-01
  6.4882016e-01
 -1.8020256e+00
 -3.2687756e-01
 -1.0722343e+00
 -3.6482719e-01
  7.5399280e-01
 -2.1194905e-01
 -1.7837286e-01
 -9.2329967e-01
 -1.5219791e-01
  2.9885632e-01
  8.4459387e-02
  4.8678005e-01
 -3.8731793e-01
  4.1902822e-02
 -5.5639941e-01
 -1.2766062e-01
 -5.6068408e-01
 -2.1131785e-01
 -3.2947007e-01
  6.0742795e-01
  1.1672919e-01
  1.7075521e-01
 -1.0897686e-01
 -6.8007594e-01
 -3.3870416e-03
  2.0189203e-01
 -9.3173057e-01
 -1.6199595e-01
  7.1248543e-01
  3.1477280e+00
 -2.7519869e-02
  1.8722013e-01
 -3.9397072e-02
 -3.0012789e-01
 -9.0766817e-01
 -3.3585064e+00
 -6.6515326e-01
  8.7092258e-02
  2.2459445e+00
  7.5589204e-01
 -1.3445598e-01
 -1.3080372e-01
  1.3222276e+00
  3.0719951e-01
 -5.5240345e-01
 -1.5644264e+00
  7.8479481e-01
 -1.1297671e+00
  1.0620459e+00
  1.3825657e+00
 -5.7959992e-02
  2.8583274e+00
  1.0623333e+00
  3.5124654e-01
 -1.2005046e-01
 -1.5612599e+00
  2.7448108e+00
  7.8771406e-01
  1.1529777e+00
 -1.3293591e+00
  1.5045575e+00
 -1.7111124e-01
  6.3004419e-02
  3.1027713e-01
 -2.1625434e-01
 -3.1606296e-01
 -9.1375697e-01
 -6.6588646e-01
 -6.7887431e-01
  3.7054124e-01
 -6.4006621e-01
  1.8324876e-01
  3.4145582e-01
  7.3294026e-01
 -5.1772136e-02
 -5.8418518e-01
  2.6895078e-02
  7.6993620e-01
  7.5710589e-01
 -7.4918890e-01
 -1.0255890e+00
 -2.8797665e-01
  3.3633727e-01
  7.0889354e-01
 -4.6972251e-01
  7.7999735e-01
 -3.0684817e-01
 -4.9375197e-01
  1.1024996e+00
 -3.7043744e-01
 -9.9219191e-01
  1.5131366e-03
 -1.2512914e+00
  1.0366012e-01
 -7.3260534e-01
  4.7006375e-01
 -2.0457226e-01
  3.7523195e-01
  2.3251275e-02
 -5.1082301e-01
  6.8569452e-01
  2.6303142e-02
 -3.8197839e-01
  1.3451869e+00
 -5.0055432e-01
  1.8819928e-01
 -3.1462371e-01
 -3.2072112e-01
  3.7914956e-01
 -3.0379391e-01
  1.8488376e+00
  8.6922652e-01
 -2.4813940e-01
  4.3375787e-01
  2.1404080e-01
 -4.9946010e-01
  1.1980156e+00
 -1.9483576e+00
 -1.3761551e+00
 -1.2030550e+00
  1.9656109e+00
 -5.7311773e-01
  1.3566332e-02
  5.7782277e-02
 -6.1794795e-02
 -4.5343155e-01
 -7.3282629e-01
  1.3912258e+00
 -5.6004012e-01
 -4.4987154e-01
 -1.1704222e+00
  6.0678506e-01
 -2.6024657e-01
 -5.5330998e-01
 -7.7428080e-02
  8.8448501e-01
  4.5531276e-01
 -3.3829132e-01
  4.3875271e-01
  1.2286662e-01
  4.7856596e-01
 -5.5641991e-01
 -6.0106033e-01
 -1.7787938e-01
  5.6131184e-01
  3.0501562e-01
 -1.1313172e-01
 -5.0177015e-02
  5.0410402e-01
  4.1068810e-01
 -4.8952892e-01
  2.0270368e-01
  9.9637735e-01
 -3.0488473e-01
 -1.0365595e-01
  4.6068317e-01
 -6.7232150e-01
  7.0289838e-01
 -3.9212245e-01
  5.1487541e-01
  2.5803617e-01
 -5.3102040e-01
 -1.9780351e-01
 -6.7144535e-02
 -3.9815634e-01
  4.5465404e-01
 -8.2975018e-01
 -1.4041164e+00
 -1.4439632e+00
  1.6310081e-02
  3.7416419e-01
  3.9750013e-01
 -9.9048364e-01
 -5.9477389e-01
  1.4696595e-01
 -1.0024047e+00
 -6.0355145e-01
 -9.3578016e-03
 -7.2029227e-01
 -5.2386439e-01
  1.5951293e+00
 -8.9697236e-01
 -5.1453674e-01
  2.9441622e-01
  1.2976221e+00
 -8.2086128e-01
 -2.7012432e-01
  2.6645041e-01
 -1.4802675e+00
  3.3452290e-01
  1.1442403e-01
  1.9583683e-02
 -4.1029331e-01
  4.2666130e-02
 -2.1906520e-01
 -4.0541697e-01
  8.1929512e-02
 -6.4295262e-01
  1.7393889e-01
 -7.4116659e-01
  6.8595541e-01
  3.2997731e-02
 -1.0843067e-01
  8.9947090e-02
  3.2177493e-01
 -1.7480670e-01
 -5.8618540e-01
  1.4945394e-01
 -8.8656873e-02
 -8.9456713e-01
 -1.9646895e-01
  9.2439115e-01
  8.2655007e-01
  1.4012702e+00
 -4.2345551e-01
 -8.1124380e-02
 -4.5254767e-02
  6.5870893e-01
  9.6195251e-01
 -6.0464376e-01
  9.0475820e-02
 -8.7290257e-01
 -1.2902297e-01
  1.2588057e-01
  2.6455507e-01
  8.3903894e-02
  3.4920916e-01
  2.5763132e-02
 -4.5234125e-02
 -9.7467887e-01
  1.7950173e-01
  2.1259427e-01
  1.8051483e-01
 -5.5276495e-01
 -2.6514059e-01
 -2.7103689e-01
 -1.2838361e-01
  2.5081247e-01
  6.8425822e-01
 -5.0706911e-01
 -6.6314107e-01
  1.7273289e-01
  1.4213130e-01
 -4.2811194e-01
 -5.4707742e-01
  1.5500820e-01
 -1.4723957e+00
 -2.8012061e-01
  1.9495443e-01
  5.6798381e-01
 -9.8532677e-02
 -5.9181035e-02
  2.0005375e-02
 -6.9736922e-01
  1.9852062e+00
 -1.8314587e+00
  4.3854392e-01
  3.3413984e-02
 -1.7048214e-01
 -2.0602895e-01
 -5.7146513e-01
 -1.3328946e-01
  8.5716575e-02
 -8.5885920e-02
  1.9571587e-01
 -1.9285913e-01
  3.7176505e-01
  2.9963583e-01
 -2.6071385e-01
  4.2200038e-01
  4.2827122e-02
 -1.3298875e+00
  3.2091312e-02
  2.4610226e-01
  3.4599879e-01
  1.9507726e-01
 -7.8775561e-01
 -7.1762361e-02
 -8.7983406e-01
  1.7329764e-01
 -2.0078108e-01
 -2.6099020e-01
  2.1652591e-01
  1.1325793e-01
  5.8214712e-01
  9.7569153e-02
 -5.3620738e-01
  1.1770903e-01
 -3.6943355e-01
  9.1242385e-01
 -4.3046486e-01
 -7.8239483e-01
  1.5958916e-01
 -1.8786170e-01
 -5.9671756e-02
  2.0213109e-01
 -2.7806500e-01
 -2.5421014e-01
  1.4178071e-03
  7.4271309e-01
  8.9992332e-01
  6.7027523e-03
  2.4553104e-01
  2.7754584e-01
 -5.6503201e-01
 -2.5835720e-01
 -7.3594481e-01
 -4.9826914e-01
 -1.2704160e+00
  7.0753735e-01
  5.2220523e-01
  8.2018532e-02
  4.1655782e-01
  5.6699771e-01
 -1.4721185e-01
  3.1124678e-01
  7.9533678e-01
  1.0175198e-01
  7.6706457e-01
 -1.4348011e+00
 -2.7752322e-01
  1.3224924e-01
  5.6430733e-01
 -3.1317466e-01
 -9.6291196e-01
 -1.5791474e-01
  1.0154948e+00
 -1.2313373e-01
 -4.3583304e-01
  2.3656166e-01
  1.4080866e-03
  1.5933752e-01
  1.0665089e+00
 -3.0273211e-01
  9.5330290e-02
 -1.8625788e-01
  1.6515501e+00
  2.3448700e-02
 -2.7453858e-01
  7.6916069e-04
 -7.4660087e-01
  9.5557310e-03
 -5.1657580e-02
  2.7927813e-01
  2.3309661e-01
  1.6866082e-01
  9.0909666e-01
  4.2298928e-01
 -7.4539441e-01
  1.0445489e-01
 -2.1772887e-01
  1.5444618e+00
 -1.4168152e+00
  1.8828291e-01
 -9.7258592e-01
  6.0732013e-01
  5.6205720e-02
 -2.4599627e-01
  3.2600921e-01
  2.9369208e-01
 -2.7500892e-01
 -4.6140790e-01
  1.1130732e-01
  3.4422842e-01
  6.1312687e-01
 -2.7883537e+00
 -1.3458393e+00
 -1.9185646e-02
 -1.7893635e-02
  8.9604318e-01
  2.8452101e-01
 -7.0420498e-01
 -5.1893061e-01
  8.9049911e-01
  6.1564945e-02
  1.6527191e+00
 -7.8560555e-01
 -3.4767270e-01
  6.7023951e-01
  3.0658491e+00
  8.5564333e-01
  3.7831509e-01
 -3.5303104e-01
  5.7277102e-03
 -2.6060879e+00
 -4.8866229e+00
  1.6761823e-01
 -1.2495427e+00
  2.9198687e+00
 -1.2928033e-01
 -4.2373917e-01
 -1.0336861e-03
 -4.4582510e-01
  3.7327731e-01
 -1.2652485e-01
  2.8639364e-01
  4.5711470e-01
 -2.2457397e-01
  5.7679892e-01
 -5.5546612e-01
  2.1357955e-01
  3.2578550e-02
 -2.2786780e-01
  6.3744664e-01
 -1.2349336e+00
 -2.4697171e-01
  6.8467319e-02
 -1.5848190e+00
 -2.5385067e-02
  7.1800642e-02
  2.0303733e+00
 -2.7178699e-01
 -6.9465011e-02
  3.0503783e-01
 -2.4499181e-01
  1.4489037e-03
  1.7205479e+00
 -2.0994024e-01
 -6.0546112e-01
 -2.3841233e+00
  1.0710553e+00
  6.0022843e-01
  1.1130042e+00
  3.6486697e-01
 -9.6340932e-02
  2.6137289e-01
 -1.7962496e+00
  1.1129752e+00
 -1.4083973e-01
 -2.8088467e-02
  1.4206675e-01
 -5.0865966e-01
 -9.5084935e-01
 -1.0394050e-01
  1.1280960e+00
  4.6586509e+00
  1.8933612e+00
  2.5250891e-02
 -1.0371538e-01
 -1.9265234e-01
 -8.9134258e-01
  1.2444060e-01
  3.2465532e-01
 -5.6584847e-01
  9.2800951e-01
  1.4964594e-01
 -8.2682735e-01
 -1.6390653e-01
  1.6495944e+00
 -4.9908724e-01
 -5.5953896e-01
  1.0849057e-02
  1.0864518e-01
 -2.7207232e+00
  1.6796461e-01
  4.9599069e-01
 -3.8445854e-01
 -1.0536363e+00
  3.5327202e-01
 -1.7512912e-01
 -6.9987518e-01
  1.0002242e+00
  2.6560025e+00
  3.8249308e-01
 -3.0594087e-01
  9.1723984e-01
  1.2951461e+00
 -6.2756963e-02
  7.7804685e-02
  1.3128648e-02
  1.1629466e+00
  8.1680873e-03
  2.6552901e-03
 -6.7790341e-01
  9.9178642e-01
 -6.1319351e-01
  1.9849916e+00
  9.2382306e-01
  1.2495045e-01
 -3.1028700e+00
 -1.1344599e+00
 -2.7745682e-01
  4.1376454e-01
  4.4637551e+00
 -8.8542527e-01
 -1.7480060e-01
 -4.3279999e-01
  4.8478258e-01
 -3.3843163e-02
  2.6415911e+00
  4.0163260e+00
  9.0967840e-01
  2.4513479e-01
 -1.0034302e+00
 -5.1340446e+00
 -6.5869433e-01
 -1.7003479e+00
 -4.8997825e-01
 -9.6246839e-01
 -6.2469326e-02
  1.9254061e+00
 -2.7113562e+00
 -4.6317926e-01
 -2.8466329e-01
 -1.2490594e+00
  7.3895115e-01
  1.2677150e+00
 -2.7319896e-01
  1.0193535e-01
 -1.9542667e-01
 -8.5409772e-01
 -4.8040229e-01
  3.0405954e-01
  1.5733193e+00
  1.4644477e+00
 -1.1907482e+00
 -1.8741742e+00
 -1.6402268e+00
  1.2350919e+00
  3.4144263e+00
 -6.2487292e-01
 -9.0383232e-01
 -1.6916506e+00
  2.9065132e-01
  4.7197151e-01
  5.2224159e-01
  8.3985817e-01
 -4.1904631e-01
 -4.9512845e-01
  8.8448979e-02
  2.1402152e-01
  6.6935998e-01
 -2.3731962e-01
 -4.2897099e-01
 -4.8130956e-03
 -6.2049594e-02
  1.0426713e+00
 -8.6564952e-01
 -5.9867948e-01
 -1.1010140e-01
  2.4321536e-02
 -3.1770906e-01
  9.9385679e-01
 -4.2528024e-01
  3.0778250e-01
  1.2897482e+00
  1.0816780e+00
 -7.2105330e-01
  1.4517856e+00
 -4.8166275e-02
 -2.8251579e-01
 -2.5859965e-02
 -2.5957689e-02
 -6.9159842e-01
 -3.2895491e-01
  1.2343435e-01
  6.4297688e-01
 -8.3969720e-02
 -4.9266826e-02
  2.9295620e-01
  1.1554936e+00
 -1.1527854e+00
  1.3612286e+00
  2.2755666e-01
  1.0479512e+00
 -1.1586950e+00
 -2.0226665e-02
 -1.7030030e-01
  4.9198008e-01
 -5.3559363e-01
  1.4250023e+00
  1.4994941e-02
 -2.2767694e-01
 -1.4687364e-01
 -1.1404257e+00
 -1.6978894e-01
  1.9179921e+00
 -3.8928431e-01
  3.8376514e-02
 -2.2154019e+00
  2.8419685e-02
 -2.0293944e+00
 -1.8592495e-01
  1.0958691e+00
 -5.7893240e-01
  1.0562961e+00
 -3.0493835e-01
  7.0449406e-01
 -1.0562936e+00
  6.5265840e-01
  6.0883188e-01
  7.3306128e-02
  4.1130385e-01
 -1.4395851e+00
 -4.2960247e-01
 -3.3355832e-01
  8.9162582e-01
  2.0001067e-01
  7.0126742e-02
 -1.3709031e-01
  1.4556558e-01
 -2.1647729e-01
 -2.8133467e-01
  2.4874162e-02
  4.7300112e-01
 -1.1171583e+00
 -8.8091004e-01
  2.7580452e-01
  4.2243567e-01
 -3.5453242e-01
  2.9677069e-01
  2.5048259e-01
 -8.3676942e-02
  2.2989394e-01
 -3.5921615e-02
  3.8151282e-01
  2.1844587e-01
  1.3698373e+00
  3.5400498e-01
  5.6983280e-01
  2.1108708e-01
 -1.4000058e+00
 -2.1568280e-01
  7.9911065e-01
 -1.4376997e+00
  6.7552533e-03
 -9.1119699e-02
 -5.1353335e-01
  4.4537854e+00
  1.5950397e-02
 -2.6843837e-01
 -2.1454224e-01
  5.0252810e-02
 -2.8988091e-02
 -1.3889011e+00
  9.1762535e-02
 -5.5546546e-01
  1.1477532e+00
 -8.2594492e-02
 -9.6602571e-01
  9.1228746e-02
 -3.1800893e-01
 -6.7751318e-01
  1.1317307e+00
  3.4694299e-01
 -4.6179494e-01
  2.8947306e-01
  4.7544238e-01
  5.0831646e-01
 -3.9612201e-01
  1.5921518e-01
  4.6877968e-01
  3.2944399e-01
 -2.7161503e-01
  3.1761849e-01
 -5.5908836e-02
  1.1105154e+00
 -5.5581027e-01
 -4.4223142e-01
 -1.1347448e-01
 -9.8288439e-02
  2.6371974e-01
  3.4890139e-01
 -1.1556090e-01
 -8.9359611e-02
 -5.2944589e-01
 -5.6531937e-03
  3.0725351e-01
 -1.6679126e-01
 -5.6273043e-03
  4.5615727e-01
  9.2379615e-02
  7.0227131e-02
 -2.8613183e-01
  2.4929062e-01
  9.8145962e-02
 -3.1875712e-01
 -1.5499748e-01
  4.0189572e-02
  6.8992788e-01
  5.1346385e-01
 -5.8983588e-01
 -1.5710817e-01
  6.4799517e-02
  8.3067924e-01
 -1.6133040e-01
  8.4705001e-01
  2.1212617e-02
  1.6251190e-01
 -1.3403961e-01
  2.2560622e-01
  6.2445998e-02
 -4.8029628e-01
 -1.2576829e+00
 -3.8006929e-01
 -9.8940834e-02
  2.6743031e-01
 -4.3324557e-01
 -1.2183921e+00
  1.6773838e-01
  2.3686896e-01
  2.2609986e-02
 -1.0042341e-01
 -9.0119326e-01
  2.1326260e-01
  2.5980872e-01
  7.8328662e-02
 -1.7296143e+00
  5.0390375e-01
 -9.9375558e-01
 -2.8639141e-01
  6.9596171e-01
  1.9737770e-01
  5.4621059e-01
 -8.4306246e-01
 -1.8149526e-01
  1.4775482e-01
 -2.5965038e-01
 -3.7210530e-01
 -4.7305305e-02
  2.3439129e-01
  1.5804473e-02
  1.1172672e-01
 -6.2835790e-02
 -8.1476085e-02
  3.3702546e-01
 -2.5481772e-01
  5.2585337e-02
  5.0075453e-02
  1.0113192e-01
 -7.0680726e-01
  9.6290684e-01
  2.2674267e-01
  6.2479126e-01
  3.5755068e-01
  1.4358835e-01
  7.9815179e-01
  6.9957584e-01
  9.3752939e-01
  8.9007562e-01
  3.8039643e-01
  1.6301997e-01
 -4.2150069e-02
  2.2505972e-01
 -4.1333169e-01
  1.7029986e-01
 -2.0644911e-01
 -2.3650382e-01
  2.7460720e-02
  6.8622285e-01
  1.4663628e+00
 -1.2793002e+00
 -5.3994191e-01
  1.2524419e+00
  1.2270798e-01
 -1.4158076e-01
 -5.0496936e-01
 -4.4372100e-01
 -7.4865007e-01
  9.3574816e-01
  2.0482256e-01
 -7.9488933e-01
 -4.1850382e-01
 -6.8400428e-02
  5.9213698e-02
  4.9312699e-01
 -1.0923436e-02
 -4.7586975e-01
  1.9383048e+00
 -3.9473656e-01
  1.0651385e+00
 -3.3922812e-01
  1.6795181e-02
  2.2516011e-01
 -2.4138402e-02
  3.1999123e-01
 -9.3375213e-02
 -1.3909018e-01
 -5.3895444e-01
 -5.4960009e-03
 -6.3418049e-01
  1.3311929e-01
 -6.3669086e-02
  3.3277443e-01
  2.0239556e-01
 -2.0619579e-01
 -2.6397300e-01
  1.3977930e-01
 -3.5747850e-01
 -5.2686727e-01
 -3.3373839e-01
 -4.0060484e-01
 -9.4013952e-02
 -1.3293660e-01
  6.6623837e-01
  3.0166912e-01
  3.9121467e-01
 -9.6549338e-01
 -1.3968588e-01
  1.1028332e+00
  7.3744789e-02
 -1.8238218e-01
  1.8024950e-01
  1.7855909e+00
  1.9706787e-01
  1.4068866e+00
 -1.0994553e-01
 -1.8335989e-01
  2.8049883e-01
  2.8503925e-01
 -3.5530436e-01
  5.6456101e-01
  3.4026471e-01
  1.3972636e-01
 -4.6627963e-01
 -5.9380108e-01
 -1.8574956e-01
 -1.7071812e-03
  2.6326928e-01
 -7.9981670e-02
  1.2058207e+00
  1.4187311e-01
  7.1267009e-02
  4.0631335e-02
  6.6761857e-01
 -4.3812297e-02
 -3.7753999e-01
 -2.7581915e-01
  1.0370449e-01
 -9.3657626e-03
  1.1660892e-01
  9.0006977e-01
 -3.8691089e-01
 -4.6136343e-01
  3.7560901e-01
 -1.5483323e-01
  3.7312812e-01
 -2.1188962e-01
  5.1042187e-01
 -1.2978940e+00
  2.2769563e-02
  1.9867976e-01
 -5.5722469e-01
 -5.6774020e-01
 -1.8492891e-01
  2.9463252e-01
 -5.3447235e-01
  5.6499109e-02
 -1.3152477e-01
  9.0002847e-01
 -5.8753145e-01
 -8.3257097e-01
  2.3672709e-01
  1.3094547e-02
 -3.3190909e-01
  2.7803901e-01
  1.0764953e-01
  6.8116947e-03
 -2.4872400e-01
 -1.0142756e-02
  6.4343631e-01
  2.8751391e-01
 -1.0126493e+00
 -3.4268382e-01
  5.9065338e-02
  4.8374104e-01
 -1.7457856e-01
  4.7011230e-02
 -1.2565509e+00
 -1.8262036e-01
  2.9187354e-01
 -9.1359787e-02
 -3.5086781e-01
  5.8090138e-01
  2.6487422e-01
  4.5724928e-01
  2.0764096e-01
 -1.0136882e+00
 -3.5931492e-01
  8.7753105e-01
 -5.9742767e-01
  1.9783410e-01
 -1.7626616e-01
  6.9102240e-01
  7.4252397e-02
 -7.9789251e-01
  3.8674824e-02
  1.3283746e+00
  2.9147327e+00
  1.9475652e-01
  6.3048667e-01
  3.1247863e-01
  1.9889833e+00
  2.0929404e-01
  6.5710729e-01
 -7.1755193e-02
 -8.1059359e-02
  2.4967496e-01
 -4.5638114e-01
  1.0676556e-01
  3.4255522e-01
  2.0955014e+00
  4.7724539e-01
 -7.0436317e-01
 -3.3028364e-01
 -9.7986594e-02
 -6.0687703e-01
  3.1338567e-01
  3.6157179e-01
 -9.4987169e-02
 -8.3472162e-01
 -3.8590133e-02
 -1.3169276e+00
 -4.3121081e-02
  8.7096387e-01
  5.3436792e-01
 -1.7618265e+00
 -2.4891318e-01
  9.6742906e-02
 -3.2064743e+00
  1.5781619e-01
  9.2906243e-01
  7.2097051e-01
  1.1140632e-01
 -3.2088871e-03
  2.9775193e-01
 -9.7521476e-02
 -1.6187090e-01
 -7.5630300e-02
 -8.0439723e-01
  1.2060207e+00
 -1.3173483e-01
 -6.5375185e-01
  4.9110273e-01
  1.5819891e-01
 -2.7857352e-02
  7.2611821e-01
 -1.5915604e-01
  1.9048032e+00
  3.3985525e-02
 -5.5444664e-01
  2.4066676e-01
  1.4963128e-01
  9.8590428e-01
 -2.8291109e-01
  3.4643722e-01
  2.4768775e+00
 -1.8650065e-01
  1.4227312e+00
  2.2140773e-01
  1.4832848e-01
  1.6805139e-01
  4.9070972e-01
  5.0312597e-01
  1.3056482e+00
  1.0624763e+00
  6.3283503e-01
 -5.1695764e-01
 -2.3100379e-01
 -6.3471246e-01
  6.8646151e-01
  1.7258628e-01
 -2.3614129e-01
 -7.4062102e-02
 -3.5086375e-01
  1.6540317e-01
 -7.9173344e-01
  5.5133337e-01
 -1.0524009e+00
  1.0168005e+00
 -4.0804330e-01
 -8.8674352e-02
 -2.3412955e-01
 -6.8544406e-01
 -2.8773069e-01
 -2.3429899e-01
  1.3194202e+00
 -7.8174901e-01
  3.2571504e-01
  2.6370075e-02
  2.8882995e-01
  7.5495437e-02
  4.0007836e-01
  7.8911260e-02
 -3.7230545e-01
 -6.3143939e-01
  4.8363872e-02
 -7.9531920e-01
  1.6134706e+00
  1.0163134e-02
  5.9217769e-01
  3.2127291e-02
  1.2485603e+00
 -1.7075181e+00
 -2.7504885e-01
  6.2208045e-01
  6.7484528e-01
  1.1300532e+00
  9.6439928e-01
 -3.2347855e-01
 -5.9333169e-01
  1.1476185e+00
  2.6921564e-01
  3.6891815e-01
  6.6434756e-02
  8.2046342e-01
 -4.6464407e-01
 -3.1872261e-01
 -3.3991399e-01
 -8.7366325e-01
 -8.2773030e-01
 -2.3217523e-01
 -1.3558075e-02
 -1.4132956e-01
 -1.0154817e-01
  6.0756588e-01
  9.2971778e-01
  2.8270516e-01
 -1.7141896e-01
 -4.5522821e-01
  1.6495626e-01
  1.9092689e-01
 -1.1336255e+00
 -2.8048733e-01
 -6.4497203e-01
  1.0657978e+00
  9.7614624e-02
  1.4951131e+00
 -2.4668555e-01
 -2.8694230e-01
 -8.3515510e-02
 -3.8994929e-01
  6.9032776e-01
 -9.4707841e-01
  5.4758686e-01
  2.1290596e-01
 -5.1394361e-01
  1.4960000e-01
  5.6066942e-01
 -1.2219302e-01
 -1.2423564e-01
  3.6518434e-01
 -5.4429792e-02
  4.2809114e-01
  7.0918870e-01
  7.6237744e-01
  5.8354813e-01
 -2.3702778e-01
 -5.6723011e-01
 -1.6913405e-01
 -6.1147773e-01
  4.2647579e-01
  2.0532486e-01
 -1.0945294e-02
  7.9975873e-02
 -1.8464881e-01
 -4.3613610e-01
 -1.5376213e-01
  6.1025258e-02
  2.1395669e-03
 -4.2649806e-01
 -1.5192433e-02
 -7.0892513e-02
  1.2648548e-02
 -5.7007742e-01
 -1.6212561e+00
 -2.5257275e+00
  1.0678205e+00
  1.6788871e+00
 -1.6805346e+00
 -6.1494905e-01
  1.8495010e+00
 -8.8415474e-02
  4.0896472e-01
 -9.8180109e-01
  3.3184606e-01
 -3.9518252e-01
 -1.8176121e+00
 -6.8655521e-01
 -1.1388012e+00
 -7.0378381e-01
 -8.7675862e-02
  7.6237805e-02
 -5.1724124e-01
 -1.3100841e+00
 -1.7705548e+00
 -1.4129908e-01
 -1.7649451e-01
 -1.5881320e+00
  4.7249201e-01
 -8.2767233e-02
  4.4133797e-01
 -1.2885684e+00
  1.3998383e+00
 -7.6142699e-02
 -6.6817337e-01
  3.4194127e-02
  5.5516660e-01
  6.1464262e-01
  3.6354271e-01
 -8.4602255e-01
 -1.2706800e-01
 -3.9891160e-01
  7.7636909e-01
  2.9536304e-01
 -7.4295044e-01
  5.5968314e-02
 -2.3786807e-01
 -8.5205150e-01
  2.6462647e-01
 -7.1511275e-01
 -8.4725209e-02
 -4.0454619e-02
 -7.8636163e-01
 -1.0498096e+00
 -6.8871421e-01
 -9.2353565e-01
 -3.7561363e-01
 -4.0461329e-01
 -9.2725551e-01
  3.6685401e-01
  4.8126513e-01
  1.0951525e-01
 -6.0135835e-01
  2.4888466e-01
 -5.1239092e-02
 -8.1136733e-01
 -2.2018593e-02
  1.3601627e+00
 -1.9820772e-02
 -4.1405786e-02
  2.8402928e-01
  3.8774952e-01
 -1.1683004e-01
  1.3819316e-01
 -6.9816244e-01
  2.6259336e-01
 -2.5209663e-03
  4.0050903e-01
 -2.2775257e-01
  2.4620747e-02
 -1.3656651e+00
  4.5929957e-02
 -4.3853265e-01
  1.1535858e-01
  1.8693982e-01
  3.5012689e-01
 -5.8861792e-01
 -2.9184726e-01
  1.0142641e-01
 -4.2472258e-02
 -2.6805449e-01
 -2.6442805e-01
  7.5682990e-02
 -2.5201938e-01
 -1.0095881e-01
 -1.3226124e+00
 -5.4652596e-01
  1.8085786e+00
 -1.0407178e+00
  1.0221686e+00
 -1.8975362e-01
  9.2823410e-01
  4.8756841e-01
  4.9217172e-02
  1.4626932e-01
  5.9651703e-01
  3.5358515e-01
 -1.8215343e-01
  6.6828388e-01
 -5.1655509e-02
  3.2495168e-01
 -9.9929422e-02
 -5.5778272e-02
  3.7594366e-01
 -1.8425973e-01
 -8.5880655e-01
 -9.5062900e-01
 -1.1973823e+00
  3.7963202e+00
 -2.6086414e-01
  8.5938883e-01
 -3.6382949e-01
 -2.5829700e-01
 -3.6626193e-01
  2.2204077e+00
 -1.1909596e+00
 -4.5851132e-01
  3.0759233e-01
 -7.7288216e-01
 -1.8224536e-02
 -3.3431509e-01
  1.9330388e-01
 -1.0045811e+00
  6.6207546e-01
 -1.6192816e-02
 -6.8929201e-01
 -1.3880978e+00
 -2.7557099e-01
 -1.5060765e-01
 -2.5801992e-01
 -3.0764097e-01
  6.0618900e-02
 -1.3538961e+00
  3.3188593e-01
 -4.0213740e-01
 -7.1449196e-01
 -5.5629152e-01
 -3.8738766e-01
  8.6892694e-02
  6.7806280e-01
 -2.8556743e-01
 -7.0426571e-01
  2.0433293e-01
 -2.2045112e-01
  8.0762696e-01
 -9.2892580e-02
  1.1096656e-03
 -3.7626866e-01
 -3.6987734e-01
 -5.2111590e-01
 -5.5641402e-02
 -1.1481723e-01
  5.1154342e-02
 -3.6493456e-01
 -1.1631265e-01
  2.0498027e-01
 -1.0550966e+00
 -5.8077943e-01
 -3.4481275e-01
  5.4293364e-01
  2.7228484e-01
 -1.0634356e+00
 -1.2274940e-01
 -4.4888726e-01
  8.8446897e-01
 -4.0217260e-01
  2.3869753e-01
  2.6009086e-01
 -3.0164355e-01
 -3.8029897e-01
  3.1091145e-01
  2.2172062e-01
  1.7230225e-01
 -4.6293277e-01
  8.7196730e-02
 -5.4977942e-01
 -3.5930204e-01
  8.7102465e-03
 -9.8366958e-01
  3.3055818e-01
  1.2248334e-01
 -1.8157199e-01
 -4.9647626e-01
  4.7189444e-01
  1.4038141e-01
  1.9232595e-01
  4.1178456e-01
 -1.8369380e-01
 -1.5249175e-01
 -4.8289716e-02
  8.4747942e-03
 -1.4759973e-01
 -5.0179794e-02
  1.2022940e-02
  3.6341375e-01
  5.7954443e-01
 -1.3389963e-01
  4.2317179e-01
 -1.5353885e+00
 -6.2624878e-01
 -7.5787908e-01
  2.9487488e-01
  6.4182949e-01
 -1.2594892e+00
  5.5699682e-01
  3.8514519e-01
  9.3987602e-01
  1.9257078e-01
 -9.2519486e-01
 -8.4402658e-02
  5.1103354e-01
 -6.7712104e-01
  2.7231738e-01
  3.2988390e-01
 -3.1167573e-01
  5.2879065e-01
 -8.3740219e-02
  4.7036570e-01
 -1.1867160e+00
  9.4421214e-01
  4.1460119e-02
 -2.5315814e-02
  3.1548151e-01
 -2.0811561e-02
  3.9597392e-01
  7.0388889e-01
  2.5532597e-01
  4.0563628e-01
 -4.6465084e-01
  1.2419878e-01
 -1.0016042e+00
  5.5575728e-01
  4.3275777e-01
  2.6804572e-01
 -6.8200767e-01
 -8.8050276e-01
  6.5457916e-01
  7.8953207e-01
  3.2333368e-01
  8.2955015e-01
  9.6360576e-01
 -2.8526527e-01
 -1.7234484e+00
  3.4608096e-01
 -7.1032864e-01
 -1.6979223e+00
  1.1366335e+00
 -1.0985504e-02
 -3.0375469e-02
 -2.4442896e-01
 -9.4952770e-02
 -8.2344586e-01
  1.5385877e+00
 -6.8080395e-01
  3.8058128e-02
 -3.1150785e-01
  5.3066683e-01
  1.6632516e+00
 -4.2858261e-01
  5.6704510e-02
  9.9583417e-01
 -3.5892397e-02
  1.0979769e+00
  1.0800666e+00
  6.2044668e-01
 -7.6849985e-01
  1.7682940e-01
  3.7190992e-01
  2.4713435e+00
  8.1310242e-01
 -5.0588125e-01
 -3.3349198e-01
  1.8562335e-01
 -2.5188491e-01
  7.9775202e-01
  7.1230069e-02
  8.3775455e-01
  7.8436106e-01
 -2.6155731e-01
  3.1279904e-01
  1.0757315e-01
  1.6772272e-03
  4.4518054e-01
 -3.3693612e-01
 -2.8607616e-02
  4.3972206e-01
 -1.5311952e-01
 -4.3839270e-01
  6.2872827e-01
 -1.5448949e-01
  6.9881415e-01
  1.0527835e+00
  2.8967723e-01
  4.1624746e-01
  5.1610315e-01
  1.8352450e-01
 -3.3817521e-01
  1.3411878e-01
 -6.8522370e-01
 -4.1603959e-01
  2.7598840e-01
 -4.2276531e-01
  1.3056972e+00
 -4.8210546e-01
  3.3975393e-01
  2.7704971e-02
 -3.6829528e-03
 -7.7381027e-01
  5.7053674e-02
  1.1894617e-01
  1.5450296e-01
 -3.8840733e-02
 -3.4531096e-01
  1.2944278e-01
  1.8799156e-01
  2.3100020e-01
 -9.5289934e-01
  1.0283005e-01
  1.6831059e-02
 -6.3986920e-02
  6.0345942e-01
  2.5278819e-01
 -7.5103498e-01
  2.9789671e-01
  1.0099376e+00
 -8.1455576e-01
  4.1512558e-01
 -2.1686071e-01
 -3.1062841e-01
 -5.2498025e-01
  6.5849341e-02
  3.2144371e-01
 -9.7340560e-01
 -3.7070599e-01
 -2.8633478e-01
 -1.0425148e-03
 -1.0640419e+00
 -2.0875494e+00
 -1.0643877e+00
 -7.4316227e-01
  4.4264016e-01
 -4.0737888e-01
 -1.3499084e-01
 -5.8457947e-01
 -2.6697772e+00
  3.6795893e-01
  4.2804439e-02
 -3.2173392e-01
 -5.6320953e-01
 -1.0701830e+00
 -7.9122108e-01
  1.7336973e+00
  5.2812499e-01
 -1.1518692e+00
 -1.6560055e-01
 -1.7866812e+00
  1.3418292e+00
  6.2860590e-01
  2.6602140e-03
  1.9875790e-01
 -2.2204429e-02
 -1.4492528e-01
 -1.4230056e-01
 -1.5717070e-03
 -5.1343793e-01
 -6.4173925e-01
  1.9278361e-01
 -3.1205377e-01
 -1.2494904e-01
 -2.5535753e-01
 -5.9479159e-01
  9.7396827e-01
  7.6032805e-01
  3.9412236e-01
  2.8839093e-02
 -1.0660411e+00
  1.8935320e-01
  7.1690357e-01
 -7.9187259e-02
 -3.5689795e-01
 -8.5266732e-02
 -1.6654986e-01
 -7.3606634e-01
  6.2120974e-02
 -2.5738862e-01
 -4.4827333e-01
 -1.1215641e+00
  7.8798300e-01
 -4.3910444e-01
 -8.2332921e-01
 -1.0752564e-01
 -1.4370131e+00
  1.7904179e-01
  1.0371583e-01
  3.8953881e+00
 -9.3052737e-02
 -1.1136832e+00
  5.5838335e-02
  8.1594396e-01
  2.1256296e-01
 -6.1055362e-01
  2.4383323e-01
  1.2773343e+00
  1.6820916e+00
 -5.0035632e-01
 -2.7589118e+00
  2.7019963e-01
 -5.6014085e-01
  1.8151630e+00
  3.1666484e-02
  1.9821340e+00
  6.4296108e-01
 -1.4076469e+00
 -2.8627250e-01
  1.0250816e-01
 -2.8723177e-01
  5.6714278e-01
  3.8915069e+00
  8.0891049e-01
 -9.7368157e-01
  1.5402931e-01
  3.1944424e-02
  3.7559965e-01
  3.6038015e-02
 -4.0618113e-01
 -4.0933430e-01
 -5.9795696e-01
 -4.7579613e-01
  7.9108846e-01
 -2.7028328e-01
  4.5517805e-01
  6.0475886e-01
 -8.1012100e-01
 -5.9664255e-01
 -8.8404232e-01
 -3.0316070e-01
 -3.8834897e-01
 -2.7297485e-01
  3.5273641e-01
 -6.2971413e-01
 -1.3164371e-01
  5.5684233e-01
 -6.3065732e-01
 -1.5467909e-01
  1.7135073e-01
  1.3652258e+00
  8.6100942e-01
  7.3834878e-01
 -3.6160046e-01
  1.2346941e+00
 -2.7363604e-01
  2.4771243e-01
 -2.2350542e-01
  4.8104170e-01
 -1.5511987e-01
 -1.5802202e-01
 -6.7150787e-02
  5.5362475e-01
  2.5669792e-01
  9.7311005e-02
 -6.1784691e-01
 -1.1687719e+00
 -6.5396070e-02
 -5.0706971e-01
 -1.5419737e-01
  8.7054297e-03
  2.5736895e-01
 -1.8300949e-01
 -1.1500322e+00
  8.3442375e-02
  6.1750275e-01
  5.0070220e-01
  3.9493564e-01
 -3.6535656e-01
  3.4632134e-01
  6.4770168e-01
 -2.3381768e-01
 -1.1515204e+00
  6.2357277e-01
  2.0421693e-01
 -1.1756785e-01
  2.8780800e-01
 -6.8206137e-01
 -3.7582248e-02
 -1.3518680e+00
 -8.2245636e-01
  1.4451073e+00
  2.5307673e-01
 -3.1793839e-01
 -1.3021787e+00
  1.5851375e-01
 -3.2363132e-01
 -9.6156424e-01
 -6.8028712e-01
  2.0455860e-01
  2.7059633e-01
 -7.9901882e-02
 -7.3758709e-01
 -2.5165837e+00
  4.9209613e-01
 -2.8689486e-01
  3.0201182e-01
 -7.2087187e-01
 -5.8501273e-01
 -4.4480377e-01
 -1.0368247e+00
  9.5501944e-02
  6.5574348e-02
  9.6569335e-01
 -1.1372253e+00
  2.8763351e-01
  1.6846176e-02
 -8.4926873e-02
  6.5412337e-01
 -1.8947163e-01
 -8.7517065e-01
  5.6897777e-01
  9.1525728e-01
  2.1197507e-01
  3.9249370e-01
  9.0910807e-02
 -1.1386214e-01
 -9.4150692e-02
 -7.7289677e-01
 -2.4253416e-01
  1.6432248e-01
 -2.9521820e-01
  5.3630114e-01
 -4.8582637e-01
  2.9227477e-01
  1.1622372e-01
 -6.2648654e-03
 -2.8943166e-01
 -8.4125660e-02
  3.7359282e-01
 -1.1919528e+00
 -1.1375131e-01
 -5.8710408e-01
 -3.0784205e-01
  1.5483510e-01
 -3.7228900e-01
 -2.6229301e-01
  5.2869403e-01
  1.6228248e-01
 -5.9347636e-01
  2.8358316e-01
  2.3503747e+00
  3.6324206e-01
 -1.3087930e-01
  3.8668741e-02
 -6.7789033e-02
 -4.2193916e-01
  7.5605428e-01
  3.8371697e-01
 -5.4788500e-01
 -5.9416306e-01
  7.6196396e-01
 -5.7731099e-02
 -1.4819063e-01
 -6.6065870e-02
  3.3445439e-01
  9.1118366e-01
  3.5105038e-01
 -3.2407768e-02
 -5.8642596e-01
 -1.9626825e-01
 -6.9985247e-01
  1.5869747e+00
 -8.3804786e-01
 -1.2111250e-01
  3.3361250e-01
  1.0534117e-01
 -2.6768047e-01
  4.2491290e-01
 -3.0455813e-01
 -1.2962809e-01
  1.9925945e-02
 -3.2031780e-01
  3.5655731e-01
 -1.4303315e+00
 -6.9477193e-02
 -1.0481164e+00
 -8.2029510e-01
 -1.3705654e-02
  6.9552347e-02
 -2.9233230e-02
 -2.6169282e-01
 -8.2697332e-01
  1.3552178e+00
  4.2642209e-01
  1.5551342e-01
  6.0884726e-01
 -8.7727523e-01
  1.5144600e-01
 -2.6316038e-01
  5.0655395e-01
  2.3022035e-01
 -7.4880463e-01
  4.1126090e-01
  3.9146963e-01
  8.4730923e-01
 -2.3208693e-01
 -5.0177294e-01
 -1.3856466e-01
  3.5200348e-01
  6.7770237e-01
  3.0021027e-01
  1.4296170e-01
 -3.3314744e-01
  1.1128178e+00
 -3.7028360e-01
  1.9923421e+00
 -7.6475181e-02
 -5.1918960e-01
 -2.4071953e-01
  5.4903764e-01
 -4.4836387e-01
 -8.1773669e-02
 -1.7489627e-02
  3.3032051e-01
  1.2673590e+00
  3.5784692e-01
 -1.3361888e-01
 -3.1338088e-02
  3.7849525e-01
  3.7793350e-01
 -4.5075539e-01
 -4.1623365e-02
 -6.2450594e-01
 -1.3901645e+00
  1.3018975e-01
 -7.3990718e-02
  4.8733258e-01
 -5.6504339e-01
  5.0285673e-01
 -5.9378970e-01
 -2.6628873e-01
 -1.2179348e-01
  2.1234338e-01
  6.2660104e-01
  4.9246499e-01
  7.3909141e-02
  9.7167832e-01
 -2.8999321e-02
  1.0897630e-01
  5.8465987e-02
  8.9120507e-02
  2.5587392e-01
 -8.1781931e-02
 -7.2468024e-01
  1.5832831e-01
 -8.6842352e-01
  1.1200851e-01
  6.8733537e-01
 -1.0382602e+00
 -2.0355072e+00
 -4.2208987e-01
 -2.7122930e-01
  1.2458890e-02
 -1.5922862e-01
  2.5846687e-01
  1.1519948e+00
  7.3881441e-01
 -5.6199932e-01
 -5.8672195e-03
 -2.2226392e-01
  6.2978363e-01
 -1.3834009e-01
  1.2947794e+00
  7.2113872e-02
  3.2312310e-01
  3.7748110e-02
  4.8069695e-01
  6.8301791e-01
  1.6219845e-01
 -5.2465025e-02
  8.9245394e-02
 -3.5902247e-01
 -6.2772906e-01
  2.1039562e-01
  5.8809999e-02
  1.8613097e-01
 -4.9513012e-01
  4.1053534e-01
 -6.4626330e-01
 -1.3489382e+00
  8.7703806e-01
  3.3508864e-01
 -1.7380138e-01
 -1.2991296e-01
  4.8338160e-01
  3.4393305e-01
 -4.8518994e-01
  5.3751040e-01
  1.7977434e-01
  1.1589107e-01
 -1.3311051e-01
 -3.5275835e-01
 -1.0473115e+00
  6.7014718e-01
  2.2275016e-01
 -2.0142468e-02
  3.5859895e-01
  3.5905492e-01
  1.7114010e-01
 -1.0794033e-01
 -1.2212309e-01
  4.4486234e-01
  1.9148201e-01
  2.4176799e-01
 -8.1887223e-02
 -1.1055078e-01
  2.1135803e-02
  3.1084612e-01
 -2.6165960e+00
 -3.9268985e-01
  5.7081681e-01
 -2.8780677e+00
 -9.3871558e-01
 -2.1994226e-01
 -6.5544017e-02
 -9.4954842e-01
 -1.5596330e-01
 -3.1162339e-01
 -8.5384554e-01
 -2.7402169e-01
  3.9135288e-02
  7.1698815e-02
 -3.9940774e-01
 -2.6315534e-02
  2.9002178e-01
  2.4581285e-02
 -1.0376650e+00
  1.0344653e-03
  6.0135245e-01
 -1.5111018e+00
 -2.8027108e-01
 -1.8187357e-01
 -1.8905379e-01
 -5.5668867e-01
  1.7456201e-01
  6.1875606e-01
 -1.6051219e-01
  1.2364421e+00
 -3.7522128e-01
  8.5771137e-01
  3.5468975e-01
 -3.0081728e-01
  5.8642006e-01
 -3.3277336e-01
 -1.2293282e+00
  8.5493189e-01
 -1.5634266e+00
 -1.3551815e-01
 -2.3495162e-01
  8.0538541e-01
 -7.2318159e-02
  5.0682664e-01
 -6.0385942e-01
 -3.3990838e-02
  1.5219337e-01
 -6.0311902e-01
 -1.0173123e+00
  8.0122463e-02
  2.8431121e-01
 -7.7042431e-02
  6.7305410e-01
  1.0236890e+00
  6.8671286e-02
  4.7753158e-01
  2.7994770e-01
 -2.5510517e-01
 -2.8518033e-01
 -1.6485564e-01
  6.8819278e-01
 -5.1148283e-01
 -1.7163709e-01
  5.6297910e-01
 -8.0749199e-02
  7.4062482e-02
  3.4354317e-01
 -2.5681055e-01
  5.2741730e-01
 -3.9136726e-01
  1.1614736e+00
 -1.2788783e-01
 -2.1120825e-01
 -7.4875194e-01
  4.7602239e-01
  1.4368119e-02
  5.5465335e-01
 -1.0248601e+00
 -3.3954352e-01
 -7.8128940e-01
 -1.0666410e+00
 -9.2377476e-03
  1.9878992e-01
 -6.9678515e-01
 -5.5791992e-01
  2.3086962e-01
 -1.1210135e-01
  6.0183513e-01
 -9.8523155e-02
  4.7198915e-01
  7.8274953e-01
  5.9552413e-01
 -6.0572785e-01
 -3.5351193e-01
  6.5795124e-02
  2.7197471e-01
 -3.7895954e-01
  1.7301041e-01
 -6.9617957e-01
  3.2872570e-01
 -2.6714390e-02
  3.5794545e-02
 -7.5670220e-02
  1.0345985e-01
  1.4175156e-01
 -7.4920207e-01
  8.7280557e-02
  3.3630502e-01
  4.9014509e-01
  1.8838942e-01
 -2.4619971e-01
  1.3110983e-01
  3.4497103e-01
 -1.2853658e-01
 -1.1685148e-01
  3.3718112e-01
 -7.4907042e-02
  3.0318579e-01
 -1.3120997e-01
  6.9368064e-02
 -1.8937409e-01
  1.0384779e+00
 -3.6936477e-01
  7.0674789e-01
 -1.1648538e-01
  2.5480366e-01
  3.1797402e-03
  3.3873758e-01
  1.3798971e-01
 -1.3761844e-01
  7.4660695e-01
 -1.9916928e+00
 -1.0797774e-01
 -3.8051036e-01
  4.6691689e-01
  5.2627496e-02
 -9.6540056e-02
 -1.9702500e-01
 -3.4223574e-01
  4.1017094e-01
 -7.7474552e-01
 -3.5001951e-01
 -1.2247290e-02
  3.2064965e-01
  7.1476430e-01
  1.4442700e+00
  1.3054143e-01
 -6.3101637e-01
  1.7693648e-01
  1.5459017e-01
  7.1797863e-02
 -2.9356346e-01
  1.3315253e-01
  1.4034688e-01
  1.3872135e-01
 -5.5489761e-01
 -7.4516758e-02
 -5.8086598e-01
  6.1003870e-01
 -1.1842626e-01
  8.2618713e-01
 -1.2194295e-01
  2.4141219e-02
 -8.4293753e-01
  1.7613670e-01
  4.5049891e-01
 -5.7193186e-02
 -7.7098571e-02
  6.2219745e-01
 -2.6601267e-01
 -1.6977116e+00
 -2.3885503e-01
 -3.9142691e-02
 -2.1826561e-01
 -3.0726320e-01
 -2.6785356e-01
  1.3669777e-01
 -1.7367194e+00
 -2.0039104e-01
 -3.4704947e-01
  2.5733507e-01
 -1.1633601e+00
  1.9917789e-01
  1.6348895e-02
 -4.9756849e-01
 -8.9661676e-01
 -2.4482816e-01
  6.5748286e-01
 -5.7960582e-01
 -5.5216032e-01
 -7.2555221e-03
  4.8582423e-02
  7.5856507e-02
 -2.2875257e-02
 -4.3498364e-01
  4.4649020e-02
  5.0711453e-01
  9.7220713e-01
  4.6997014e-02
 -2.0294169e-01
 -4.7799101e-01
 -3.2399252e-02
  6.4772242e-01
 -2.6108177e-02
 -1.2205960e-03
  2.0956838e-01
  9.7237386e-02
  1.0753479e+00
  3.5416001e-01
 -6.8732791e-02
 -7.9696536e-01
  1.5679625e+00
 -4.6159893e-01
  2.4396108e-02
  1.2359825e+00
 -7.5135365e-02
  1.0948821e+00
 -1.8092725e-01
 -1.0617222e+00
  4.4507197e-01
  8.7251621e-01
 -3.5231018e-01
 -3.0667076e-01
  3.0122706e-01
  7.1819705e-01
  2.0865465e-02
  5.7759374e-01
 -1.7706347e-01
  6.4458001e-01
 -6.3753384e-01
 -3.3393465e-02
 -3.2328802e-01
  2.5011462e-01
  2.6556285e-02
  3.2038797e-02
 -2.9102348e-02
  9.3705617e-02
 -8.0335683e-01
  3.9033607e-01
  3.8231142e-02
 -1.3134705e-01
  1.9527279e-01
  5.2912102e+00
  9.4525693e-03
  5.4262165e-02
 -1.2264347e-01
 -4.8787692e-03
  2.9629883e-01
  1.2330024e+00
 -8.9978158e-02
 -5.3370351e-01
  2.2961615e-01
 -2.1532099e+00
 -2.5175858e-01
 -1.1371315e-02
  1.9334383e-01
  2.6067749e-01
 -8.4343207e-01
  1.8172584e+00
  5.3242427e-01
 -3.4370586e-01
  2.7685883e+00
  8.2174122e-02
  1.8872015e-01
  6.3124448e-01
 -2.6631043e+00
  2.6396637e+00
 -3.0119154e-01
 -2.4479856e-01
  1.2919600e+00
 -1.8012454e-01
  2.1527267e-01
  4.6685413e-01
  2.7486149e-02
  1.0314505e+00
 -1.2423032e-01
  1.9084711e-01
 -3.7965152e-01
  1.0462052e+00
  7.1445242e-02
  3.2398516e-01
 -2.0687081e-02
  1.0876318e+00
  1.3088357e-01
  4.1364783e-01
 -2.7692240e-01
 -3.7681413e-01
 -4.6486717e-01
  7.7942842e-01
 -7.8487957e-01
  1.2954763e+00
 -1.1052406e+00
 -1.1410410e+00
 -2.5300917e-01
  1.2284233e-01
  9.9655819e-01
 -1.9666622e+00
  6.0017824e-02
  7.2587550e-02
  3.8836253e-01
  4.4275122e+00
 -1.2306333e+00
 -3.2923242e-01
  3.8226920e-01
 -3.9569902e-01
 -2.6803651e+00
 -1.1934630e+00
  2.2171245e+00
 -6.7811114e-01
  2.7991316e-01
  1.2237148e+00
  3.8673919e-01
  1.9204127e+00
 -1.0558021e+00
 -7.2513676e-01
  1.7665924e-01
  1.0184096e+00
  4.3006960e-01
 -2.1003942e+00
 -1.1415879e+00
  3.4462183e+00
  5.6924433e-01
 -9.9305741e-02
 -6.0925466e-01
 -3.2190082e+00
  2.6476898e+00
  3.2591712e+00
  1.6545118e-01
 -1.9928710e+00
 -7.2819197e-01
  9.1284156e-01
  2.1395721e+00
 -5.7975668e-01
 -1.2183399e+00
  4.8754200e-01
 -7.4820155e-01
 -1.5323832e+00
  1.9669273e+00
  1.7213773e+00
 -8.4508079e-01
 -6.4814270e-01
  9.9800038e-01
 -1.2383565e-01
 -3.1166223e-01
 -4.1496657e-02
  9.4283707e-02
 -6.0569984e-01
  1.7317928e-01
 -3.5980344e-02
  2.1838903e-01
  2.6578981e-01
 -1.5469362e-01
  8.0806774e-01
 -8.2726663e-01
 -2.7707615e-01
 -2.7623132e-01
  4.3520242e-02
 -1.8910620e-01
 -1.3802777e-01
  6.4843827e-01
  5.6402731e-01
 -2.9453662e-01
 -2.6598918e-01
 -5.3685629e-01
  2.8065851e-01
 -6.5868711e-01
  1.0518370e+00
  2.0335595e-01
  8.6187378e-02
 -8.3462131e-01
  1.3978641e+00
 -1.0185990e-01
 -2.2163303e-01
 -2.2908984e-01
 -2.7555108e-01
  8.7627864e-01
 -5.8293179e-02
  3.2047394e-01
 -3.0148169e-01
 -5.2208704e-01
 -7.1683341e-01
  7.0311660e-03
 -6.3474640e-02
 -1.2487269e-01
 -3.7973136e-01
 -2.1194811e-01
 -1.0143273e-01
  9.9532597e-02
 -2.6374766e-01
 -2.9366586e-01
 -3.7584460e-01
 -7.8705542e-02
  1.2345783e+00
  7.4591047e-01
 -3.1845993e-01
 -4.2842159e-01
  7.6610647e-02
  3.1186157e-01
 -3.5120448e-01
  3.1738472e-01
  6.6676551e-01
  1.6726220e-01
  4.6252227e-01
  3.1782764e-01
  1.6297457e-01
  3.2995343e-01
 -4.1121688e-01
  1.3454910e-01
  4.6312854e-02
 -1.5224898e-02
 -7.0885968e-01
  2.8052682e-02
 -2.4840450e-01
  6.3154203e-01
  1.0253923e-01
 -6.3045174e-01
 -2.3077652e-01
  6.7992061e-02
  4.2569059e-01
 -6.3360244e-01
  2.1266633e-01
 -1.7852691e-01
  3.0032462e-01
 -6.5376025e-01
  2.3469885e-01
 -3.1732243e-01
  3.4215173e-01
 -1.3273814e-01
 -2.9539037e-03
  1.1902061e-01
  6.3126093e-01
  3.5084394e-01
 -5.5054486e-01
  5.4248190e-01
  8.7279171e-02
 -5.4333037e-01
 -3.4114462e-01
  5.5380160e-01
  1.3871870e+00
 -7.1746546e-01
 -4.8082325e-01
  1.1953402e+00
 -3.3641055e-01
  3.7636000e-01
 -5.0689447e-01
 -3.0305403e-01
  3.5004362e-01
 -4.2582360e-01
 -2.5465232e-01
 -6.2543929e-01
  2.4970241e-01
 -3.7913615e-01
  5.9550005e-01
 -1.2892613e-01
 -3.7134838e-01
 -1.8555176e-01
 -9.8975849e-01
 -4.3638852e-01
  4.6094662e-01
 -3.9256933e+00
  1.1305831e-01
  4.2668331e-02
  2.7194166e+00
  6.9549972e-01
 -3.2311261e-01
  5.8584875e-01
 -1.0909829e-01
  7.6696165e-02
 -2.3682532e-04
 -3.1954229e-01
 -8.1351089e-01
  5.8390334e-02
 -2.6720381e-01
 -2.3803370e-01
 -8.7054062e-01
  3.8179377e-01
 -6.8656147e-01
 -1.5867798e-01
 -1.5751082e+00
 -1.7617682e-01
  8.9966732e-01
 -7.2524232e-01
 -1.2388075e-01
 -1.6985594e+00
 -1.4536964e+00
 -3.8398379e-01
 -2.3193639e-02
  7.9132631e-02
 -2.0606855e-01
 -1.0140026e-01
  1.9810386e+00
  2.3131576e+00
 -3.3253375e-01
  2.3396146e+00
  2.1882150e+00
 -4.3781766e-01
 -2.5943115e-01
 -8.2403970e-01
  1.4816775e+00
 -1.0181040e+00
 -1.1166575e+00
 -4.0957680e-01
 -1.2697197e-01
  1.4384933e+00
  1.7831832e-01
 -2.2667790e-02
  4.3858415e-01
  6.7202634e-01
 -6.1324209e-02
 -8.6838096e-01
  8.7065578e-01
  1.2692447e-01
  2.1512224e-01
 -1.0193011e+00
  4.5304710e-01
  1.0527492e-01
 -5.1320428e-01
 -4.8680225e-01
 -1.5715089e+00
  1.6250595e-02
  6.1905676e-01
  4.4252798e-01
 -2.5794020e-01
 -1.9397467e+00
  1.8723543e-01
 -1.6485572e-01
  1.8669711e-01
 -2.6540151e-01
  3.0320734e-01
  2.3668298e-01
  2.7251893e-01
 -1.6389714e-01
 -3.1102523e-01
  1.2814817e-01
  8.2044667e-01
  8.8541216e-01
  1.0222649e-01
 -8.7793745e-02
 -4.6295512e-02
 -2.8868964e-01
 -8.7595987e-01
 -7.0684856e-01
  8.0587298e-01
 -6.4712679e-01
  7.8879178e-02
 -4.7429559e-01
 -1.0102313e+00
 -2.7954835e-01
  4.3835515e-01
 -1.2156367e-04
  2.8250575e-01
 -1.3506030e+00
 -3.6990100e-01
  9.2282110e-01
  1.3250122e+00
 -5.2646816e-01
 -1.1920319e+00
  8.4597266e-01
  1.1214472e+00
  1.3627887e-01
  5.3740972e-01
 -5.8753771e-01
  2.9962161e-01
  1.8633386e-02
  5.9129649e-01
 -1.5080990e-01
  1.1535611e+00
 -1.1865015e-01
 -2.8964666e-01
 -4.5702767e-01
 -6.3515973e-01
  1.1991026e+00
 -1.3058145e+00
 -3.8682425e-01
 -3.0812702e-01
  3.4245893e-02
 -3.0446059e-01
  6.1647132e-02
  3.5463188e-02
  2.7436814e-01
 -7.5625736e-01
 -1.6347007e+00
 -2.4179004e-01
 -1.3411851e+00
 -1.8521746e-01
 -1.8136777e+00
  7.0953071e-01
  2.0382456e-01
  1.5459248e-01
 -1.2059005e-01
 -2.5440463e-01
  1.1471936e+00
 -5.2373078e-02
 -1.3166062e+00
 -3.7634102e-01
  1.6400414e+00
 -7.5258899e-01
  5.1085126e-01
  2.7410388e-01
 -7.7751523e-01
 -2.7557170e-01
  8.9396708e-02
  2.5642056e-02
  8.6006922e-01
  2.3359400e-01
  3.8785589e-01
  4.0039948e-01
 -4.0832081e-01
 -5.8255118e-01
 -2.4504076e-01
  3.8476610e-01
 -2.6073125e-01
  3.4531587e-01
  4.7988158e-01
 -6.8076748e-01
  9.0951765e-01
  1.0672735e-01
 -5.6954700e-01
  6.8809962e-01
  7.3213696e-02
  1.3198774e+00
  1.1356853e-01
 -1.2011512e-01
 -9.4009116e-02
  1.8269686e-01
  3.8842034e-01
  2.3198307e-03
  1.8797047e-01
  1.0605966e-01
 -4.7159490e-01
 -8.2141560e-01
  9.3281232e-02
  1.6303754e+00
 -3.5348922e-01
  5.7835668e-01
 -1.3432154e-01
  1.2989610e-01
  1.2245273e-01
 -2.7997434e-01
 -8.9938509e-01
  1.6164091e-01
  7.0216887e-02
  7.6852717e-02
  9.5885599e-01
 -1.8570271e-01
 -3.5709357e-01
 -7.2661477e-01
 -1.3547464e-01
 -8.6393070e-01
 -3.8346273e-01
  2.7575862e-01
 -3.2145897e-01
  1.2658049e-01
  9.0393275e-01
  6.7821759e-01
  2.1633765e-01
 -1.9479649e-01
 -9.6277481e-01
 -3.7438276e-01
  6.2016279e-01
  2.1514222e-01
  6.6173780e-01
 -2.0818460e-01
 -1.1019415e+00
 -3.2700825e-01
 -1.0798190e+00
 -2.9641879e-01
  2.4822709e-01
 -2.2114296e-01
 -2.9063225e-02
 -4.9511939e-01
  1.8803447e-01
 -3.1443864e-01
  1.5541801e-01
 -3.8405184e-02
 -2.9003620e-03
  8.6299747e-02
 -1.9884567e-01
  8.6366773e-02
 -2.5310698e-01
  5.5659115e-02
 -9.3118794e-02
  6.7979240e-01
 -5.0130785e-02
 -1.6737631e-01
 -6.3718146e-01
 -4.3157178e-01
  2.9822093e-02
  1.5459366e-01
 -4.7796738e-01
  1.9375007e-01
  9.2828697e-01
  8.7810397e-02
  2.8820646e-01
  4.6753702e-01
  1.5513417e-01
  1.0642529e+00
 -5.0714129e-01
  5.5280346e-01
 -2.6410949e-01
 -6.0086101e-01
 -1.6823454e+00
  5.5353570e-01
 -1.4938153e-01
  5.9573787e-01
 -1.3898838e+00
 -1.9827068e-02
 -7.4625546e-01
 -1.1466928e+00
  9.4000846e-01
 -2.1005569e+00
 -2.4619047e-01
 -1.1041787e+00
 -6.9395316e-01
  2.3365530e-01
 -5.2361686e-02
  9.9410671e-01
 -2.0671661e+00
  3.8892555e-01
 -1.2606100e+00
  1.9800642e+00
 -2.7353883e-02
  8.0468994e-01
  1.7199836e+00
 -2.1372268e+00
  1.5765041e-01
 -3.0961767e-02
 -1.4620756e-01
 -6.5309638e-01
 -1.4758396e+00
  6.2932587e-01
 -1.6121703e-01
 -4.1721883e-01
  3.2238987e-01
  9.4544309e-01
 -2.1336209e-02
 -1.1316580e-01
 -2.2815092e-02
  3.1625405e-03
 -9.2039210e-01
 -4.1647258e-01
 -4.7669744e-01
  1.7517644e-01
  2.5430509e-01
 -9.7501278e-02
  8.2971379e-02
  3.4767956e-01
 -9.2907473e-02
 -2.8880620e-01
 -3.3292317e-01
 -7.0467502e-01
  3.8442895e-01
 -1.4882020e-02
 -6.2417215e-01
  1.2139199e-02
 -2.1037045e-01
  2.7487656e-01
  7.7443004e-02
  6.6345114e-01
  3.1021947e-01
 -9.8522037e-01
 -3.3452669e-01
 -6.9139242e-01
 -9.1043197e-02
 -1.3757496e-01
 -3.9353350e-01
 -2.5837798e-02
  7.3362046e-01
  5.1328339e-02
 -2.2411071e-01
  2.8671341e-02
  3.2471269e-02
 -5.7364875e-01
  9.6008532e-02
 -7.2179145e-01
 -2.7132738e-01
  1.4375716e-01
 -1.6210492e+00
  9.6753812e-01
 -2.1714503e-01
  3.7926877e-01
 -1.6031587e-01
 -2.0397527e-02
  7.2769123e-01
  2.4663087e-02
 -2.2685139e-01
 -2.3535773e-01
 -5.4941940e-01
 -2.2395763e-01
 -3.9438561e-01
  2.2940605e+00
  3.7547762e+00
 -1.1412828e+00
  3.5944229e-01
 -6.5364945e-01
  4.9664685e-01
 -6.1040169e-01
  1.2176003e+00
  2.5512853e-01
  3.2901382e-01
 -5.0489867e-01
  1.3218591e-01
  4.2388421e-01
 -7.0060468e-01
  1.1329822e-01
  2.9392809e-01
  8.1330769e-02
  5.4920268e-01
  1.1156223e+00
  6.6620910e-01
  8.0814028e-01
 -6.4167351e-01
 -4.4655826e-02
 -3.0136093e-01
  1.2947944e-01
  5.7542509e-01
 -2.8955603e-01
 -9.1366661e-01
  3.6153793e-01
  4.5216467e-02
  6.9702446e-01
 -9.1565959e-02
 -2.5618166e-01
 -7.1226865e-01
 -1.5787111e-01
  6.0474688e-01
  6.7674719e-02
 -5.3359407e-01
  1.1376485e+00
 -5.1920497e-01
 -1.2266553e-01
 -2.5222406e-01
 -3.7018543e-01
  1.1724311e-01
 -2.4003959e-01
  1.9012483e-02
 -5.8638394e-02
  1.2935798e-01
  4.0424548e-02
 -3.5802820e-01
  4.0454781e-01
 -3.8389066e-01
 -6.0270482e-01
 -3.0422965e-02
 -7.2848922e-01
 -6.2085863e-02
  9.0850502e-01
 -2.8952423e-01
  4.6355835e-01
  3.1069028e-01
 -2.0848997e-01
 -7.5138867e-01
 -4.5315820e-01
  7.3170197e-01
 -2.7591476e-01
 -1.0459512e-01
 -7.2453326e-01
 -1.3316066e+00
  4.2152204e-02
  1.9901140e-01
  5.9606176e-02
  1.3032247e-01
 -1.2814368e-01
  5.2187258e-01
  9.5003289e-01
  1.4192538e-01
  1.2113853e+00
  6.1252844e-01
 -3.6679929e-01
  1.5703809e-01
 -6.1287157e-02
 -6.9254291e-01
  3.8409331e-01
  1.6416635e-01
  4.3942693e-01
 -8.1066586e-02
 -1.3511661e-01
 -4.9926782e-01
  2.8986084e-01
 -8.4789544e-02
 -3.9467254e-01
 -1.9503523e-02
 -3.0630952e-01
 -5.4166263e-01
  1.0824937e-01
 -2.9875264e-01
 -1.9306019e-01
  1.4917016e+00
  5.0395715e-01
 -1.6205554e-01
  1.1032500e+00
 -8.4837765e-02
  1.3890883e-01
  1.1661279e+00
 -3.2431987e-01
 -1.0293257e-01
 -4.0310135e-01
 -1.2246048e-01
 -1.0840276e+00
 -4.9781552e-01
  4.2520031e-01
  1.8334870e+00
  1.0305371e+00
  1.6457295e+00
  3.4060848e-01
  8.7254524e-02
 -4.6172807e-01
 -1.6619748e-01
  3.4246865e-01
 -4.5334253e-02
 -1.5547887e+00
 -4.5199885e+00
  1.3688673e+00
  2.6066306e+00
 -1.3763256e-01
 -6.7033708e-01
 -2.7357021e-01
  4.8620126e-01
  4.9978077e-02
 -2.7191511e-01
  2.8241345e-01
  2.4645421e-01
 -7.6428217e-01
 -4.0604946e-01
  1.4298635e-02
 -2.5887826e-01
 -1.0768629e-01
  6.8998247e-01
 -1.0178319e+00
 -1.0313131e-01
 -2.6251884e-02
  6.5396458e-01
 -1.1788736e-01
  3.2073333e+00
 -3.9178355e+00
  5.0596625e-01
 -1.1520632e-01
  3.6254612e-01
 -9.2927521e-01
 -1.5233386e+00
  9.9521273e-01
  8.5368109e-01
 -9.8841739e-01
  3.2985717e-01
  1.1336187e+00
 -2.4694037e-02
 -3.4228972e-01
  3.6992806e-01
 -2.7863365e-02
 -1.6997973e+00
  2.5518894e-01
  1.8659031e-01
  1.6226755e-01
  2.8486556e-01
  2.2897361e-02
  4.3281990e-01
  2.0571095e-01
 -7.8542665e-02
  1.4477362e-01
 -5.1685804e-01
  1.7810764e+00
  9.2645902e-03
 -3.2579072e-02
  9.4301754e-01
  2.0226169e-01
  6.5901464e-01
 -1.5078104e-02
 -7.1286225e-01
  2.9613861e-01
  1.3424258e-01
 -2.2716902e-01
  4.5814392e-01
  1.1858673e-01
  2.4944698e-02
 -6.0048771e-01
  1.4117348e-01
  5.1789645e-02
  1.4404427e-01
  2.2909135e-01
 -7.1595329e-01
  2.3860838e-01
  1.6723990e-01
  3.9198533e-01
  7.1727484e-01
  1.3352960e-01
 -7.1839708e-01
 -1.0404041e-03
 -5.6155819e-02
 -2.5981477e-01
  4.2441425e-01
  2.1254545e-01
 -9.7907966e-01
  2.6629356e-01
 -6.1044615e-02
  2.5320420e-01
  1.7526683e-01
  1.4777440e-01
  6.5136993e-01
  2.1492000e+00
  5.9786284e-01
 -3.9768937e-01
 -2.6889259e-01
 -5.6651641e-02
 -8.9378011e-01
 -5.4969692e-01
  5.3782746e-02
 -1.4936116e-01
  7.1304876e-01
 -6.0533667e-01
  5.3910935e-01
 -4.8262158e-01
 -2.5867406e-01
  1.9262683e-01
  2.0105864e-01
  9.7132778e-01
  1.4010035e-01
 -2.9582005e-02
  3.4504857e-02
 -1.8319875e-01
  6.2550074e-01
  5.3799909e-01
  7.6973909e-01
 -2.4653237e-01
  4.7131456e-02
 -1.1938256e-01
  4.8322043e-01
 -1.1919145e-01
 -2.5403526e-01
 -6.3953511e-02
  2.8513709e-01
  4.3254039e-01
 -4.1547209e-01
  2.6971918e-01
  1.4196911e+00
  9.9634594e-01
 -8.2633488e-02
 -3.3833790e-01
  4.7875977e-01
  1.3387830e-02
  8.0294180e-01
  9.7827041e-01
 -3.0568019e-01
  4.2646599e-01
 -9.3251902e-01
 -1.2251451e+00
 -3.5110724e-01
 -2.1495768e-01
 -9.7497575e-02
 -2.0194414e+00
 -2.9992449e-01
  2.8764119e+00
  5.3276521e-01
  3.1421776e+00
 -3.9691782e+00
  3.2959384e-01
 -6.3340656e-02
  2.0854889e-01
  1.4350280e-01
  6.9589252e-03
  1.1332107e-01
 -3.4296253e-01
 -3.3323653e-02
  3.4739879e-01
 -1.0546471e+00
  3.4374204e-01
 -8.8602066e-01
  8.0040014e-01
  8.8203639e-02
 -8.0371457e-01
  2.4044116e-01
  2.1236917e-02
 -4.4414097e-01
 -9.1424280e-01
 -1.1747874e-02
  1.4552065e-02
 -3.1844291e-01
  9.7963774e-01
  3.7409747e-01
  7.9730755e-01
  1.7378660e-01
  5.4573470e-01
  2.2672053e-01
 -1.5270770e-01
  5.1213056e-01
  2.7152631e-01
  3.8859293e-01
 -1.1739597e+00
 -1.5840970e-01
 -1.4872168e-02
  9.2796224e-01
 -2.4189951e-01
 -1.4656650e-02
 -1.9776639e-01
 -1.1253671e-01
  6.2908167e-01
 -1.4424434e+00
  2.6626992e-01
 -3.0328977e-01
  1.0608180e+00
  6.6471511e-01
  5.2693081e-01
  7.4152237e-01
  4.9757323e-01
  8.9344984e-01
  3.1731334e-01
 -3.3322939e-01
  1.6779917e-01
  1.4613777e+00
  1.2820215e+00
 -7.0053518e-02
  5.4185666e-02
  1.6625658e+00
  2.0247655e+00
  2.1452799e+00
 -1.0564611e+00
 -3.7059027e-01
 -9.4709986e-01
 -4.1749486e-01
  6.2684989e-01
 -1.8343362e-01
 -2.7187371e-01
 -1.0235482e+00
 -3.8921553e-01
 -5.7035834e-01
  3.9348464e-02
 -5.9822477e-02
 -4.0903717e-01
 -3.6552814e-01
 -3.7988541e-01
 -8.4345388e-01
 -3.7434104e-01
 -5.2943224e-01
 -8.1547543e-02
 -1.7089610e+00
  8.0416733e-03
 -1.0126795e+00
  5.8562469e-01
 -1.6494588e+00
  6.5537661e-02
 -2.7666730e-01
  3.1865265e+00
  1.2100123e+00
 -5.0905538e-01
  1.9012400e+00
  4.1806477e-01
  9.6935743e-01
 -7.3345214e-01
  1.0912956e-01
  3.8607776e-01
  6.3418776e-01
 -6.5162979e-02
 -1.0587081e-01
  2.6486573e-01
  3.6602151e-01
 -2.7852356e-01
 -6.1163795e-01
 -3.6146834e-01
 -1.4711410e-01
 -1.1698879e-02
 -6.8219423e-01
 -5.8225423e-01
 -1.8730935e-01
 -2.5485638e-01
 -1.7341273e-01
  2.5355673e-01
 -4.2717698e-01
  2.7684325e-01
 -5.8315068e-01
 -1.3730644e-01
 -4.3167770e-02
 -5.1523697e-01
  1.6267496e-01
  7.4413391e-03
 -6.2301934e-01
 -5.1960576e-01
 -9.7220793e-02
 -4.9259925e-01
  1.2839025e-01
  1.7902872e-01
 -6.7387581e-01
  9.4861187e-02
 -7.0497571e-03
 -8.9823768e-02
 -3.9818656e-01
 -7.6410860e-01
  9.5875937e-01
  6.0602731e-01
 -1.0230434e+00
  3.1893101e-01
  2.1609514e+00
  4.4191402e-01
  5.3790367e-01
  5.3105891e-01
  3.8414961e-01
  4.1308045e-01
 -9.9317878e-02
  7.3736507e-01
 -1.6500556e+00
  5.9411164e-02
  2.7729309e+00
  1.8583720e+00
 -3.0715187e+00
  3.5468135e+00
  8.5796393e-02
 -3.6595777e-02
  3.0226231e-01
 -3.6152461e-01
 -5.2463448e-01
 -5.1690632e-01
  5.8826990e-02
  1.0615040e-01
 -3.3600336e-01
  4.3199498e-02
  9.8826036e-02
  1.3159502e+00
 -1.1083272e+00
  1.8343272e-02
  1.7183685e-01
  1.7141057e+00
  7.4913973e-01
  8.8775432e-01
  2.7628940e-01
 -4.8001394e-01
  1.4260591e+00
 -5.4654938e-01
 -1.5747422e-01
 -8.8451624e-02
  2.8993222e-01
  3.2059047e+00
  1.3012679e+00
  4.7041410e-01
  4.2934070e+00
 -1.8065872e+00
  1.5505853e+00
 -2.9175468e-03
  8.3505619e-01
  3.0239901e-01
  4.1175538e-01
  1.8760538e-01
 -3.2826167e-01
  1.7891125e-01
  7.6118940e-01
 -1.0470930e+00
  3.0668846e-01
  5.1596785e-01
 -8.9999467e-02
 -7.7163041e-01
  2.0762970e-01
 -5.7540244e-01
  4.2340684e-01
  2.2850752e-01
 -1.7137438e-01
 -2.5529855e-01
 -4.5434937e-01
  1.0471504e-01
 -1.0090949e-01
  1.0592029e-01
 -2.5596368e-01
 -4.6998134e-01
  1.9093093e-02
  1.8346214e-01
  5.1293856e-01
 -1.0940061e+00
  5.6862468e-01
  5.0931066e-01
  7.6993507e-01
  4.0660806e-02
 -7.0657653e-01
 -6.1333358e-01
  2.2669604e-01
  2.0336446e-01
 -4.2446542e-01
 -1.2545282e-01
  1.4286937e+00
 -5.5365980e-01
 -3.8307317e-02
 -1.2003863e-01
 -1.7690648e+00
  1.1371598e+00
 -1.1103630e+00
  3.0265945e-01
  2.2716146e+00
  1.6847614e-02
  1.0470649e+00
  1.2192602e-01
 -1.8794569e+00
 -8.3268487e-01
 -5.9883499e-01
 -1.3551733e-01
  2.2768788e-01
  1.2999505e+00
 -2.5194848e-01
  1.1883889e+00
  6.3353300e-01
  7.0162952e-02
  2.8326640e-01
 -3.7733234e-02
  5.0537143e-02
 -6.5851170e-01
 -1.2952113e-01
 -4.5311537e-01
  6.4680314e-01
 -2.8269079e-01
  7.9339348e-02
  4.6875920e-02
  9.3794948e-01
 -4.2015821e-01
  8.5972227e-02
 -1.4261815e-01
 -2.3040448e-01
 -7.4196732e-01
  4.4959480e-01
 -4.8587060e-01
  1.8095206e-01
 -2.3707482e-01
  3.7596680e-02
  2.6715973e-01
  5.5587029e-01
  7.2653419e-01
  5.2415836e-01
 -2.4740019e-01
  3.4011915e-01
 -4.8688272e-01
  7.0283067e-01
 -1.9550368e-01
  3.4905216e-01
 -5.2507885e-02
  1.8656394e-01
 -2.4297389e-01
 -6.3045549e-01
 -3.6392167e-02
  3.7359121e-01
 -1.4344803e+00
 -7.7578074e-01
  2.2445006e+00
  1.7761204e-01
  7.1655840e-01
 -7.2151417e-01
 -1.4058396e+00
  1.4917687e+00
  1.1096115e+00
 -1.5867372e+00
 -3.9423382e-01
 -1.7145555e+00
 -1.3275075e+00
 -1.3378610e-01
  1.3392219e-01
 -2.2713341e-02
  2.2228900e-01
 -2.6468520e+00
 -1.3628376e-02
  5.6951623e-02
 -1.8653085e+00
  1.1533448e+00
  5.4490823e-01
 -7.3900335e-02
  2.6598021e-01
 -1.3976529e+00
 -6.9197327e-02
 -1.2593282e+00
  8.0957526e-01
  3.2473024e-02
 -2.5092956e-01
  7.1651840e-01
  3.4103289e-01
 -3.8851380e-01
  6.5313049e-02
 -4.9388114e-01
 -7.8532309e-04
  1.0129102e-01
 -3.6837083e-01
  1.9033918e-02
 -1.3967945e-01
  8.1735408e-01
  4.1373017e-01
  4.8785669e-01
 -3.2550409e-01
  1.9428656e-01
 -1.4324138e-01
  2.8311672e-02
 -2.7284527e-01
 -2.9305266e-02
  2.7815527e-01
  1.3292271e-01
  2.7125391e-01
 -3.3991575e-01
  5.3465676e-01
  6.7376897e-02
  8.7520474e-01
  4.6606261e-01
  1.3251997e+00
  2.2757384e-01
  5.9249485e-01
 -3.8957596e-01
  3.7897745e-01
  4.2327982e-01
  1.5310149e-01
 -4.0820818e-02
 -7.7294022e-02
  2.0215806e-01
 -6.9615424e-02
 -5.7996684e-01
  7.1901001e-02
 -1.2008537e-01
 -5.2779567e-01
  4.6919110e-01
 -3.0607033e-01
 -2.0217633e-01
 -2.9697388e-01
 -7.5447690e-01
 -9.5641702e-01
  1.3040312e-01
 -4.2257124e-01
 -6.1586320e-01
  1.2450996e-01
 -2.7263984e-01
 -1.2818602e-01
 -6.8328880e-02
  2.5406039e-01
  7.3565371e-02
 -7.9950070e-01
 -2.7097082e-01
  2.1625936e-01
  1.2071053e-01
  1.0713255e-01
  1.3244466e-01
 -5.5114225e-02
 -7.0546299e-01
  6.2069321e-01
 -1.9570331e-01
  2.1695445e-01
 -2.8301531e-01
 -2.0533068e-01
 -7.2540522e-01
 -1.8150045e-01
 -3.8292497e-01
 -4.9720219e-01
  5.6501973e-01
 -6.2183887e-02
  2.4303776e-01
  1.7695034e-01
  3.1916755e-01
  5.0199592e-01
  1.5447304e-01
  4.4915736e-01
 -9.4637257e-01
  1.6595708e-01
 -1.5842239e+00
 -5.4314919e-04
 -6.2346959e-01
  1.1576738e-01
  1.1001419e+00
 -1.9534411e-01
  3.3499561e-02
 -6.8914157e-01
  5.5544775e-02
  4.8303795e-01
  2.2027537e-01
 -1.2200806e+00
  3.9163214e-01
  2.1320730e-01
 -3.7610259e-02
  8.9851141e-01
 -1.6293693e-01
 -1.6589431e-01
  9.9563196e-02
 -9.2495483e-01
 -5.2785784e-02
  2.7980164e-01
 -8.7386525e-01
  1.4816263e-01
 -1.5851629e-01
  9.9643961e-02
 -8.8865735e-02
 -7.8820802e-02
  8.0579448e-01
 -1.6463271e-01
  9.8975338e-02
  1.6637705e-02
  4.6401203e-02
 -8.6307555e-01
 -1.6708905e-01
 -1.5906554e-01
 -8.1790072e-01
  2.1816418e-01
  5.9956330e-01
 -1.1711123e-01
  3.6685759e-01
 -3.8645941e-01
  1.1685623e-01
 -9.0295866e-02
  5.4916859e-01
 -5.3173024e-02
  2.3735905e-02
 -2.8237909e-01
  7.1451262e-02
  5.4244459e-01
 -6.9253260e-01
  1.9343890e-01
 -8.4332532e-01
  2.3343870e-02
 -3.9665940e-01
  6.1232567e-02
 -1.4074552e-01
  2.9063001e-01
 -3.1838769e-01
 -5.6232524e-01
  1.2493288e-01
  7.0677531e-01
  7.3587298e-02
  1.3303032e-02
  3.8995183e-01
  1.1893333e-01
 -1.8367200e-01
  1.0627872e-01
 -6.3855007e-02
 -1.5170719e-01
 -8.5863667e-03
 -4.0406671e-01
  5.4229900e-02
  4.7786206e-01
 -4.5689625e-01
 -5.0731206e-01
  3.7934226e-01
 -1.6064882e-01
  5.5882907e-01
 -1.5439980e-01
 -2.1834534e-01
  3.4664440e-01
 -5.2683461e-01
  8.1001765e-01
  5.3986329e-01
 -7.2909927e-01
  7.1977116e-02
  2.7501521e-01
  9.1296631e-01
  9.0052404e-02
  8.0264732e-02
  5.0104003e-02
  7.8576362e-01
 -3.4483218e-01
  6.3385910e-01
  5.6594944e-01
  2.1281694e-01
 -7.7796853e-01
 -2.0673127e-01
 -1.1030216e+00
  8.1908770e-02
 -5.5458909e-01
  4.5031545e-01
  1.5183578e+00
 -4.4132298e-01
  3.8634539e-01
 -1.7318417e-01
 -1.2959698e+00
 -2.1953714e-01
 -7.2301888e-01
  6.4931870e-01
 -1.0633934e+00
 -1.8310712e-01
  6.7033303e-01
  3.1123152e-02
  1.1707418e+00
  1.6454652e-01
 -3.7629989e-01
  7.7421623e-01
 -1.1292517e+00
  7.6768510e-02
 -1.0032245e+00
  6.3074991e-02
  1.5988314e-01
  2.2233322e-01
  1.0439973e+00
  7.4506260e-02
 -8.1524050e-01
 -2.5193531e-02
  4.6863717e-01
  1.9270799e-01
 -6.3740462e-02
  7.9470538e-02
  3.6874723e-01
 -5.9865957e-01
  3.0970871e-01
  2.6431954e-01
 -4.7471249e-01
 -1.9034305e-01
 -1.3284580e+00
 -3.2506830e-01
 -6.2805932e-04
 -4.5036384e-01
  1.4255072e+00
  3.6069286e-01
  5.4910630e-01
  3.0712873e-02
 -4.8433113e-01
 -5.7044178e-03
 -5.6608478e-03
  1.9400561e-01
  9.1509140e-01
 -1.9197111e-01
 -5.7106107e-01
 -2.0564938e-01
  7.7155866e-02
  4.9840680e-01
  2.8509095e-01
 -4.9689576e-01
 -5.7588869e-01
 -1.8344285e-02
  1.3132358e-01
  1.1176760e+00
  1.9750071e-01
  9.7661972e-02
  2.8583860e-01
  2.9357401e-01
  1.0487672e+00
  4.5987278e-01
  3.2225397e-01
 -5.6587774e-01
 -8.3996169e-04
  6.7922455e-01
 -1.1958077e+00
  1.1404045e-05
  4.9232762e-02
  2.6217651e-01
  3.2023257e-03
 -1.8665606e-01
 -7.6820600e-01
 -1.0113738e-01
 -4.6221584e-01
 -2.9299280e-01
 -1.9146113e-01
  9.7747827e-01
  1.0446756e-01
 -6.3868552e-01
 -3.1188831e-01
 -8.7998641e-01
 -7.3641223e-01
  2.7303177e-01
 -1.5773667e-01
 -7.5143749e-01
 -5.0562662e-01
 -4.6140027e-01
 -9.4012177e-01
  5.9307235e-01
 -1.2057235e+00
 -7.2753203e-01
  1.3683555e-01
 -4.8976511e-01
 -2.7549833e-02
  5.3671759e-01
  3.4822524e-01
  5.8229256e-01
  2.1951307e-01
  4.1926149e-01
 -4.5430338e-01
 -5.8081156e-01
 -5.6479997e-03
  3.9333048e-01
  6.6112995e-01
  7.0373452e-01
 -2.1966706e-01
  1.1417922e+00
  4.8492995e-01
  1.6591464e-01
 -5.5906169e-02
 -1.3789130e+00
 -4.1380903e-01
 -1.1461692e-01
  6.2931883e-01
  3.3920738e-01
 -6.6060889e-01
  6.2707670e-02
 -3.2499731e-02
  2.8524292e-01
  5.7565731e-01
  3.1180277e-02
 -3.7542158e-01
  4.5886680e-01
 -3.5387787e-01
 -6.3238943e-01
  2.4499142e-01
 -1.4039513e-02
 -1.2297634e-01
  5.2734245e-02
  5.3016222e-01
 -3.0618885e-01
  2.2210354e-01
  1.7206505e-01
  2.6084739e-01
  3.1601322e-01
 -8.2810372e-01
 -2.2385972e+00
 -2.1422827e+00
 -1.4959060e+00
 -1.7644086e-01
  6.5274298e-01
  1.8718456e-01
  2.1209639e-01
  1.8031573e+00
  6.1522210e-01
 -1.2027550e+00
  2.1790572e-01
 -2.4142210e-01
 -1.0969617e+00
 -3.8715139e-01
  7.0537609e-01
  1.6416941e+00
  1.8626966e-01
 -1.3543952e-01
  1.7953306e-01
 -6.8030365e-02
  9.9580072e-02
  1.0478197e+00
 -5.0415629e-01
  6.2976450e-02
  7.0389497e-01
 -5.1285110e-02
  3.9263971e-02
 -5.2203095e-01
 -1.6706443e-01
 -9.6638180e-02
 -1.1454729e+00
 -8.5601622e-01
 -7.5116402e-01
  7.0399946e-01
 -2.9239789e-01
 -4.7841385e-01
  4.5741132e-01
  8.1517622e-03
 -2.0772611e-01
  3.8658500e-02
  1.0777755e-01
 -3.1882915e-01
 -1.0376343e-01
 -6.9226551e-01
 -3.7501499e-01
  4.0605244e-01
 -1.4343706e+00
 -1.1458309e+00
  1.7233670e-01
  2.4506360e-02
  1.0676678e+00
 -4.6614299e+00
 -5.4701716e-01
  2.4921092e-01
 -1.6654059e-01
  1.5680756e-01
 -2.4013753e-01
  2.3361371e-01
  1.5515651e+00
  1.3656458e-01
  2.6796550e-01
  3.8658702e-01
  7.1314108e-01
  2.4243805e+00
  1.5203576e-01
  1.4309363e-01
  1.2473496e+00
  6.3164151e-01
  1.9032422e-01
 -2.0640385e-01
 -9.6573752e-01
 -1.0248447e-01
 -2.5842619e-01
 -3.6326092e-01
  1.3673231e-02
  7.1127850e-01
  2.1628308e-01
  3.2511342e+00
  3.4514683e-01
  1.3466955e+00
  1.7441725e+00
 -2.2759745e+00
  8.1847149e-01
 -6.3935921e-02
  2.5819820e-01
 -2.8863120e-01
  6.3018531e-02
  5.1593751e-01
 -9.0667717e-02
  6.1412412e-01
  1.0052043e+00
 -6.7552812e-02
  1.1146658e-01
  2.6268694e-01
 -1.2482855e+00
 -1.5453173e-02
 -1.6551687e-01
 -2.2525907e-02
 -3.3177036e-01
  1.1215795e-01
 -1.5405946e-02
  4.2836457e-01
 -1.8123530e-02
 -4.4307488e-01
 -2.5940266e-01
 -4.6699375e-01
 -5.5545155e-02
  8.9263862e-01
 -9.3297106e-01
 -9.2716825e-01
 -5.0589656e-03
  8.7302864e-01
  7.8555727e-01
  3.5423699e-01
 -3.4259249e-02
 -1.5317731e-01
 -3.2468462e-01
 -4.0881532e-01
 -3.0611292e-01
  5.6013870e-01
  5.2103847e-01
 -1.0601231e+00
  4.9107623e-01
 -1.6536585e+00
 -5.0264525e-01
  9.5281309e-01
 -5.0429648e-01
  1.2183127e+00
  8.0251271e-01
  3.4814161e-01
  1.2455897e+00
  5.8678603e-01
  4.1040692e-02
 -2.1191519e-02
 -5.3476143e-01
  1.1842486e+00
 -1.3240184e-01
  2.0385935e+00
  3.0833563e-01
  4.1549185e-01
  2.3126929e+00
 -1.0795189e+00
  6.7463320e-01
  4.3129963e-01
 -4.2787224e-01
  1.0824579e+00
  3.6588305e-01
  9.9349368e-01
 -2.5471577e-01
 -4.2714486e-01
 -1.7367896e-01
 -2.6437908e-01
  6.4810127e-01
 -3.5531932e-01
  1.3028778e+00
  1.6030401e-01
 -7.7704954e-01
 -2.2282689e+00
 -1.3958614e+00
 -5.9086978e-01
 -2.8838950e-01
  7.4630564e-01
 -6.1343586e-01
  1.9228162e-01
 -1.7096881e+00
 -8.0415469e-01
 -6.0036820e-01
 -1.5992320e-01
  3.7219894e+00
 -9.6466941e-01
  4.0277445e-01
 -2.0118880e+00
 -2.3978208e-01
 -1.5153195e+00
  2.6285110e+00
 -6.2447559e-02
  5.3401029e-01
 -6.4172649e-01
  2.0042078e+00
  1.9424306e-01
 -3.7229607e-01
 -1.6212794e-01
  1.3738084e+00
 -1.1109378e+00
  2.4787681e-02
 -2.2272934e-01
  4.7882661e-02
  1.3801880e-01
  2.0054409e-01
  4.4702992e-01
  1.1916555e+00
  5.1201838e-01
  3.1338125e-01
 -4.3870747e-01
  5.9557152e-01
  7.5518563e-02
  1.1411331e+00
 -3.6462146e-01
  2.6931949e+00
  7.0459777e-01
 -1.5520523e+00
 -1.9974035e+00
 -1.2222294e+00
 -1.9287630e+00
  5.7303005e-01
 -2.2714992e+00
 -3.3797863e-01
  6.7005664e-01
  5.5096686e-01
  1.0382277e+00
  1.0509584e+00
  1.2178271e+00
 -1.3105298e+00
  3.8498845e+00
  1.3553704e-01
 -1.0638616e+00
 -2.9328358e-01
 -2.1709912e-01
 -2.8295198e-01
 -3.6794260e-01
  1.8753136e+00
  3.6750219e+00
 -3.4276649e-01
 -2.8545520e-01
  6.3412970e-01
 -7.0774227e-01
  3.3993143e-01
  7.3588485e-01
  3.1290725e-01
  2.9996309e+00
 -1.1988982e-01
  2.7780454e+00
 -2.8299472e-01
 -9.0137176e-02
 -1.1001533e+00
  3.2350082e+00
  7.0989758e-01
  3.4432747e+00
 -6.4524233e-01
 -1.2890440e+00
  7.0708841e-02
  4.4438920e+00
  5.3902966e-01
  5.7068968e+00
  5.2267903e-01
 -4.1729827e+00
 -2.3073426e-01
 -6.4070088e-01
  3.1109411e-01
  4.5848376e-01
 -1.3394281e-01
 -8.6711013e-01
 -1.3532583e-01
  4.6088624e-01
  4.5230410e-01
 -2.7017921e-01
 -6.7122167e-01
 -1.6967165e-01
 -8.9882088e-01
  6.1567134e-01
 -1.0295510e-01
 -6.6108690e-03
 -1.2554726e-01
 -1.5972272e-01
  4.1953129e-01
  5.4051620e-01
  6.0348986e-03
 -2.9971072e-01
  3.6229569e-01
  3.3131748e-01
 -5.8299130e-01
 -8.1779927e-02
 -1.3638328e-01
  1.5815495e-01
 -2.1435324e-02
  2.4803714e-01
 -4.8593140e-01
 -5.3575027e-01
  2.7680549e-01
  3.1288859e-01
  3.1374893e-01
 -4.7929814e-01
 -2.8405410e-01
 -2.8943136e-01
  3.4351882e-02
 -1.7559934e-01
  5.4727554e-01
 -2.5912613e-01
  3.8592833e-01
  1.9212979e-01
 -2.3028782e-01
  6.4646697e-01
 -3.4872881e-01
  6.4909026e-02
 -1.5297754e-01
  4.9475613e-01
  1.2168797e+00
 -2.2701059e-02
 -8.8737257e-02
  3.5740131e-01
  5.3506058e-02
  4.3923500e-01
  1.9455190e-01
 -6.4236337e-01
 -5.5124497e-01
 -3.8992035e-01
  1.9635557e+00
 -7.8805850e-04
 -6.9102623e-02
  1.0262035e-01
 -6.8177295e-01
 -2.9620919e-01
 -1.8081301e-01
  1.6102319e+00
  6.6955328e-01
 -6.0641326e-02
  2.0606115e-01
 -4.4478750e-01
 -2.0699224e+00
 -8.0163789e-01
 -8.6291218e-01
  1.3447097e-01
  7.5185311e-01
 -3.6586422e-01
 -1.0283067e+00
  4.9335787e-01
 -5.5855494e-02
 -1.8986477e-01
  1.5002186e-02
 -1.2105317e-01
 -7.3438787e-01
  3.7086317e-01
  2.7332222e-01
 -5.1659399e-01
  3.9299414e-02
 -4.6075797e-01
  2.1808591e-01
  4.7744888e-01
  1.8707784e+00
 -2.7055168e+00
 -2.4281695e+00
  7.4870676e-01
  8.8940674e-01
  1.0007651e+00
 -9.5431739e-01
  3.2090935e-01
  4.9207065e-02
  1.0486013e-01
  7.2582597e-01
 -1.3498135e+00
  1.1287154e+00
 -6.4068103e-01
  4.0362126e-01
 -1.5958911e-01
 -8.0713683e-01
  7.4809617e-01
  3.0059397e-01
  1.6838679e-01
 -7.6450598e-01
  3.1444617e-02
  1.8154083e+00
  2.1810402e-01
  1.8688542e-01
 -1.0433763e+00
  1.6805890e-01
 -1.5796514e+00
  1.1893994e-01
  5.5003315e-02
 -1.3068582e-01
 -2.8807336e-01
 -9.2191714e-01
 -1.6988286e+00
 -1.5847754e+00
 -1.0980940e+00
  4.6853518e-01
  5.7972994e-02
  7.2981364e-01
  1.0221303e+00
  7.8561768e-02
  8.1528872e-01
  5.1141542e-01
  8.3834547e-01
  4.1713896e-01
  1.0655607e+00
  5.6354803e-01
  4.1320565e-01
  5.7760590e-01
 -9.7997598e-03
  9.5011795e-01
  3.3325979e-01
  6.9210470e-01
  5.5541918e-02
  2.2773603e-01
  6.8536520e-01
 -8.5710436e-01
 -4.1529733e-01
  1.8886599e-01
  1.7803925e-01
  4.6421307e-01
  4.7383621e-01
  2.3299181e-01
  2.2057776e-01
  1.3013321e-01
 -1.1674006e+00
  6.4482820e-01
 -3.1954223e-01
  4.4728264e-02
 -1.0068879e-01
 -1.6119234e-02
  1.5489877e+00
  1.8264896e-01
 -6.3952541e-01
  2.5430119e-01
  3.7751588e-01
 -2.8133184e-01
  2.7816752e-01
  4.2111218e-01
  1.7881025e-01
 -4.2335045e-01
 -6.1420292e-01
 -8.5967086e-02
  3.0440554e-01
  1.8306307e-01
 -1.1221285e-01
  4.4216886e-01
  2.5420395e-01
  4.8394179e-01
 -1.6002491e-01
  1.4074045e-01
  3.6200058e-02
 -8.1142926e-01
  1.8733242e-01
 -6.4107430e-01
 -1.1291800e+00
  1.5869999e-01
  2.0503263e-01
  2.1074138e+00
 -1.4367681e+00
  1.6800847e+00
  1.0488220e-01
 -8.9640284e-01
  3.3375794e-01
  6.9022343e-02
  9.1398628e-03
  9.3044001e-01
 -2.0656063e-01
  1.0712292e+00
 -3.1357452e-01
  1.6839268e+00
  2.4063199e+00
 -6.6329688e-01
 -5.4936635e-01
  9.9088055e-01
  1.5832471e+00
  3.8314280e-01
  4.3906815e-02
 -3.6937895e-01
  5.3018874e-01
 -2.5380539e-02
 -1.0870724e+00
  1.1808890e+00
  8.1060804e-02
  6.2451547e-01
  9.0671468e-01
  6.9049984e-02
  7.7734816e-01
 -3.3548397e-01
  3.1149282e+00
 -2.0342572e+00
 -3.6056426e-01
  1.7904904e-01
  2.2698799e-01
 -2.1277951e-01
 -9.8986048e-01
  1.0399181e+00
 -1.3124464e+00
  7.8563929e-02
  1.0833564e+00
 -3.3601768e+00
 -3.7542528e-01
 -5.4900956e-01
 -1.7860898e+00
 -1.1507066e-01
 -2.0171254e+00
  1.3477141e+00
  8.0449935e-03
 -1.7005622e-01
 -5.7173077e-02
  4.8403940e-01
  1.1661057e+00
 -2.3506522e-02
 -8.0285892e-02
 -9.5140904e-02
  1.8680359e+00
 -1.0161017e+00
  4.1629512e-02
 -2.9233932e-01
 -4.5838219e-01
 -4.2622846e-01
  4.5513859e-01
 -1.8552329e-01
 -1.2143208e-01
 -1.0766548e-01
  1.4428389e-01
  5.7595193e-01
 -3.6568645e-01
 -8.0405450e-01
  3.1191790e-01
 -1.5535480e-02
  2.4034575e-02
 -7.6580620e-01
 -9.8962229e-01
 -1.5950229e-02
 -4.6308871e-02
 -3.6495440e-02
  6.8365413e-01
 -2.6239374e-01
  5.8968580e-01
 -4.1009691e-01
 -1.5027194e-02
 -3.9694875e-01
 -7.3027664e-01
 -5.2466512e-01
 -1.0295197e-01
 -4.3823260e-01
 -7.6153845e-02
  1.8837360e-01
 -7.3843271e-01
  5.3230548e-01
  3.6886716e-01
 -1.2996186e-01
  3.5584152e-01
  6.6796935e-01
  1.8176101e-01
  1.4968876e-03
 -1.4633760e+00
  1.5027862e+00
  3.8191372e-01
 -1.2968010e+00
 -5.0660104e-01
  1.8916314e-02
 -4.5646161e-01
 -3.8116884e-01
  8.8584411e-01
  6.5281600e-01
 -6.7038441e-01
  2.1239781e-01
 -2.9731888e-01
 -1.6703710e-01
 -2.0780519e-01
  1.5959965e-01
 -8.3442003e-02
  2.7141306e-01
  7.4422705e-01
 -5.2557602e-03
 -2.6175165e-01
  5.5973428e-01
  1.5942629e-01
 -2.3133469e-01
  4.3963224e-01
  4.3837401e-01
  3.2522765e-01
 -8.3423638e-01
 -8.2538120e-02
  5.8794231e-03
  1.3430360e-01
  7.7777779e-01
 -8.7599629e-01
  8.4355228e-02
 -2.2356386e-01
 -4.8769394e-01
 -3.3508787e-01
 -4.5631673e-02
 -3.8746688e-01
 -4.1400874e-01
 -8.8570237e-01
 -4.2086625e-01
 -1.0289674e+00
 -8.1938195e-01
 -4.7862768e-02
  2.2814040e-01
 -5.5952156e-01
  2.2078240e-01
  1.4904585e+00
  4.7356736e-02
  7.4524097e-03
  3.6593658e-01
 -9.3567751e-02
  4.7984496e-01
 -1.9514665e-02
  1.2562037e-01
  1.9433251e-01
 -3.9301958e-02
 -5.5993849e-01
  1.9165990e-01
 -1.3630585e-01
 -7.3659204e-02
  2.6096451e-01
  8.1382677e-02
 -5.3784460e-01
 -2.5084490e-01
 -2.4418858e-01
  2.6317605e-01
 -2.2707640e-01
  8.9680600e-01
  4.0466771e-01
  5.9607416e-02
 -2.0236373e-01
 -6.1956011e-03
  5.0105721e-01
  3.2823868e+00
 -1.2021067e+00
 -7.7120918e-01
 -7.4974072e-01
 -4.8189878e-01
  3.9136836e-01
 -1.7018268e-02
  4.4081727e-01
 -2.3957388e-01
 -4.5629162e-01
 -1.2660370e+00
  6.9561481e-01
  3.0261290e-01
  2.4939810e-01
  1.6295445e-01
  1.2408942e+00
 -9.8999655e-01
  4.1133273e-01
  4.1448876e-01
  1.3659433e-01
 -2.0093455e+00
 -1.5160209e-01
 -1.1220366e+00
  1.5906927e-01
  2.4240883e-01
  6.7734843e-01
 -9.5386952e-01
 -5.5237138e-01
  3.0630285e-01
  3.8823682e-01
  8.1747997e-01
  9.2626858e-01
 -5.3086013e-01
 -9.9334723e-01
 -6.6790789e-01
 -1.8589051e-01
  1.2207705e+00
 -1.0248027e+00
  5.7621038e-01
 -1.4554498e+00
 -9.9313360e-01
  3.1053317e+00
 -2.4042411e-01
 -3.3525777e-01
  9.1729678e-02
 -4.5668465e-01
  4.8921070e-01
  2.7072600e-01
  3.6360157e-01
 -7.4540645e-01
  1.0309925e+00
 -1.2600771e+00
  1.7084886e+00
 -3.7037878e+00
 -4.3613049e-01
  1.1855022e+00
  4.2359516e-02
  3.7165618e-01
  3.6072749e-01
  5.8978021e-01
 -1.6421801e-01
  7.8061811e-04
 -8.6244982e-01
 -3.6374205e-01
  3.1590036e-01
  8.2884565e-02
 -2.5759849e-01
  4.4127293e-02
  1.2207147e-01
 -1.3895676e-01
 -3.7059650e-01
 -7.2677217e-02
 -5.4521239e-01
  2.6190868e-01
  5.1187551e-01
  3.9634141e-01
 -3.2004106e-01
  1.0827313e-01
 -2.1333429e-01
  3.7908086e-01
  8.6094640e-02
 -1.1008889e-01
  1.6965030e-01
 -5.9823722e-01
  7.3548591e-01
  2.0869501e-01
 -2.5019059e-01
 -1.8485764e-01
  1.0593426e-01
 -8.3744687e-01
 -6.3998246e-01
  3.3685160e-01
  1.0041220e-01
  2.6063466e-01
  2.7949619e-01
 -1.5837182e-01
  4.6153262e-01
  1.4461781e+00
  2.7959485e-02
 -2.1620432e-01
 -8.6087890e-02
  3.0164656e-01
  4.0149108e-02
 -4.7692180e-01
  4.0557355e-02
 -1.1803824e-01
 -4.2152339e-01
 -3.1073153e-01
  5.0944626e-01
  1.9589157e-01
 -1.8197502e-01
 -2.9591179e-01
 -1.0399070e-01
  1.4070079e+00
 -1.3787923e+00
  3.6398533e-01
  5.4007679e-01
 -8.1382775e-01
  1.3453835e-02
  1.1999537e-01
 -9.8490506e-01
 -2.9083240e-01
  6.2329733e-01
 -2.5824615e-01
  5.0370508e-01
  2.7669114e-01
 -1.2496977e-01
  5.5749696e-01
  4.8709407e-01
  2.0990495e-01
  1.8080398e-02
  1.2034252e+00
 -1.0770946e+00
  2.2095017e-01
  3.4814748e-01
  6.0690570e-01
  2.6460660e-01
 -1.8535213e-01
  2.4658215e-01
  2.7678511e-01
 -2.2262295e-01
 -2.3912629e-01
 -7.1052700e-01
  4.9666545e-01
 -2.3427047e-01
 -1.6516910e-01
  1.1374166e+00
  5.9693354e-01
 -2.3150246e-01
  7.8200839e-02
 -4.0532497e-01
  2.5606894e-01
 -2.8415397e-01
 -8.0876780e-01
 -1.4538881e-01
  8.2879359e-01
  2.1713614e-01
 -3.3777294e-01
  3.4086818e-01
 -2.4934109e-01
 -1.2422221e-01
 -7.8581840e-01
 -2.1744402e-01
 -5.7514347e-02
  2.1991810e-01
 -3.1148666e-01
 -1.7729020e-01
 -5.8539584e-02
 -6.1902042e-02
 -5.3012230e-02
  1.5301096e-01
  4.4207975e-01
  1.7866175e-01
 -3.1341463e-01
  7.9109436e-01
 -2.1788408e-01
 -3.9806992e-01
  5.7464308e-01
  4.6258637e-01
 -3.1422147e-01
  1.9407442e-01
  1.0608166e-02
  1.0400306e+00
 -8.9240611e-02
  2.1598437e-01
 -4.4177884e-01
  3.1017226e-01
  4.3013882e-02
 -3.0618501e-01
  1.1933903e-01
 -2.1765497e-01
  1.2945080e-01
 -7.5901037e-01
  7.7803874e-01
  1.2248505e+00
  5.2760251e-02
 -2.2735906e-01
 -2.0712629e-01
 -3.1045559e-01
 -4.8707342e-01
 -6.0092819e-01
  7.3170489e-01
  5.0067973e-01
 -2.6004997e-01
  3.4024268e-01
 -2.1120255e+00
 -3.7298292e-01
 -4.4032875e-02
 -1.1894588e+00
  2.4979091e-01
 -1.2366802e-01
  1.0222423e-01
 -4.0183562e-01
  2.7975976e-01
  2.0132390e-01
 -3.4116170e-01
  3.9064643e-01
 -3.3400118e-01
  7.0290715e-01
 -5.9004289e-01
  1.7533943e-01
 -1.9099775e-01
 -2.8295654e-01
 -8.8774189e-03
  4.4004817e-02
 -2.6262459e-01
 -4.2426664e-01
  7.7943683e-02
  3.9298818e-01
  9.5678285e-02
 -5.5624068e-01
  1.7182428e-01
  2.4070729e-02
 -8.4377881e-03
  7.3639232e-01
  6.3197382e-02
 -1.9984220e-01
 -2.0742489e-01
  2.2918266e-01
  4.0417454e-01
  1.3531449e-01
  2.0486467e-01
  7.6915449e-01
  3.7985913e-02
 -6.3316220e-01
 -3.9123815e-01
  5.0787699e-01
 -4.4557011e-01
  2.0445313e-01
 -3.3428308e-01
  4.0391093e-01
 -9.1970503e-02
 -1.0306526e+00
 -2.0213051e-01
 -1.9876882e-01
  7.6399148e-02
 -2.4189726e-02
 -3.3543620e-01
 -3.1169420e-01
  1.9369318e-01
  3.3148158e-01
 -2.9537973e+00
 -1.5384799e-01
  5.2237171e-01
 -5.5210567e-01
  4.3647286e-01
  1.5252241e-01
 -4.5521599e-01
 -5.6112570e-01
 -2.4607642e-01
  1.5542860e-01
  2.6244357e-01
 -3.0695859e-01
 -2.0661968e-01
 -2.9681072e-01
  2.1880983e-01
 -3.1204866e-02
  9.2542522e-02
  1.1587921e-01
 -2.8806359e-01
  4.2210467e-02
 -1.5529346e-01
 -4.9176681e-01
  3.0905172e-01
 -6.1797523e-01
 -1.0763720e+00
 -1.9476233e-01
  5.8043748e-01
 -3.6806405e-01
  5.3244555e-01
 -2.6068744e-01
  2.9333118e-01
  2.4096431e-01
  1.4356665e-01
  5.7436965e-02
  1.9991870e-01
 -6.1875087e-01
 -9.4537884e-02
 -2.5141996e-01
  5.0167441e-01
 -4.4906130e-01
 -8.0439150e-01
  1.3218068e-01
 -9.1244942e-03
  4.2404902e-01
 -4.0146711e-01
  6.4463407e-01
 -5.8977509e-01
  4.8492423e-01
  7.3072541e-01
  3.4394535e-01
  1.9555257e-01
 -1.9179781e-01
 -2.3232313e-01
 -4.0874574e-03
 -1.2548107e-01
  1.3073277e+00
 -9.5757037e-01
  3.2768762e-01
 -2.4565452e-01
 -8.4630229e-02
  7.9967642e-01
 -2.4164182e-01
 -1.0110576e+00
 -1.3604987e-01
  6.3647926e-01
  1.8084814e-01
 -5.3086966e-01
  1.8356459e-02
  5.0192177e-01
  2.0205693e-01
 -2.6260400e-01
 -7.1210968e-01
  4.0716442e-01
  4.1168526e-01
 -1.0999873e-01
  3.6284223e-01
 -1.1497511e-01
 -1.5749787e+00
 -1.4304975e-01
 -2.2203338e-01
 -1.1180616e-01
 -6.0982573e-01
  3.1669296e-02
  5.5382036e-02
 -2.2156923e-01
  2.2584063e-01
 -6.5584463e-01
  1.5817755e-01
 -2.9474098e-02
 -1.3284813e-01
  2.9150075e-01
  4.2561245e-01
 -2.5518453e-01
 -2.1527624e-01
  1.0487679e+00
 -2.4985646e-01
  6.0726471e-02
  1.1860276e-01
  3.9922163e-01
 -1.5189596e-01
 -4.7906393e-01
 -5.7810044e-01
 -1.6625670e-01
 -3.8852096e-01
 -3.6122236e-01
  2.1819898e-01
 -4.3325791e-01
  1.8059695e-02
 -2.5685018e-01
 -2.4192731e-01
 -1.1662570e-01
  4.9153975e-01
 -9.7917390e-01
  3.0136511e-01
  1.2651806e-01
  1.4491301e+00
 -2.3072284e-01
  3.0952969e-01
  1.3202581e-01
  1.4004481e-01
 -1.7944878e-01
 -2.6214888e+00
  6.3251548e-02
  1.4727044e-01
 -1.6808011e-01
 -5.5357929e-02
  8.7817758e-02
  5.2057916e-01
 -7.9765797e-01
 -4.8419479e-02
 -1.3297598e+00
  8.5307539e-01
  1.5599945e+00
  6.6642487e-01
  3.3119676e-01
  5.3176537e-02
  3.9649636e-02
  1.3023428e-02
  1.3732284e+00
  3.8375312e-01
 -8.8657260e-02
 -4.4865862e-01
  6.7016929e-01
  2.2071673e-01
  3.3744207e-01
  3.5731313e-01
 -7.5674593e-02
  6.9795758e-02
  2.1152744e+00
 -1.8652897e+00
  6.6129732e-01
  1.9851503e+00
 -4.0326189e-02
 -5.2183520e-02
  1.7197637e-01
 -1.1272331e-01
  1.6877946e-01
  1.4616889e-02
  2.8575468e-01
  1.4114447e-01
 -5.8228302e-01
 -6.8721277e-01
 -8.0696762e-01
 -1.8683718e-01
  7.8384662e-01
  2.7363335e-03
 -9.6489090e-01
  8.2035261e-01
  1.3258672e-01
 -3.7751329e-01
  2.9510517e-02
 -2.6475197e-01
 -1.7016774e-01
  5.7169598e-02
 -1.1801743e-01
 -1.0663017e-01
 -2.9078615e-01
  2.7532402e-02
  5.0492328e-01
  1.0334117e-01
 -2.2358465e-01
 -4.2785481e-02
 -5.2298135e-01
 -2.0778427e+00
 -5.7780367e-01
 -8.8582233e-02
  2.5681171e-01
  9.3110047e-02
 -3.6170974e-01
 -3.1947438e-02
  1.6465826e-01
 -2.8601837e-01
 -7.4399149e-01
 -2.6561829e-01
 -3.1411648e-01
 -1.1074911e+00
 -1.5782737e+00
  1.0905543e-02
 -4.8527205e-01
 -7.7866510e-02
 -2.8697276e-01
  2.1985729e-01
  4.6170071e-01
 -1.1076043e-01
 -2.1283889e-01
  1.3929743e+00
 -5.7039492e-02
  8.0821055e-01
 -7.0919442e-01
  2.3266871e-02
  9.1612212e-02
 -8.0676347e-01
 -9.3677685e-02
 -1.5931918e-01
 -6.3381481e-01
  4.5568842e-01
 -1.8207075e-01
 -1.5112251e-01
 -2.9687673e-01
 -4.7873791e-02
 -4.8718089e-01
 -3.8177911e-02
  1.8559198e-01
  6.5238917e-01
  1.0288041e-01
  1.1588558e+00
 -4.6509948e-01
  6.6501731e-01
  1.2742929e+00
 -2.4445428e-01
  6.9714922e-01
  2.5990638e-01
  1.0744992e+00
  4.0890187e-01
 -1.0659537e+00
  1.7203947e+00
 -3.1055558e-02
 -2.3348637e-01
 -7.9887286e-02
 -7.2217256e-01
  2.6861041e+00
  1.6928198e+00
 -2.7105365e+00
  4.2395975e-02
  6.4213091e-01
 -4.0181521e-01
  1.1090422e+00
  4.1754365e-02
 -2.2723567e-01
  2.2984909e-01
 -8.6613424e-02
 -6.1972612e-01
  5.3642142e-01
  3.1227577e-01
 -1.1803369e-01
  3.0611178e-01
  1.4362599e-01
 -1.8148382e-01
  4.4321638e-02
 -7.5901937e-01
  5.6780007e-02
 -7.2211795e-02
 -3.1498301e-01
 -7.1638897e-02
  6.1354953e-01
 -7.9273112e-02
  7.4735388e-02
  1.9757302e-01
  8.9594372e-02
 -1.3993343e-02
 -3.6802945e-01
 -2.1901700e-01
 -9.2748404e-02
  1.6022487e-01
  3.3827156e-01
 -7.1301758e-01
 -3.4272245e-01
  3.1239137e-01
 -6.7320906e-02
 -3.5482533e+00
  4.1372702e-02
 -4.7943491e-01
  2.7134597e-01
 -1.4638336e+00
  8.5610604e-01
 -3.4092772e-01
 -8.8625282e-01
  1.1702174e+00
  1.4218375e-01
 -8.3871657e-01
  1.5472479e-02
 -9.1907024e-01
  2.0122048e-01
 -9.7389692e-01
 -1.8914548e-01
  9.0029933e-02
 -1.7872512e-01
  7.1965605e-01
 -1.1526754e+00
  5.1422238e-01
 -7.7998549e-02
  1.7401770e-01
  1.6779090e+00
 -1.9124496e-01
  2.6663533e-01
  3.6587194e-01
  3.4518945e-01
 -7.6105696e-01
  2.3733706e-03
  1.7639539e-01
  2.2832116e-02
 -1.1750906e+00
 -1.1953200e+00
  1.5714189e-02
 -5.1054269e-01
 -3.4730904e-02
 -4.7463912e-01
  1.5074174e-01
 -3.2753122e-01
 -3.2414347e-01
 -3.3172883e-02
  1.2669738e-01
 -9.5039773e-01
  1.0415310e-01
 -5.0765270e-01
 -4.2684564e-01
 -7.5056985e-02
  1.4141063e-01
  1.9026229e-01
 -1.3481067e-01
 -6.2065959e-01
 -3.3212323e-02
  1.1442242e+00
 -6.8288714e-02
 -2.7973014e-01
  1.5937507e-01
 -3.0062255e-02
 -2.3690082e-01
 -3.4491161e-01
  5.6628573e-01
  7.1003512e-02
 -4.2437971e-01
 -2.5650425e-02
  1.2556174e-03
  1.2870054e-01
  1.3322189e+00
  1.7806135e-01
  8.3281975e-03
 -1.4706659e-01
  1.7565843e-01
  6.7435484e-04
  6.3310277e-01
 -3.0939889e-01
 -8.8662547e-01
  4.2625466e-01
 -4.7902148e-02
 -6.2334943e-01
 -3.5972762e-01
  4.3089649e-01
 -3.0251938e-01
 -1.0406673e-01
  8.3385050e-01
 -7.9607445e-01
  1.6554253e-01
  3.8347200e-01
 -5.9332717e-02
 -2.2083360e-01
  1.9582796e-01
 -1.8148739e+00
 -4.6321630e+00
  1.0426339e+00
  4.1922390e-01
 -2.2272639e-01
 -7.2008404e-03
  8.2790458e-01
  2.0123966e-01
  1.1226691e+00
  4.6590451e-02
 -1.4332378e+00
  1.0365293e-01
 -5.6847662e-02
  1.0436989e+00
 -2.2830373e-01
  8.3097357e-01
  6.9509573e-02
  6.0178679e-01
 -1.2018380e+00
  3.2115379e-01
 -1.0607975e+00
  2.6184862e+00
 -7.1681046e-01
  1.3285996e+00
  4.8551183e-02
  2.9795659e+00
 -1.7407507e-01
  2.8613135e-03
  2.3079942e-01
  9.1090131e-01
 -8.2635701e-01
 -2.0573676e+00
 -2.1080945e+00
  8.5071468e-01
  1.8124384e+00
  3.3699575e-01
  4.4265774e-01
  2.8201756e-01
 -2.3717685e-01
 -8.7944642e-02
  1.4770105e+00
  1.1085951e-01
  1.7705064e-02
 -1.3100297e-02
 -1.3343440e-01
  1.5026637e+00
  5.7793683e-01
 -1.0349883e+00
  3.0544651e-01
  8.4297115e-01
 -3.6446156e-03
 -1.6006666e-01
  1.3316607e-01
  9.5059806e-01
  1.9547718e+00
 -1.0402272e-01
  1.7729810e-01
 -2.5532618e+00
  5.5679757e-02
 -8.4803335e-04
 -4.5788143e-02
  1.2497413e+00
  8.3077842e-01
 -2.3790821e-01
 -8.3808839e-01
  1.8471138e-01
 -1.2925675e+00
 -1.7236352e-01
  1.0540011e+00
  2.4903782e-01
 -2.2676636e-01
 -3.8166207e-01
  3.2208249e-01
 -5.3055751e-01
  1.7267552e-01
 -3.0157223e-01
  1.8055146e+00
 -3.4887475e-01
  1.3232426e-01
 -3.0761507e-01
 -3.7522423e-01
  1.0275278e-02
 -2.2023202e-01
  2.7185890e-01
 -6.5329999e-01
 -5.0723773e-01
  4.5533511e-01
  2.4605663e-02
  1.8206695e-01
  4.8455298e-03
  1.0435209e+00
  4.2396199e-02
  1.2334309e-01
 -1.9578250e-01
 -9.5833167e-02
 -1.5008618e-01
 -2.0584367e-01
 -4.2544041e-02
  6.0100549e-01
 -3.5047257e-01
  4.7050449e-01
 -3.0271089e-01
 -7.5902861e-01
  9.8944300e-01
 -1.8927962e-01
 -2.8350204e-01
 -2.7665013e-01
  3.0524760e-01
  7.6949179e-02
 -4.6601516e-01
  4.2286202e-01
  1.9214936e-01
 -2.8177035e-01
 -2.3636599e+00
  7.9857677e-01
 -6.4923638e-01
 -1.0573108e+00
 -1.5384045e-01
 -7.5844400e-02
  2.1655105e-01
  4.2665087e-02
  1.6343658e-01
  4.8877558e-01
  6.7598677e-01
  4.7881109e-01
 -2.4869139e-01
  2.6995513e-01
 -5.5521357e-01
 -2.8643000e-01
  3.4844047e-01
 -2.8909825e-02
  6.8221219e-02
  5.2588832e-01
 -1.4616095e-01
 -1.6865826e-01
 -5.1673490e-01
  4.4502094e-01
 -4.3655097e-01
 -5.8074202e-02
  2.8143644e-01
  4.6789926e-01
 -1.0253762e-01
 -1.0236976e+00
  1.3592870e-02
  6.8230152e-02
  1.6229631e-01
 -4.7823364e-01
  2.4664018e-02
 -1.2924288e-01
  1.2166129e-01
 -4.2333665e-01
 -1.5790395e-02
  1.5651047e-01
 -1.1209407e+00
  3.5813352e-01
 -8.7981224e-02
 -6.0698517e-02
 -7.6733834e-01
  3.9717633e-01
  3.1580120e-01
 -7.9302359e-01
  1.1468942e+00
 -1.4051625e-01
  4.8161912e-01
  1.5572359e-01
  9.8612040e-01
 -1.1651071e-01
 -4.1595271e-01
 -6.5640384e-01
  5.9393483e-01
 -2.3927738e-01
 -1.0420207e+00
 -3.8975340e-01
  4.4390112e-02
  5.8441859e-01
 -1.6618444e-01
 -6.9368824e-02
 -8.6850882e-01
  3.6462602e-01
  7.6258969e-01
  1.1068782e+00
  2.5784152e+00
  2.8229505e-01
  1.6267791e-01
 -6.1749037e-02
  4.0203571e-01
  5.1695001e-01
 -5.2767769e-02
  4.4025195e-01
 -2.8507704e-01
 -1.2201229e+00
 -3.8749379e-01
 -3.3501136e-01
  1.2636140e-01
  1.9378644e-01
 -5.6248575e-02
  6.0518372e-01
  2.9478040e-01
  3.8262886e-01
  4.3421943e-02
 -1.9003856e-01
  2.5141979e-02
  6.3904059e-01
 -2.0569806e-01
 -7.8795835e-02
  3.4295684e-01
  2.1872568e-01
 -3.1842813e-01
 -8.7358159e-01
 -4.3573129e-01
  2.9326737e-02
  1.8879020e-01
 -1.1271977e+00
 -4.7035784e-01
  2.9466474e-01
 -9.9356860e-02
 -1.0026603e+00
  5.2443099e-01
 -6.1873131e-02
 -2.7656534e-01
  9.9657899e-01
 -4.8859856e-01
 -1.4001746e-01
  5.0663823e-01
  6.3060337e-01
  7.7586359e-01
  3.8088852e-01
  6.0610443e-01
 -5.3768271e-01
 -2.6513645e-01
  1.8599894e+00
 -2.1821116e-01
 -1.0254337e+00
 -7.0031869e-01
 -3.0633485e-01
  3.0023672e-03
 -3.7714683e-02
  8.7145323e-01
  1.5917602e-01
 -2.6000813e-01
 -1.9457948e-01
  2.9827752e+00
 -2.7358007e+00
 -2.0085888e+00
 -6.9506288e-01
 -3.4120715e-01
  1.7078806e-01
 -4.9462229e-01
  4.2023903e-01
  1.3587120e+00
  2.7024665e-01
  9.0744406e-01
 -2.5235415e-01
  2.1824327e-01
  2.1828333e-01
  2.5247121e-01
 -5.5254579e-01
  8.3165383e-01
  6.2743467e-01
  2.3390771e-01
 -2.9349903e-02
 -6.5819496e-01
  2.6200235e-01
  1.4109159e-01
  7.9790974e-01
  1.9674962e+00
  3.6042401e-01
  3.6882613e-02
 -2.9707891e-01
  4.0226066e-01
 -9.4569810e-02
 -8.2873233e-02
  1.4230389e-02
  9.5721143e-01
 -2.1819163e-02
  7.0413065e-01
 -4.1887797e-03
  4.9633285e-01
  1.0407004e+00
 -2.0652477e-01
 -6.6862482e-01
  4.1330580e-02
  1.0683013e-01
 -2.8667636e-02
 -2.0003007e-01
  1.9502184e-01
  3.3959940e-01
 -4.8190987e-01
 -2.0496002e-01
  9.8258311e-01
  1.0356604e-01
  8.3779223e-02
 -1.0355974e+00
 -6.8756171e-02
  4.1992480e-01
 -3.5048831e-01
  9.5188975e-02
 -2.5410539e-01
 -5.4678655e-01
 -2.9907702e-02
  5.3947639e-01
  1.9101581e-01
  6.8546766e-01
  3.6540648e-01
 -1.1264017e+00
 -5.4656649e-01
 -3.3089837e-01
 -3.1101331e-01
  4.7716868e-01
 -4.9416885e-02
  3.5857338e-02
  2.9467705e-01
  2.4021402e-01
 -1.1066153e-01
  2.4407609e-01
  2.8086126e-01
  1.1491039e-01
 -7.3695058e-01
 -1.0503155e+00
 -4.0593263e-02
  1.4122507e-01
  1.9057582e-01
 -3.9866582e-01
 -1.6578434e-01
 -3.2981115e-03
  1.7134610e+00
  1.6798271e-01
  2.8545824e-01
 -1.9376181e-01
  5.7512514e-02
 -9.4806135e-01
  4.1942865e-01
  5.4134762e-01
 -5.5905056e-01
 -1.1243602e+00
 -2.3758435e-01
  7.5964242e-01
  1.9114229e-01
 -1.1743947e-01
  9.9422020e-01
  1.4722677e-01
  8.8499689e-01
  6.8851370e-01
 -1.3017544e+00
 -2.0107353e-01
  5.2893990e-01
  6.7427313e-01
  1.2560503e+00
  4.3992954e-01
  1.6266236e+00
  3.0210122e-01
  1.9281806e-01
  3.2819163e-02
 -6.3979417e-02
 -4.1472071e-01
  3.5094637e-01
  9.9021047e-01
 -2.7186221e-01
  2.7038474e-02
  9.2720844e-02
  7.7560253e-02
 -3.9015928e-01
  6.6832370e-01
  3.6590055e-01
  3.2798465e-02
 -3.0187961e-01
  6.4860499e-01
  1.0292528e+00
  4.9756354e-01
 -9.7188011e-02
 -1.5235153e-01
 -2.4989505e-01
  2.5554940e-01
  1.4867145e-01
  4.0544283e-02
 -3.0840757e-01
  2.6513103e-01
 -8.0962855e-01
 -2.5160078e-02
 -8.1507102e-02
 -4.3693757e-01
  4.8049843e-01
  9.5745310e-02
 -5.5940753e-01
 -3.4825420e-01
  2.0174801e-02
 -2.6300976e-01
  1.2443166e+00
 -1.0766018e-01
 -3.0031431e-01
 -4.5618647e-01
  1.6184875e-01
 -9.1089636e-02
 -2.9292262e-01
  1.5997602e-01
  3.0494684e-01
 -3.9517125e-01
 -3.0325693e-01
  6.0382422e-02
 -1.8576611e-02
  2.7290359e-01
 -4.7675107e-02
 -6.0280329e-01
  2.2411403e-01
 -9.1983482e-02
  1.1534707e-01
 -4.5442906e-01
 -6.3077056e-01
 -6.5938532e-01
 -1.0011457e-03
 -3.7510574e-01
 -3.6387485e-01
  1.6144378e-01
  1.3979110e+00
  3.1965706e-02
  4.4234121e-01
  8.9917338e-01
  4.1747998e-02
 -4.4461137e-01
  5.7369399e-01
  9.1927844e-01
 -2.1503656e-01
 -7.5292248e-01
 -2.8018728e-01
 -1.4416004e+00
  1.8476561e-01
  3.0698201e-01
 -4.2438000e-01
 -8.1168711e-02
 -6.7604136e-01
 -1.3804291e-01
 -1.5586732e-01
  6.4640802e-01
 -6.8392813e-02
 -2.7217788e-01
 -3.7133582e-02
  2.4753635e-01
 -3.5366479e-01
  1.0821154e+00
 -2.3361427e-01
 -4.5156917e-03
 -6.4415610e-01
  6.1508186e-02
 -4.2821062e-01
  6.3485879e-01
  1.4486548e-01
  1.0267450e+00
 -3.2861277e-01
  2.5058746e-01
 -3.0330029e-01
  2.2604330e+00
  6.1131698e-01
  4.6038666e-01
  9.5500541e-01
 -2.6911566e-02
 -7.8987345e-02
  2.4257016e-01
 -3.0530846e-01
  1.7543142e-01
 -6.8222433e-02
  1.4871244e-01
  3.6452535e-01
 -1.0039377e-01
  6.9106445e-02
 -1.0311334e-01
 -2.2942829e-01
  8.9493543e-02
 -1.1663021e+00
  4.2025867e-01
 -3.6646742e-01
  2.0372598e-01
  3.0086282e-01
  1.9495908e+00
  2.6047441e-01
  1.1875241e+00
 -1.0556234e-01
 -1.1912359e-02
  4.3799999e-01
 -1.1085738e-01
 -3.7047195e-01
 -2.2384377e-01
  1.2407175e-02
 -3.2275059e+00
 -5.8388412e-01
  9.0808004e-02
 -2.8539571e-01
  3.7445530e-01
 -3.4663311e-01
 -2.2814455e+00
 -6.8280697e-01
 -3.8076967e-01
  9.4799560e-01
  7.5026232e-01
  5.9947256e-02
  1.4427066e-01
 -1.1594405e+00
 -7.5231344e-01
 -8.6643910e-01
 -1.1600286e+00
 -1.5133379e-01
 -8.0527222e-01
  4.5953184e-01
 -7.3691666e-01
  2.1036115e-01
  2.9492818e-02
  1.4254047e-01
  4.7637758e-01
  3.3945858e-01
  9.2357293e-02
  6.5789506e-02
 -4.1313961e-01
 -6.1308330e-01
  3.1502017e-01
 -1.5045911e+00
 -5.6439525e-01
  4.3874031e-01
 -6.8635255e-02
 -1.1675519e+00
 -8.7035254e-02
  2.7953133e-01
  8.7007070e-01
  7.0612565e-02
  3.9140424e-01
 -1.9761105e-01
  1.5178457e-01
 -4.4968575e-01
  2.6602235e-01
 -6.3844877e-01
  9.2563264e-02
 -7.7835180e-02
 -6.1785191e-01
  3.5992891e-01
  1.0944899e-01
 -1.7001718e-01
  4.2006657e-01
  3.7921524e-01
 -1.2212744e+00
 -5.5451638e-01
  9.3529099e-01
 -4.9842235e-01
  1.6877283e+00
  6.7627782e-01
 -5.5917311e-03
 -8.5632515e-01
  5.8910388e-01
  1.9203696e-01
  2.0717993e+00
  7.0681870e-01
 -4.3606300e-02
 -1.3065226e+00
 -2.3092799e-01
  1.5841415e+00
  7.6445407e-01
 -6.9719428e-01
 -1.2422539e-01
  5.6059664e-01
  2.5433466e-01
  1.4733714e+00
 -6.1422181e-01
  1.8242790e+00
  1.5055321e+00
  1.2030234e+00
 -6.4700466e-01
 -2.6968700e-01
  3.1516736e+00
 -6.8970456e+00
  3.8948557e-01
 -2.2380953e-01
  1.2664951e+00
  7.7661407e-01
  8.4150714e-01
  8.4633696e-01
  4.3525764e-01
  1.1342623e+00
  5.1486778e+00
 -2.5742343e-01
 -9.8583037e-01
 -1.7381186e+00
 -1.2842954e+00
  2.0876422e+00
 -4.2351065e+00
  3.3150041e-01
 -8.9421755e-01
  5.8075457e+00
  1.1752644e+00
  1.1263714e+00
  4.7707346e-01
 -3.3488658e-01
  6.7696387e-01
  3.2980950e+00
 -2.8405344e-01
 -1.5091509e+00
  4.8351789e-01
  4.0500280e-01
  6.2441576e-01
 -5.0433356e-01
 -7.0115519e-01
 -1.0386323e+00
  3.3741770e+00
 -1.6963869e-01
  1.3865050e+00
 -1.3303506e-01
 -9.9670136e-01
 -4.3459067e-01
  1.8239449e+00
 -9.5161235e-01
  5.7112461e-01
 -8.1490433e-01
  6.9120777e-01
  7.3231466e-02
 -3.0634735e-02
 -1.4037245e-02
  1.7883372e-01
  1.4773765e-01
 -1.3261098e+00
  2.4800488e-01
  1.9410580e-01
  2.5939873e-01
  3.7717652e-01
 -1.6608426e-02
  7.4760413e-01
  7.2825246e-02
 -1.7581969e-02
 -6.4787582e-02
  3.3394623e-01
  1.4072172e-01
  7.9136539e-01
  9.0585887e-02
 -1.5734445e-02
  1.0183035e+00
  3.0615070e-01
 -7.1940772e-02
  6.4297885e-01
 -8.5683101e-01
 -6.0793936e-01
  2.4315339e-01
 -3.6347869e-01
  2.5406346e-01
  5.8791839e-02
 -9.1050491e-02
 -1.1040809e+00
 -3.9820400e-01
  1.6011083e+00
  1.0730160e-01
 -1.9345213e-01
 -7.1130401e-01
  4.7312584e-02
 -1.8008146e-01
 -2.9857540e-01
  6.2940574e-01
 -1.7335666e+00
  2.8484419e-01
  5.6450611e-01
  5.7914142e-02
 -1.4538758e-02
 -3.3597466e-01
 -6.6548906e-02
  2.4891073e-01
 -2.7137506e-01
  1.8490687e-01
 -2.5983522e-02
  5.0963331e-02
  4.1027644e-01
  2.4049214e-01
 -1.8830799e-01
 -6.0588354e-01
  2.2833913e-03
  5.5900013e-01
 -7.5358069e-01
 -3.7426546e-01
 -4.8336673e-01
  6.3016391e-01
  6.9757688e-01
 -5.9288543e-01
  7.9067981e-01
  2.0976889e-01
  6.3330404e-02
  4.2728681e-02
 -4.5576182e-01
 -6.5630735e-03
  2.0672943e-01
 -5.5557597e-01
  6.9143188e-01
 -7.6341587e-01
 -4.5514727e-01
  1.6493067e-02
 -1.1152433e+00
 -7.8121513e-02
 -1.2616825e-02
 -4.3611476e-01
 -6.2711066e-01
  1.1052018e+00
 -8.4795904e-01
 -8.2692486e-01
  5.5455887e-01
 -7.2189516e-01
  1.9800662e-01
  2.1457963e-01
 -2.5580418e-01
 -1.8803515e-03
 -1.4086044e+00
  3.8913506e-01
 -9.0379506e-01
  1.2674485e-01
 -2.4572777e-02
  1.1389183e-01
 -5.8470327e-01
  2.5738731e-01
  8.1521980e-02
 -3.4507033e-01
  8.7190263e-02
  1.1190621e+00
 -4.2527026e-01
 -2.5778019e-01
 -2.2135399e-02
 -2.6300645e-01
  2.1678413e-01
  2.0651841e-01
 -7.1985477e-01
 -1.2007208e+00
 -1.1651521e+00
 -6.8639509e-02
  2.5561732e-01
 -7.3010570e-01
 -6.5160406e-01
 -2.1546112e-02
  7.9740083e-01
  1.0389922e+00
 -8.9198613e-01
 -5.4778691e-02
 -1.2379112e+00
  6.2282532e-01
 -4.0448153e-01
  1.9923809e+00
  1.0946624e+00
  7.7704495e-01
 -5.2367598e-01
  1.4510822e+00
 -6.7083800e-01
  1.2068371e-01
 -5.0256699e-01
 -5.4042310e-01
  9.7231621e-01
 -1.2819818e-01
  9.7890958e-02
 -5.4797560e-01
 -1.5131493e+00
  9.4381440e-01
  2.5890577e-01
 -3.6239967e-01
  6.7056745e-01
 -1.4052519e+00
  2.4829643e+00
  4.3484843e-01
 -1.1200733e+00
  3.4008393e-01
 -5.2711463e-01
 -6.8586504e-01
 -4.8380885e-01
 -5.2052772e-01
 -3.1725201e-01
  6.8481457e-01
  6.1514366e-01
  1.3315593e-01
  4.8434857e-02
 -1.1185568e-01
  6.6732013e-01
  1.3342946e+00
 -9.6514261e-01
 -7.2299641e-01
  6.7929554e-01
 -4.6466643e-01
 -5.5576366e-01
 -1.4627074e-01
 -4.4108006e-01
  6.9276798e-01
  7.6541469e-02
  4.5857854e-02
  1.8892862e-01
 -2.1239835e-01
  4.6466023e-01
  8.0461520e-01
 -9.3986988e-02
  3.2539293e-01
  5.9736443e-01
 -1.3405818e-02
 -1.2268915e+00
 -2.5513741e-01
 -9.6111834e-01
 -6.9802278e-01
  6.0140878e-02
  1.3008883e-02
  1.0939423e-01
  5.6478864e-01
 -1.5099839e+00
 -9.6271887e-02
  9.1640604e-01
 -3.9089568e+00
  1.4467851e+00
 -2.3203510e-01
  1.5959905e+00
  9.0321667e-02
 -5.1244396e-01
 -4.0828168e-01
 -3.3226338e-01
 -7.4428266e-01
 -3.1244054e-02
  6.0849603e-02
 -1.6677880e-01
  1.3625596e-01
  1.2686318e+00
 -6.7373671e-02
 -1.8181599e+00
  8.9267068e-02
 -5.0001234e-02
  1.9859144e-01
 -7.7825293e-02
  4.3722841e-01
 -5.9358399e-02
  3.9454809e-01
  2.5957960e-01
  4.2735860e-03
 -1.6387135e-01
 -2.7039245e-01
  2.1967269e-01
  3.5913467e-01
 -5.3752762e-01
 -1.5995224e-01
  3.6957431e-01
 -1.3010241e-02
  2.2038464e-01
 -2.1751598e-02
  1.5148531e-01
 -7.5462294e-01
  5.9611611e-02
  4.1329521e-01
  5.2201474e-01
 -4.9628174e-01
  2.8159079e-01
 -2.6138639e-01
 -1.6805474e-01
  2.2368450e+00
 -1.8035380e-02
  2.8482851e-02
  3.4065580e-01
  2.4237491e-01
 -1.7390238e-02
  5.1148251e-02
 -4.2108018e-02
  1.2645012e-01
  5.5713427e-01
 -1.8041073e-01
 -5.3631490e-01
 -4.4388294e-01
  2.3194636e-01
 -8.6987726e-02
  2.5469980e-01
 -2.5375351e-01
 -3.2633847e-01
  9.8186141e-01
 -1.2650807e-01
  2.7186880e-01
 -1.3193090e-01
  6.4567767e-02
  2.4264462e-01
  9.7978997e-01
  1.3338546e-01
 -6.9981015e-01
 -1.0690198e-02
  8.8987148e-01
 -8.2798667e-02
  3.3064058e-01
  5.7964122e-01
 -1.5094926e+00
  1.1060437e+00
  9.6095309e-02
  1.2336288e-02
 -2.8153518e-02
  2.8964850e-01
  3.8534662e-01
  6.0158535e-03
  5.4950649e-01
  5.0890183e-01
  1.9080406e-01
  2.8124985e-01
  2.2992253e-02
 -2.0473315e-01
  9.2245120e-01
 -2.5558147e-01
 -3.0731705e-01
  2.8904095e-01
 -6.2750077e-01
 -5.0034598e-02
 -1.5801613e-01
 -1.4790148e-01
  3.2596797e-01
  3.8741127e-01
 -3.0471852e-01
  3.7818078e-02
  2.2432157e-01
  3.1024235e-01
 -2.3840444e-01
  1.0209286e-02
 -1.1835730e+00
  1.3462361e+00
  4.3526225e-02
 -3.7092787e-01
  4.1797596e-01
  5.9352505e-01
 -5.6326962e-01
  6.9086105e-01
  1.0858956e-01
 -1.7897152e+00
 -2.0222120e-01
  3.7043366e-01
 -1.8713663e+00
 -7.1289338e-02
  1.1172825e+00
  3.4183535e-01
 -5.7697171e-01
 -9.0596616e-01
 -2.6863816e+00
  1.1212279e+00
  1.1076971e+00
 -2.3909595e+00
 -1.2858914e+00
 -2.3892226e+00
  1.5545297e+00
  1.0489554e+00
 -6.2576747e-01
 -8.6730409e-01
  6.3467497e-01
  7.6093197e-01
  3.6260877e+00
 -1.0018890e+00
  9.3953848e-01
  2.2189398e-01
 -7.6897562e-01
  5.4718024e-01
  1.2074824e-01
 -5.3962100e-02
 -3.6075100e-01
 -1.2073443e+00
 -1.9757146e+00
  1.5454704e+00
  1.1423451e+00
 -1.2778031e+00
 -1.7636095e+00
  1.8534680e-01
  1.3572996e+00
  3.9259627e-01
  4.9609849e-03
 -1.1227900e-01
 -7.0645982e-01
  5.3799830e-02
  1.2609367e+00
 -1.8674411e+00
  1.1236989e+00
  3.1023839e-01
 -8.6511463e-02
 -7.7377635e-01
 -3.3396977e-01
 -1.2474666e+00
  2.5846207e+00
 -2.8739741e+00
  1.2002845e+00
 -3.5724464e-01
 -1.3914816e-01
  2.5878061e-02
  9.2056215e-02
  6.4196378e-02
  2.9212043e-01
 -1.5103383e-01
 -9.5104225e-02
 -1.5824124e-01
  6.1371129e-02
 -4.7229967e-01
 -1.6339679e-01
 -2.7284747e-01
 -3.6816365e-01
  2.8195065e-01
  1.7117438e-01
 -1.6109314e+00
  7.2673839e-01
  5.3894651e-01
  1.5200245e-01
 -3.8785502e-01
 -4.2644808e-01
  1.5370483e-02
  4.2577565e-01
  3.0263541e-02
 -7.7480990e-01
  5.8205539e-01
 -1.9344263e-03
 -4.5443109e-01
 -4.5327663e-01
  9.0667480e-01
  3.4634677e-01
 -2.2509913e-01
  4.2693657e-01
 -4.5329821e-01
  1.5909444e-01
  3.2486257e-01
  1.2843435e+00
 -1.2902386e-01
  6.2762302e-01
  1.4484011e-01
  3.3580655e-01
  5.1545954e-01
 -4.7620293e-01
  2.1103563e+00
  5.6403750e-01
 -4.5300034e-01
  7.0055485e-01
  5.8426702e-01
  4.7168264e-01
 -1.5112457e-01
 -3.3210811e-01
  9.2177856e-01
  1.4146626e+00
 -5.0362504e-01
 -6.3819122e-01
  3.1606810e+00
 -8.5588026e-01
  1.4299078e+00
 -3.6707744e-02
  3.1277724e-04
 -2.1860827e-02
  5.1502913e-02
 -2.6706469e-01
 -1.0277472e-02
 -2.7245334e-01
  4.0556172e-01
  1.7210679e-01
 -3.4317201e-01
 -6.7290664e-01
 -6.2475008e-01
 -3.2830530e-01
 -4.9018785e-02
  2.6099551e-01
  5.9308518e-02
  2.6025683e-01
 -1.0610501e+00
  1.0121862e-01
  5.8041346e-01
 -6.6812091e-02
 -1.0298014e+00
 -4.4927102e-01
  4.4181639e-01
  1.0059329e+00
  3.0547127e-01
  6.7121339e-01
  1.2397573e-01
 -1.0588560e-02
  2.2397975e-02
  7.8533053e-01
  1.1098540e+00
  3.4497306e-01
 -1.3417374e-01
 -6.3915408e-01
  2.7645859e-01
 -2.1325967e+00
  2.9279532e+00
  5.3716040e-01
 -2.9984109e+00
 -2.1378934e-02
 -3.8400486e-01
  9.5159584e-01
 -9.5289612e-01
  1.2695352e+00
  6.1604518e-02
  6.8232143e-01
 -9.4185984e-01
  4.0820852e-02
  4.5072117e-01
  2.7418813e-01
  1.2114078e-01
  1.2122631e-01
  2.8941311e-02
 -4.9148259e-01
  2.8406155e-01
  3.1802990e+00
 -1.5096385e+00
 -9.1149044e-01
 -6.2396210e-01
  3.2752243e-01
 -5.4962909e-01
  4.4094548e-01
  1.4784633e-01
  4.1293389e-01
  1.5144428e+00
 -1.1718440e+00
  5.2104179e-02
  5.2711725e-01
  7.1524538e-02
 -1.4525995e-02
  3.8780838e-01
  6.7319237e-02
 -1.2113675e-01
 -6.7498928e-01
 -3.0320246e-02
 -2.7539414e-01
 -5.5633956e-01
  2.2273923e-01
 -1.0773695e+00
 -2.5068444e-01
 -2.6969272e-01
  1.2740692e-01
  8.9897716e-01
  1.1622497e-01
 -4.6142146e-02
  1.0619563e+00
 -8.5174013e-03
  2.1185465e-01
 -2.1488540e-01
 -1.9910911e+00
 -3.1589359e-01
 -1.3003904e+00
 -5.6092805e-01
  2.5950193e-01
 -1.0169075e+00
 -3.1718615e-01
 -1.5492344e-01
  5.9090382e-03
  4.3728068e-02
 -3.3944629e-02
  1.2472108e-01
  3.1295496e-01
 -1.0669190e-01
  8.2827252e-01
 -1.2398412e+00
  2.4364272e-01
  4.9716927e-02
 -3.8101608e-01
 -5.9979279e-03
  1.5587258e-01
  5.2383029e-01
 -1.3729711e-01
 -4.6583599e-01
 -9.5270503e-01
  4.5179334e-02
 -1.7573111e-01
 -3.8735282e-01
 -6.3891761e-02
 -5.3870738e-01
 -3.8104805e-01
  4.5424980e-01
  4.9406767e-01
 -8.5552698e-01
 -8.4433740e-01
 -1.3667634e-01
 -8.3556789e-01
  1.0085244e+00
 -6.2514043e-01
 -1.3655961e+00
  5.7761723e-01
  5.6125838e-01
  4.0358397e-01
 -3.8634557e-02
 -6.8083040e-02
  1.7567174e+00
  1.2859344e+00
 -3.5902712e-01
  1.1179305e-01
 -1.0429193e-01
  6.1543085e-02
  2.5165761e-01
  6.3284320e-01
  1.2270752e-02
  1.1950352e+00
 -1.1155217e+00
 -1.8839695e+00
 -1.0643156e-01
  7.8588551e-01
  6.7057484e-01
  1.7455061e-01
  8.4556729e-02
  4.0248585e-01
 -3.2348210e-01
 -6.9251549e-01
  3.3924465e+00
 -7.0598382e-01
 -1.5880125e+00
  8.7534738e-01
 -2.1788247e+00
  3.2173991e-01
 -1.1024158e-01
  3.6325851e-01
 -1.0867704e+00
  1.1668978e+00
 -7.4464250e-01
  1.4473246e-01
 -2.5953660e-02
  1.9606723e+00
 -1.1254849e+00
 -5.7147938e-01
 -3.2406643e-01
 -1.3533394e-01
 -2.7136382e-01
  5.4765630e-01
 -1.2939849e+00
  4.6206075e-01
 -1.6884787e-01
  1.7801355e-01
  1.6297882e+00
  7.2915131e-01
 -4.4998023e-01
 -7.0023715e-02
  2.5462385e-02
 -9.0914828e-01
 -5.3410786e-01
  1.6946533e-01
 -1.6329123e-01
 -3.1467420e-01
 -2.0665008e-01
 -3.1159160e-01
  1.7601359e-01
  2.4332747e-01
 -7.0478761e-01
  2.0219623e-01
 -1.0920560e-01
  7.1216697e-01
 -4.1619036e-01
  4.6696383e-01
  3.6303163e-01
  1.0375174e+00
 -4.6178368e-01
 -2.7853799e-01
 -1.7240560e-01
 -4.9095252e-01
  7.7789563e-01
  2.5613248e-01
 -4.6667820e-01
  2.9369593e-01
  7.2542220e-01
  9.8642290e-01
  5.0899220e-01
  5.6083214e-01
 -7.4270576e-01
 -1.6687821e-01
 -1.4801170e-01
  2.7499965e-01
 -1.8801200e-01
  9.5177925e-01
 -2.7457708e-01
  8.3875543e-01
 -2.2636019e-01
  4.7287133e-01
  5.0913548e-01
 -2.0296989e-01
  1.0493366e-01
  8.9313850e-02
  1.6565697e-01
  1.6058383e+00
 -1.2009449e+00
  1.2930749e-01
 -8.0220453e-02
 -5.1542920e-01
 -6.7384857e-01
 -8.5686660e-01
 -2.6993528e-01
  1.0532320e+00
 -4.0095520e-01
 -1.2252203e-01
 -2.5096273e-01
  2.8480050e-01
 -1.5772563e-01
 -1.7231939e+00
 -7.2063947e-01
  8.6682476e-02
 -8.4477717e-01
  6.6783255e-01
 -3.0161250e+00
  3.1521063e+00
 -1.4230068e+00
  5.2793616e-01
  2.9014808e-01
 -2.4805295e-01
  8.1065245e-02
  8.1731939e-01
 -7.7134877e-01
 -1.5392471e-03
 -2.5752866e-01
 -4.8520544e-01
  1.6854388e-01
 -1.7141484e-01
 -8.7586209e-02
 -8.9702621e-02
  7.4571097e-01
  1.3388737e+00
 -9.7840643e-01
  2.8183358e-02
 -1.5686515e-01
  2.7522537e-01
 -8.8487104e-02
 -5.5655408e-01
  4.9671876e-01
 -9.5120752e-01
 -1.0147864e+00
 -1.4577442e+00
 -4.5049205e-01
  3.2894301e-01
 -1.9629268e-01
 -5.8081347e-02
  3.2989550e-02
  1.4034055e-02
 -7.7236265e-02
  3.5538995e-01
 -2.1662872e-01
 -1.3873740e-01
  9.6067017e-01
 -3.1512362e-01
  4.4796031e-02
 -7.5218976e-01
  2.4663901e-01
  9.8623522e-02
 -5.1758415e-01
  5.2948129e-01
  5.1649928e-01
 -1.1311661e-01
 -7.8075044e-03
  7.4294508e-01
  3.8744822e-02
  1.6893302e-01
  2.2231115e-02
  1.9476768e-01
  2.7579317e+00
  1.4817269e-01
  3.4082428e-01
  2.4747841e-01
 -3.2365146e-01
 -4.4751182e-01
 -5.7887328e-01
  5.7600242e-01
 -6.8858105e-01
 -1.0821851e+00
  3.2403630e-01
  2.6425770e-01
 -1.9298764e-01
 -8.6350590e-02
 -2.5540844e-01
 -2.0778764e-02
  2.0657319e-01
 -6.3134980e-01
  8.3133405e-01
 -3.1417874e-01
 -2.8250706e-01
  7.1297795e-01
  1.1643634e+00
 -1.4515240e-01
 -6.3678598e-01
  2.9439947e-01
 -5.8421701e-01
  8.3245260e-01
 -3.9230150e-01
 -4.2639762e-01
  2.4731584e-01
 -1.1820533e-01
 -2.0452894e-01
 -1.5924422e+00
 -2.5830030e+00
  3.4474361e-01
 -3.0061386e+00
 -4.6195793e+00
  5.9935675e+00
  7.2440076e-01
  2.3673630e-01
 -5.8835417e-01
  1.7424908e-01
  3.4278610e+00
  1.1188143e+00
 -3.2001552e-01
 -9.6532598e-02
 -4.3105814e-01
  3.7881973e-01
  2.1199068e-01
  5.2696191e-02
 -1.0444059e+00
 -2.4088484e-01
  9.3805325e-01
  1.6794947e+00
  1.7758450e-01
 -8.2746625e-01
  5.7479586e-02
  4.5655072e-01
 -8.0377287e-01
 -2.2374907e-01
 -1.2150892e+00
 -2.9438880e-01
 -1.9505203e-01
  8.1190568e-01
 -1.1069887e+00
 -3.3301562e-01
  8.9689398e-01
 -7.5537175e-01
 -1.0833953e-01
 -6.6195929e-01
  2.4020897e-01
  5.1655227e-01
 -3.9652696e-01
 -1.1352231e-01
  1.2342712e+00
 -7.1291201e-02
  3.6365533e-01
  2.0195952e-01
 -1.6168556e-01
  4.6847609e-01
 -2.8816438e-01
 -4.9105424e-01
  8.6625642e-01
  5.8383727e-01
  1.2282434e-01
 -7.6669991e-02
 -1.2695757e+00
 -5.2033705e-01
 -1.1307841e-02
 -8.8167673e-01
  8.1394446e-01
 -8.3316350e-01
 -5.6737855e-02
 -9.5908508e-02
  4.6827868e-01
 -1.9230671e+00
  5.4462242e-01
  5.1387364e-01
  3.0840725e-01
  7.0600486e-01
  2.7926508e-01
  3.5430604e-01
 -1.5616719e-01
  1.4294369e+00
 -5.9061870e-02
 -8.1289214e-01
  4.8420277e-01
  4.3292932e-02
  1.1191788e+00
  4.8672968e-01
  1.2408023e+00
  2.6903108e-01
  6.8373430e-01
  1.0530136e+00
 -1.8195620e+00
  1.1527532e+00
  1.7420392e+00
 -1.7079326e+00
 -2.6843044e-01
  4.5146030e-01
 -1.1536229e+00
  3.6827204e-01
 -8.3062738e-01
  3.7863570e-01
 -1.6377096e-01
 -1.2305671e+00
  1.5005553e-01
  6.6987652e-01
 -2.5638342e-01
  1.7548594e-01
  2.0589706e-01
 -4.7177935e-01
  2.7109554e-01
 -2.0006806e-01
  1.8327352e-01
  1.3676782e+00
 -6.7138277e-02
 -1.2343324e-01
 -6.3514376e-01
  9.0245897e-01
  3.4179741e-01
  6.2703854e-01
 -1.0213774e+00
 -1.6118627e+00
 -4.9846542e-01
 -1.8256851e-01
 -2.6084322e-01
  5.4758394e-01
  9.5976979e-02
  1.0470856e+00
 -2.6583660e-01
 -6.7930949e-01
  6.3011217e-01
  3.4542903e-01
 -2.6100916e-01
 -5.0272220e-01
 -4.7457851e-02
 -1.7657842e-01
 -7.9283679e-01
 -2.9335347e-01
 -8.9810979e-01
 -3.5645479e-01
 -1.8832895e+00
 -5.3137690e-01
 -6.4261425e-03
 -6.7277417e-02
  1.3133530e-01
 -3.5656816e-01
 -1.0356688e+00
 -4.9850562e-01
 -1.0441635e+00
 -7.6630932e-01
 -8.6839473e-01
  1.6886175e+00
 -2.1224397e-01
 -5.9261405e-01
  5.0142390e-01
  2.3512596e-01
 -1.1048573e-01
 -2.1368828e-01
  3.3778226e-01
 -9.6381143e-02
 -1.1222174e-01
 -4.6220380e-01
 -9.2089988e-02
 -7.6764089e-01
 -1.0155849e-01
  3.5518500e-01
  5.3453588e-01
 -7.7848263e-02
 -2.0954652e+00
  9.5274138e-01
 -7.2021127e-02
  2.0488228e-01
 -1.0501438e-01
 -4.0947324e-01
 -8.4458753e-02
 -4.1073531e-01
  1.3026962e-01
 -4.5484647e-01
  5.2104998e-01
 -5.4459655e-01
  9.2100924e-01
 -1.4816660e+00
 -1.5707662e+00
  2.6991367e-01
 -1.2458509e+00
  4.7295219e-01
 -1.0571483e+00
 -8.3681345e-01
  5.1605171e-01
  8.4950067e-02
  8.4355074e-01
  7.9282594e-01
 -3.5609791e-01
 -3.0331588e-01
 -1.8239700e+00
  1.2116189e-01
  1.7797193e-01
 -5.3432852e-01
  3.3274308e-02
 -3.9168248e-01
 -8.9939006e-02
 -6.2056467e-02
 -3.0588973e-01
  1.3520615e+00
 -3.8220468e-01
 -9.9585205e-02
  5.3377616e-01
 -1.0171360e-02
 -3.9069510e-01
 -1.1361686e+00
 -5.6284606e-01
 -7.6830751e-01
  6.5281546e-01
 -4.5778438e-01
 -1.3884058e+00
 -1.0460393e+00
 -1.1937507e+00
 -2.4985860e-01
  3.4374908e-01
  4.5132369e-02
  1.3653311e+00
 -4.2649269e-01
  4.0416408e-01
  8.0906898e-01
  4.2571500e-01
 -6.4993948e-01
 -4.3776122e-01
  5.4694313e-01
  7.1635902e-02
  2.5272039e-01
 -1.1144201e-01
  7.8197308e-02
  8.7229019e-01
 -5.6156479e-02
 -2.3774533e-01
 -6.2622374e-01
 -2.2871631e-01
 -3.0895546e-01
 -7.8587693e-01
 -9.8523480e-01
  8.9208609e-01
 -1.1778941e-01
 -3.9897591e-01
  3.3672899e-01
 -9.1475976e-01
 -5.8532381e-01
 -1.3264962e-01
 -3.9924818e-01
  6.7313683e-01
 -1.8242125e-01
  5.5586048e-03
  9.1407269e-01
 -1.1059494e+00
 -3.9336909e-02
 -7.5962561e-01
 -8.9620113e-02
  2.6838028e-01
 -1.5508501e-01
  1.0088111e+00
 -5.1004553e-01
 -1.7214653e-01
 -5.1000435e-02
  7.3568499e-01
 -7.4333251e-01
 -1.0024948e+00
 -5.0088072e-01
 -8.8779323e-02
 -4.3158400e-01
 -1.8242443e+00
 -1.9321340e-01
 -3.0005604e-01
 -7.9248965e-01
 -9.1889662e-01
 -3.9915264e-02
 -7.3391485e-01
 -1.4590882e+00
  8.2915270e-01
 -3.0151242e-01
 -2.2120287e-01
  6.7960125e-01
  1.7191136e-01
  9.8307085e-01
 -6.2884593e-01
 -2.3322231e-01
 -8.1352872e-01
 -2.0928855e+00
 -1.2568887e-02
 -4.1112278e-02
 -3.6503044e-01
 -6.0755116e-01
  7.7398807e-02
  3.9668536e-01
 -5.0141579e-01
  5.0728309e-01
 -1.4997990e-01
  3.8535643e-02
  3.1252691e-01
 -1.1534370e-01
 -1.0480808e-02
  7.0370322e-01
  6.9353610e-02
 -1.4865873e+00
 -3.1451547e-01
 -8.6891484e-01
  1.4356160e+00
 -1.1112653e-01
 -2.5316948e-01
  7.4531674e-01
  5.7985860e-01
  3.6211309e-01
 -1.5382114e-02
  5.3652525e-01
 -1.1685607e-01
  4.6682236e-01
  5.7808441e-01
 -2.2624996e-02
  1.4186457e-01
 -3.7549135e-01
  3.9819968e-01
 -2.2122607e-02
  2.6755667e-01
  6.4297561e-03
 -3.9613608e-01
  6.2608397e-01
  6.6831726e-01
 -1.6929050e-01
 -3.4969535e-01
  5.0765246e-01
  3.3628908e-01
 -4.3548408e-01
  3.7128261e-01
 -1.3216437e-01
  2.0497951e-01
 -4.6299687e-01
  3.6090386e-01
  3.5150290e-02
  9.7613919e-01
 -1.0382080e-01
  3.7020338e-03
 -2.3779519e-01
  4.9464229e-01
  1.3830941e+00
 -4.3958402e-01
 -6.1526638e-01
  2.0863755e+00
 -4.5298478e-01
 -2.3673451e-01
  2.1929905e-01
 -5.1987863e-01
  1.9958705e-01
 -5.4974794e-01
  1.0733958e-05
  8.2814135e-02
 -4.1568908e-01
 -5.0686038e-01
  2.3742867e-01
  3.2781881e-01
  3.9470369e-01
  5.4793626e-01
  6.7944390e-01
 -5.6720633e-02
  8.5474662e-03
  8.0970883e-01
  7.4373372e-02
 -3.9507589e-01
  9.4587363e-02
  6.8244129e-01
 -3.3363047e-01
 -1.8246011e+00
  4.7878027e-02
 -2.4360530e-01
  4.4738257e-01
 -2.3217010e+00
  7.5608861e-01
  1.3128598e-01
 -1.7196740e+00
  7.9617935e-01
  3.1606686e-01
  1.4334819e-01
  2.8848225e-01
 -1.0671569e+00
  1.1347398e+00
  1.0424987e+00
  8.2513845e-01
 -7.5489417e-02
  3.4598768e-01
 -4.3542567e-01
 -4.5994970e-01
 -5.8988929e-01
 -1.3518116e-02
  2.4133471e-01
 -2.3450917e-01
 -1.0232093e-01
 -3.4248111e-01
  8.8079035e-01
 -4.9018207e-01
 -1.0736349e-01
 -6.4225003e-02
 -9.8606646e-02
  7.6538962e-01
  5.3251988e-01
  1.1992671e-01
 -4.3133852e-01
 -5.0700021e-01
 -3.6646709e-02
 -4.3251181e-01
  2.9738513e-01
  3.4331471e-01
 -1.2487645e+00
  1.1101590e+00
 -1.3138349e+00
 -1.3521534e+00
 -2.8451121e-01
 -6.0700303e-01
 -5.5108625e-01
 -8.9148355e-01
 -1.1384688e-01
 -3.0464688e-01
 -5.3458098e-02
 -4.3113482e-01
 -3.0355141e-01
  1.8077874e-01
  4.4444767e-01
  1.2041687e+00
 -1.3855067e-01
 -3.3354771e-01
  2.0318681e-01
  1.0361893e-01
 -4.1282028e-01
  1.7443496e-01
  4.4884714e-01
  1.3183469e+00
 -9.7502035e-01
  7.9097629e-01
 -5.9817338e-01
 -1.1122363e+00
  1.0200937e+00
  7.1814799e-01
  7.1785069e-01
 -4.1913140e-01
 -1.0682133e+00
  3.1891203e-01
  3.6651272e-01
  1.7790520e+00
  8.9206077e-02
 -1.3307523e+00
  1.0264326e+00
  2.9770902e-01
 -4.1562808e-01
  3.6267242e-01
  2.3811183e+00
  1.1811741e-03
  7.9216659e-01
 -2.8740559e+00
  1.0336515e+00
  3.0013158e+00
 -7.1107066e-01
  5.9393281e-01
 -6.3499570e-02
 -2.5046298e-01
 -8.5884050e-02
 -6.8980294e-01
 -1.2030427e-01
  1.9491498e+00
  1.0679771e+00
 -8.2008862e-01
 -1.0322507e-01
  1.3683583e+00
 -8.5273683e-01
 -7.3703009e-01
  1.7331173e+00
  3.7037021e-01
 -2.3283824e-01
  3.7430680e-01
  1.3580445e+00
  2.4158630e-01
  1.2710490e+00
  8.1717360e-01
  5.7598954e-01
 -1.0643460e+00
  1.7726698e+00
  1.1431969e+00
 -9.2193961e-01
  6.6052146e+00
 -3.2182467e+00
  8.1096911e-01
  9.8420328e-01
  3.3314753e-01
  3.5810801e-01
 -3.8704088e-01
  9.3701625e-01
  1.0255291e+00
 -2.0874760e-01
 -1.0803939e+00
  8.5953295e-01
 -8.5413700e-01
 -1.3427547e-01
 -2.8153157e-01
  1.5910546e+00
 -2.5705442e-01
  8.9508337e-01
  1.5083836e+00
 -3.8247326e-01
  6.6696036e-01
  1.2590525e-01
 -4.0849781e-01
  3.3795366e-01
  8.4512576e-02
 -4.8642114e-01
 -1.3728133e+00
  1.2055843e+00
  6.8889937e+00
 -1.6138443e+00
 -4.0148908e-01
 -9.7875494e-01
  1.1735082e-02
 -8.8856143e-01
 -1.0363620e-01
 -1.0132910e+00
 -1.6273971e-01
 -4.2728752e-01
  2.2868450e+00
 -1.7308459e-01
 -1.6843555e+00
 -9.4963141e-02
 -4.5826584e-01
  1.4397373e+00
 -4.9792743e-01
  1.0989553e+00
  3.3278295e-01
  2.5689837e-01
  1.8894339e-01
 -9.1551876e-01
  8.1780121e-02
 -3.9109635e-01
  2.9634970e-01
 -3.7902251e-01
 -6.1328691e-01
 -3.0080330e-01
 -1.0314530e-01
 -2.6135486e-01
 -1.1797637e+00
  3.9532557e-02
  6.9660835e-02
  2.1674964e-01
  1.5119672e-01
 -1.3780056e-01
  2.5590709e-01
 -1.2802023e-01
 -1.2221693e-01
  4.0159759e-01
  9.7771898e-02
  5.9064215e-01
 -3.5698837e-01
 -1.1708690e+00
  1.4056033e-01
 -1.2576430e+00
 -1.9767989e-01
 -2.0660418e-01
 -2.6180011e-01
  4.5059037e-01
  1.7603685e-01
 -6.6698229e-01
 -5.5836129e-01
 -7.1149802e-01
 -2.7980858e-01
 -5.9847790e-01
  4.9808773e-01
 -2.0037623e-01
  8.1700973e-02
  3.4756940e-02
 -5.9400119e-02
  3.7040752e-01
  1.8136519e-01
  2.4327861e-02
 -6.6201597e-02
 -2.6955706e-01
  9.4383635e-02
  7.1590416e-02
 -4.2926234e-01
 -6.6926450e-01
  1.2751724e+00
  1.0086706e-01
  1.4978357e-01
  8.4910738e-01
  9.7223556e-01
 -3.1054345e-01
 -3.3661503e-01
 -4.6690303e-01
 -5.2156347e-01
  2.0758145e-01
 -2.1062863e-01
  1.8398802e-01
  2.1259001e-01
 -2.1751864e+00
 -2.8363001e-01
 -7.0990570e-02
  5.4838777e-01
 -9.0528965e-01
 -8.9682333e-02
  1.8146981e-01
  2.9518929e-01
 -5.8612680e-01
  8.7188488e-01
 -2.7643359e-01
 -1.9440383e-01
 -2.1953496e-01
 -6.3479233e-01
 -1.9289741e-01
 -2.1210396e-01
  8.3918951e-02
  7.5806642e-01
  4.0099373e-01
 -6.5972537e-02
  4.2765987e-01
 -4.7101781e-01
 -8.4575647e-01
  6.5330297e-01
  1.5792824e-01
 -8.4369540e-01
 -2.1134610e+00
  1.0228436e+00
 -1.5696235e-01
 -6.3431543e-01
 -7.1682960e-02
 -1.6952771e+00
  1.4615823e-02
 -4.2741230e-01
 -1.3831481e-01
 -3.6919969e-01
 -1.6748956e+00
 -7.2837228e-01
 -8.8118613e-01
  2.9167446e-01
 -1.2095429e+00
 -2.9929790e-01
  9.7433202e-02
  1.2805602e-01
 -4.7468223e-02
 -1.2375787e+00
  6.0346317e-01
  6.5527564e-01
 -1.6977642e-01
 -2.6398659e-01
 -8.0566153e-02
 -5.0879675e-01
  4.3455556e-02
 -2.7746755e-01
  3.4361297e-01
 -7.0421493e-01
  4.0184125e-01
  2.3876309e+00
 -6.7406416e-01
  1.4863259e-01
 -9.9491554e-01
  4.6123740e-01
 -1.2039534e-01
  5.7149634e-02
  7.4953699e-01
  1.5472271e+00
 -1.2836663e+00
  3.8607713e-02
 -1.2118347e+00
 -3.3497382e-02
 -2.9103121e-01
 -1.0263453e+00
 -1.4835362e+00
 -6.3202918e-01
 -2.6667601e-01
 -4.4270059e-01
  7.8321135e-01
  2.3535118e+00
 -5.6262821e-01
 -9.8558950e-01
 -5.1053494e-02
 -1.3758690e+00
 -1.6040474e-01
  1.0370220e+00
 -1.1295300e+00
  3.5818043e-01
  5.3003722e-01
  2.0849185e+00
 -9.9219516e-02
  4.5428967e-01
 -4.8679101e-01
  5.3380191e-01
  1.2085390e-01
  1.6736652e-01
  1.1453435e+00
  3.7510523e-01
 -3.9504117e-01
 -2.9571664e-01
 -2.1814451e+00
  5.8371300e-01
  1.5486595e-01
  9.7590935e-01
  2.6228866e-01
  6.0740328e-01
 -2.3750274e-01
 -8.2034892e-01
  8.9812003e-02
 -3.3135200e-01
  1.1610653e-01
  6.1249558e-02
 -5.3446007e-01
 -1.9986906e+00
  4.1058406e-01
 -2.8106883e-01
 -5.6484741e-01
  3.8447097e-01
  3.4837294e-01
  3.8977161e-02
  5.7345849e-01
 -3.9986808e-02
 -2.2168143e-01
 -4.3548474e-01
  7.0948321e-01
  1.9212598e-01
 -1.5725428e-01
 -3.2826370e-01
  7.1429566e-02
  8.0860400e-01
 -1.2616643e-01
 -2.6620394e-01
 -1.5743443e-01
 -1.2459795e-01
  8.0996811e-01
 -1.2097367e-01
  1.1677792e+00
  8.0846411e-01
  3.1702510e-01
 -3.7687078e-01
  5.9271193e-01
  1.1585653e+00
 -9.9334890e-01
  6.2161034e-01
  7.2358209e-01
  1.1700202e+00
 -1.1315722e+00
  5.4990351e-01
  5.0678223e-01
  6.6161454e-01
  8.6217058e-01
 -1.3425541e+00
  1.7539070e+00
 -4.1596648e-01
 -1.2392576e+00
  2.2802161e-01
 -5.9538044e-02
  1.5270284e+00
  6.6331044e-02
  8.8971210e-01
  1.9289143e+00
  3.5232892e+00
  1.4127982e+00
 -6.1064100e-01
  4.0312105e-01
 -2.0308082e-01
 -9.0013075e-01
 -2.6881617e-01
 -3.6280149e-01
 -3.4961653e-01
  1.9523618e-01
 -1.3969371e-01
 -3.0346510e-01
  2.0714598e+00
 -3.7613946e-01
 -2.7748103e+00
 -3.9674407e-01
  3.1155181e-01
 -2.4685273e-02
  8.3076477e-01
 -4.5124811e-01
 -1.8654768e+00
  9.8245853e-01
 -4.2878786e-01
 -5.0797520e+00
  7.6177821e+00
 -7.9599403e-02
 -2.9485075e+00
 -2.9051965e-01
  1.2300231e-01
  3.3374047e-01
 -3.9238837e+00
  1.1357152e-01
  7.6411122e-01
  6.3453979e+00
  1.2810932e+00
  2.7875643e+00
  1.8676646e-01
  1.9807469e+00
  2.5382608e-01
 -5.1551825e-01
  1.4295725e+00
 -6.2869990e-01
  4.5700774e-01
 -1.2905639e-01
 -3.9971453e-01
  5.8837079e-02
 -2.0613776e-01
 -2.3291492e+00
 -1.1776263e+00
  1.5155237e-02
 -2.3821853e-02
 -7.7801771e-03
 -1.6315226e-01
 -5.9759867e-01
 -4.0115621e-02
  2.0678189e-01
 -3.0439216e-01
  2.0358381e+00
 -8.6226219e-01
 -1.6520761e+00
  1.6313339e+00
 -5.9695935e+00
 -1.1693170e+00
 -3.8120335e-01
  4.4770148e-01
  1.0910411e+00
  1.5816014e+00
 -1.1330820e-01
 -5.2635539e-01
 -1.2357068e+00
  3.8235703e+00
  8.0282432e-01
 -8.8804120e-01
  1.3261244e+00
 -3.7412136e+00
 -2.2806382e+00
 -2.1341350e+00
 -2.3321910e+00
 -2.6461303e+00
 -2.2107296e-01
 -1.1065958e-01
 -1.5432160e+00
  5.1692516e-01
  1.8073691e-01
  3.3481729e-01
  9.6655047e-01
  3.6839607e+00
  1.0059977e+00
 -1.9598405e+00
 -6.4100283e-01
 -2.9400256e+00
 -2.7345940e-01
 -8.4166676e-02
 -1.0470245e-02
  1.3449453e+00
 -2.8338408e+00
 -8.7434697e-01
 -1.6739292e+00
  4.8752514e-01
 -3.6775377e-01
  7.2766218e+00
 -1.8244556e+00
  5.0812364e+00
 -3.1373087e-01
 -5.9211481e-01
  4.5923850e-01
 -1.5765555e+00
  5.8524913e-01
  1.0578525e-01
  2.3469652e-01
  1.0774729e+00
 -6.6302335e-01
 -1.0709569e+00
 -8.7302998e-02
  9.5603013e-01
  9.7049698e-02
 -4.1047689e-01
  4.1084406e-01
 -4.0618414e-03
  3.0266276e-01
 -4.5520425e-01
 -1.3170164e+00
  6.4453095e-01
 -3.6676291e-01
 -3.1856304e-01
  3.2788473e-01
  1.5105703e+00
  6.8899877e-03
 -7.3319447e-01
 -1.9970462e-02
  4.9499441e-02
  2.7180594e-01
 -1.2358247e+00
 -2.6394013e-01
  7.4245322e-01
 -6.1988521e-01
 -5.9974037e-02
  1.4756198e-02
  1.8038550e-01
  8.3889139e-01
 -5.4671806e-01
 -1.1435526e-01
 -3.9951780e-01
 -3.7996250e-01
 -1.2542267e-01
 -6.9817394e-01
  1.2950419e-02
  8.1158614e-01
  1.4862846e+00
  6.3742287e-02
  2.9388234e-01
 -1.4260092e+00
  2.0179603e-01
 -1.0584428e+00
 -1.5474802e-01
  2.7732584e-01
  4.2810112e-02
 -9.9664295e-01
 -1.5563469e+00
 -3.0468059e-01
  3.8402277e-01
 -7.2142822e-01
 -5.2469188e-01
 -1.6723557e-01
 -4.4685492e-01
  7.2503321e-02
  3.3544213e-01
 -1.7012620e-01
  4.6506751e-01
 -6.3805944e-01
 -7.9994541e-01
 -3.0473638e-01
 -5.3136820e-01
  4.5664322e-02
 -2.8051135e-01
  1.2237853e-01
  3.8926464e-01
 -3.2383817e-01
  1.1915932e+00
  2.6102239e-01
 -3.5854149e-01
  2.4127577e-01
 -1.4327738e-02
  3.8470778e-01
  2.2794829e-01
  7.0445098e-02
 -1.2181539e-01
  9.0085298e-02
  5.3957015e-01
  5.9367275e-01
  9.7280198e-01
  3.6707348e-01
 -1.1011993e-01
 -1.1062509e+00
  3.8813371e-02
 -2.6173913e-01
  7.0401806e-01
 -2.2699147e-01
 -8.3832896e-01
  3.2504949e-01
 -2.2386257e-01
  8.8253939e-01
 -6.5790296e-01
  4.3165859e-02
 -3.9897445e-01
  1.3625866e-01
  6.9891280e-01
 -7.6819879e-01
 -2.4807000e-01
 -3.1832698e-01
 -4.5011345e-02
 -4.0727168e-01
  2.8217450e-01
  4.6483716e-01
 -1.2483034e+00
  1.6872544e-04
  2.2345220e-01
  2.1676531e-01
  1.0903130e-01
  5.6939002e-02
  4.2959610e-01
  2.1795674e-01
  2.9030085e-01
  1.3770384e-01
 -2.3591451e-01
  1.6658349e+00
 -4.3335188e-02
 -5.7784390e-01
  9.2127569e-02
 -1.5492390e-01
 -1.9329388e-01
  8.8047735e-02
 -3.6670935e-01
  6.9362260e-02
  6.7730166e-02
  6.6765797e-01
  1.0406053e-01
 -4.2647386e-01
 -3.1612518e-01
 -1.1528751e-01
 -1.5516981e-01
 -2.5160065e-02
  1.5787402e-01
  8.1587023e-01
 -3.2287877e-02
 -8.9191310e-02
 -6.0666621e-02
 -6.2144417e-01
  1.2054931e+00
  9.7945219e-01
 -1.7874331e+00
 -8.3588563e-02
  1.0077516e+00
  3.8041059e-02
  3.6095840e-01
 -3.9054728e-01
 -1.7176965e-01
 -1.0156094e-01
 -7.4736845e-01
  6.4910650e-01
 -5.6467217e-01
  8.9685805e-02
  7.2588366e-01
 -2.0108089e-01
  5.6848043e-01
  1.9402561e-01
 -3.6598563e-02
  6.8281943e-01
 -1.2646527e+00
 -1.4053848e-01
  2.1443777e-01
  2.3306639e-01
 -9.4029707e-01
 -3.2951131e-01
 -1.7962229e-01
  2.5637206e-01
 -5.8187507e-02
 -8.1102884e-01
  2.6294640e-01
  6.6693798e-02
 -9.5494324e-01
 -3.6208311e-01
 -3.0518967e-01
  5.9465462e-01
  4.1233155e-01
  1.3080689e-01
 -4.3685117e-01
 -3.7155104e-01
  7.0992723e-02
 -2.2011337e-01
 -6.2924469e-01
 -3.3491156e-01
  2.6526988e-01
  9.7804189e-02
  1.1385605e-01
 -2.6665720e-01
 -6.6175245e-02
  2.8784385e-01
  3.4812236e-01
 -1.3242544e-01
  6.8808883e-01
 -1.8583746e-01
 -3.2806590e-01
  1.1007535e-01
  4.0556273e-01
 -3.4034109e-01
  1.2146108e-01
  7.3425508e-01
 -5.8564834e-02
 -5.4809146e-02
  6.3061732e-01
 -1.3606194e-01
 -4.6644568e-01
  7.1845865e-01
 -1.5322235e-01
  1.0843756e-01
  8.9786536e-01
  7.3637885e-01
  6.3859928e-01
  2.5020489e-01
  1.4272900e+00
  1.0302509e-01
 -3.4144312e-01
  1.4354554e-01
 -3.7273115e-01
  3.1184945e-03
  5.3018159e-01
 -5.9869057e-01
 -1.8830862e-02
  1.0210367e-01
 -4.2801085e-01
  3.1361517e-01
 -9.8777689e-02
 -1.0962716e-01
  7.8904852e-02
  1.2108998e-01
 -4.2345926e-01
 -2.4362159e-01
  5.3068105e-02
 -4.7618777e-01
 -1.1168171e-01
  6.7854762e-01
  7.4129164e-01
 -3.3902058e-01
 -4.7798547e-01
  1.0087311e-02
 -8.1922784e-02
 -3.7388104e-01
 -8.8394034e-01
  1.5236777e-01
  9.1564196e-01
  6.3973278e-02
 -5.2169073e-01
 -1.4324467e-01
 -1.1714432e-02
  4.5553215e-02
  6.7089605e-01
 -4.3588865e-01
 -7.5753629e-02
  7.8377903e-01
 -3.9849240e-01
 -7.1251079e-02
 -6.3343811e-01
 -1.6965166e-01
 -6.9489576e-02
 -5.3344524e-01
 -9.2477715e-01
  1.6013432e-01
 -3.6395520e-01
 -1.3817696e-01
  5.6629109e-01
 -3.8796413e-01
 -2.2884981e-01
  3.1796294e-01
 -2.1664034e-01
  9.2541516e-01
  4.1296446e-01
 -5.8010000e-01
  2.5054264e-01
 -7.9177506e-02
 -1.2546803e-01
  5.5970001e-01
  4.9125437e-02
 -6.0264677e-02
  3.1025410e-01
 -2.0133993e-01
  2.0397488e-02
 -4.3712553e-02
  2.9179108e-01
 -2.6357955e-01
  3.7457097e-01
 -1.3295689e-01
 -6.2772393e-01
 -3.0996671e-01
  4.0616524e-01
  1.3788456e-01
  1.2658563e-01
  1.5139207e-01
 -7.8965604e-01
 -1.2479261e-01
  2.6791501e-01
 -5.3027749e-02
  1.2377863e-01
  2.7068436e-02
  4.1663209e-01
  3.5223907e-01
 -1.1892987e-01
 -4.1590445e-02
 -5.2747201e-02
 -6.5618113e-02
 -7.6482922e-02
 -5.8188295e-01
  4.9233723e-01
 -4.1046351e-01
 -5.0760847e-02
 -5.6300408e-01
 -5.1517564e-01
  5.6560237e-02
  6.2473828e-01
  8.6460543e-01
 -7.7712703e-01
  3.4510982e-01
  3.5544488e-01
 -5.0957477e-01
 -4.3477735e-01
 -6.5795565e-01
 -4.8407710e-01
 -9.9173623e-01
  2.9088986e-01
  5.7330114e-01
 -6.6064769e-01
 -1.9163099e-01
 -1.7906290e+00
  1.8325728e-01
  1.3304700e-01
  1.3706116e-01
  1.3805963e-02
  3.2538956e-01
 -1.8528336e+00
 -1.1016839e+00
 -2.7997100e-01
  1.7989233e-01
 -5.1601863e-01
  1.0856578e-01
 -5.8671850e-01
  1.1314936e+00
 -5.4717511e-01
  1.3987577e+00
  4.4992989e-01
 -5.6723469e-01
 -1.2771329e-01
 -2.2797680e-02
 -2.6309785e-01
  7.4290328e-02
  8.8245875e-01
 -1.5120260e-01
  4.3664625e-01
  2.4583101e-01
  4.5964744e-02
 -5.5372924e-01
  6.5323448e-01
  2.5984997e-01
  8.8166785e-01
  1.5094770e-01
  8.3040512e-01
 -7.9604518e-01
 -2.6083210e-01
 -2.8087577e-01
  2.3200891e-03
  3.4790506e+00
  1.4046471e+00
  2.2930892e+00
  1.5995970e+00
  1.8446889e+00
 -7.7319271e-03
  7.9759902e-01
  8.5517049e-01
 -6.3638568e-01
  1.8373272e+00
  3.0243764e-02
  6.8104213e-01
 -7.9327963e-02
 -3.2902190e-01
  2.1478739e+00
  5.8130807e-01
  1.1214180e+00
 -4.3498740e-01
  3.2010621e-01
  1.3017066e+00
 -2.8507798e+00
  1.6356515e+00
  2.8139136e+00
 -1.1146078e+00
 -1.6897194e-01
  5.1145595e-01
 -6.1964683e-02
 -4.5797929e-01
 -4.2344265e-02
  4.5471084e-01
  6.5654707e-01
  5.3661066e-01
  1.8810953e-01
  2.1559057e-01
  5.7102221e-01
  1.4497150e-01
  2.1813314e-01
  3.5448539e-01
 -3.4072888e-01
  4.3365546e-02
 -1.1708678e-01
  8.8257976e-03
  3.1526249e-03
  2.9706222e-01
 -1.2996049e-01
 -2.3763144e+00
  4.5212591e-01
  1.1006713e+00
  8.0841887e-01
  1.6927298e+00
 -6.7986584e-01
  3.8522914e-01
  2.7002189e+00
  2.3775775e+00
 -2.6969981e-01
 -4.8364106e-01
 -6.2924616e-02
  1.3134632e-01
  1.0481889e+00
  7.1788937e-01
 -1.2439911e-01
  3.2065675e-02
  4.7664052e-01
 -2.2658087e-01
 -4.2250997e-01
  2.5102949e-01
 -4.8554161e-01
  1.7765532e-01
 -5.3629446e-01
 -3.7734509e-01
  3.7707976e-01
 -1.5582813e-01
 -3.3401728e-02
  1.9910719e+00
  6.2246692e-01
 -5.5114895e-01
  2.3103629e-01
  5.1274046e-02
 -2.3828018e-01
 -5.1715475e-01
  1.4074442e-01
  2.8807655e-01
 -3.7036091e-01
 -1.9515377e-01
 -5.2870438e-04
 -4.4457746e-01
  9.1067091e-02
  1.5681777e+00
  7.1026069e-01
 -4.6697187e-01
 -2.1168211e-01
  1.1844809e+00
  4.9078545e-01
 -4.2798129e-01
 -1.0879467e+00
  2.1868251e-02
  2.7018541e-01
  2.4442339e-01
 -4.0061954e-01
 -2.1424298e+00
 -4.8314932e-01
  1.8754312e-01
  1.6962929e-01
 -3.2734242e-01
 -1.4442868e+00
 -9.8173386e-01
  5.6031071e-02
  1.4138987e+00
  3.0680975e-01
 -1.8697450e+00
 -1.0218128e+00
 -1.8970419e+00
  1.2148218e+00
  2.2000515e-01
  3.9459485e-01
 -4.6260059e-01
 -9.3295836e-01
 -1.3374202e-01
 -2.2081560e-02
  3.6712906e-01
  1.9827563e+00
  7.2114021e-02
  7.9874676e-01
  7.8545505e-01
 -4.5966640e-01
 -8.8678515e-01
 -3.8252753e-01
 -1.9187666e-01
  7.6395798e-01
 -4.0657234e-01
 -9.2104429e-01
 -2.4490403e-02
 -9.3918836e-01
 -4.8398656e-01
 -6.4952135e-01
 -1.0878643e+00
  2.3499416e-01
 -8.0355346e-01
 -8.4589267e-01
 -5.8230162e-01
 -9.9375236e-01
  2.3041239e+00
  3.4288406e-01
 -2.5992484e+00
  1.4131694e+00
 -9.5928270e-01
  1.0419396e-01
  7.2188184e-02
  2.5196588e-01
 -5.7005730e-02
  6.9075203e-01
  4.6128426e-02
 -1.4277763e+00
 -2.4276450e-02
  3.5306078e-01
  6.7332834e-02
  5.2144843e-01
  6.8411142e-01
  4.3223616e-02
  7.7908859e-05
 -5.0284885e-02
  1.0648061e+00
 -1.4545913e-01
 -1.0426587e+00
 -5.7429957e-01
  6.9352381e-02
 -6.3972378e-01
  3.8392541e-01
  3.4184504e-01
 -5.3174263e-01
 -2.8087088e-01
  5.2585021e-02
 -8.3029717e-03
  1.6070144e-01
 -2.8602454e-01
  2.0428210e-01
 -6.4725257e-02
 -1.1197596e-01
  5.4184270e-01
 -5.8990562e-01
  2.3222217e-01
 -8.8512003e-01
  5.5196811e-03
  4.9625558e-01
  3.5583773e-01
 -9.4373703e-01
 -3.0765584e-01
 -3.0028298e-01
  8.1702125e-01
  6.9370093e-03
 -9.7197443e-01
 -1.3415449e+00
  2.5363311e-01
  1.1434842e-01
 -1.9010504e-01
 -3.7954712e-01
  7.0559746e-01
  7.3598459e-02
 -9.4018686e-01
  3.7932062e-01
  6.1186922e-01
 -3.2799732e-02
  7.3053801e-01
 -5.4992360e-01
 -1.5503513e+00
  1.3446234e+00
  2.4348572e-01
 -7.4833596e-01
 -9.1299433e-01
 -9.3695067e-05
 -3.6125433e-01
 -6.1463046e-01
 -5.5397558e-01
  5.0075221e-01
 -2.5328390e-02
 -3.3723733e-01
  1.7257920e-01
  4.0887082e-01
  3.5337630e-01
 -3.0818158e-01
 -6.3217187e-01
 -5.8672702e-01
  1.6014241e-01
  4.0336531e-01
  9.8031528e-02
  3.5851675e-01
  2.5141671e-01
  2.6504523e-01
  2.8393799e-01
  3.8478577e-01
  7.9675937e-01
  3.8650084e-02
 -2.9771978e-01
 -5.5473890e-02
  8.8244826e-02
  7.7181494e-01
  4.6846485e-01
  1.1165092e+00
  1.1406817e-01
 -8.6604559e-01
  1.0987726e+00
 -2.3172256e-01
 -1.7866400e-01
  4.8756260e-01
 -4.6728331e-01
 -9.5920628e-01
  1.4361785e-01
  4.7312790e-01
 -1.6649741e-01
  3.9800838e-01
 -1.1325557e+00
  1.4162980e-01
  3.0640811e-01
 -5.1908754e-02
 -8.2082637e-02
 -9.8943941e-02
  4.1886400e-03
 -1.0968435e+00
  1.7330396e-01
 -5.0964665e-01
 -4.4103694e-01
  3.6729631e-01
  7.6387393e-01
 -5.6363338e-01
 -1.1460067e+00
 -3.9472887e-01
  3.8168326e-01
 -8.5799456e-01
  2.5250539e-01
 -2.0323707e-01
  4.3285519e-01
 -8.6209647e-02
 -1.3988726e-01
 -2.2617733e-01
  3.1143013e-01
 -1.2104571e-01
  1.0276351e-02
 -2.9466340e-01
  4.5464042e-01
  1.8424219e-01
 -5.1684630e-01
 -3.9885521e-02
  1.3125373e-01
  1.0851861e-01
 -2.8828213e-01
 -1.3152043e+00
 -4.3358716e-01
  1.9529188e-01
  1.8504082e-01
  1.7841625e-01
 -2.6357177e-01
 -7.1616912e-01
 -1.5818606e-01
  7.8188580e-01
 -1.9166633e-02
 -6.7991680e-01
 -8.4150061e-03
  2.5095451e-01
  3.3937547e-01
  2.1834578e-01
  8.6435491e-01
 -1.2011757e-01
 -5.4183328e-01
  3.1738794e-01
 -5.0599098e-01
 -2.8866339e-01
 -4.0289301e-01
 -4.8550017e-02
 -9.0208150e-02
  2.0205908e-01
 -9.9127680e-02
  3.6951575e-01
  7.9227245e-01
 -8.0733746e-02
  8.7874699e-01
  2.1848544e-01
  3.3283684e-01
  6.4801127e-01
  3.0848360e-01
  4.0029705e-01
 -1.7708729e-01
  5.0609893e-01
  3.0550617e-01
 -2.8277957e-01
  2.4959190e-01
 -1.4419298e-01
  2.2988760e-01
 -6.2714553e-01
 -1.0919870e-01
  3.8887757e-01
  8.0013293e-01
  3.7404883e-01
 -1.0978850e+00
  3.9088868e-02
  1.9084424e-01
  1.4685781e-02
 -2.1806000e-01
 -1.2696208e-01
  1.7818864e-01
 -2.0003217e-01
  2.5830194e-01
  9.3396619e-02
  5.9093463e-01
  6.5758038e-01
  1.1766924e-01
 -1.3258053e-01
 -1.0637161e+00
 -2.2033411e-01
 -5.4750890e-02
 -2.1578023e-01
 -5.5550013e-02
  1.2084292e+00
 -6.6915125e-02
  1.1687803e-01
  2.7335125e-01
 -1.2019577e-01
  1.2309400e+00
 -5.5780482e-01
 -1.8272106e-01
  1.4740540e+00
 -1.1883578e+00
 -8.9006525e-01
  5.2708685e-01
 -1.3338603e+00
  4.3635815e-01
 -1.3308710e-01
 -8.7683368e-01
  1.2241825e+00
 -1.7234391e+00
 -2.4059248e-01
 -4.9007830e-01
 -2.0092627e-01
 -1.7911257e-02
  5.8437937e-01
 -8.9123303e-01
 -2.1006398e-01
  1.4984466e-01
  8.4224534e-01
 -1.8908066e+00
 -1.1909840e+00
 -1.8847325e-01
 -1.6089622e+00
  9.0844542e-01
  7.0336807e-01
  5.2775115e-01
  9.4819888e-02
  6.0013419e-01
 -3.3747125e-01
  1.3179713e-01
  1.5388757e-01
  4.3296573e-01
 -1.4170194e-01
 -9.6917319e-01
 -8.1199661e-02
 -2.1601684e-01
  2.5659654e-02
  6.2814248e-01
 -6.4010099e-02
 -1.2635191e-01
  5.9411015e-02
 -4.0384948e-01
  5.2872711e-01
 -2.1758856e-01
 -6.2564480e-01
 -1.9909038e-01
  1.4217331e+00
 -5.6328589e-01
  2.5751096e-01
  4.8808959e-01
 -5.0859299e-02
  3.8624164e-02
  5.5829767e-02
  5.4082668e-01
  4.1951191e-01
  3.9392802e-01
  2.3793842e-01
  9.0878703e-02
  1.8421315e-01
  9.7829111e-02
  5.7225400e-01
  4.2970735e-01
  6.0140610e-01
  2.4294016e-01
  3.9096302e-01
  7.0606691e-01
 -3.4083137e-01
  3.8015410e-01
  1.8617392e-01
 -2.6676416e-01
 -5.9255403e-01
  4.7493595e-01
  5.0214684e-01
 -3.2829720e-01
  1.6280258e-01
  3.4980622e-01
  1.6454089e-02
 -7.4559532e-02
 -1.1582065e-01
 -1.4972122e-01
 -1.8596646e-01
  1.2014713e+00
 -8.6857177e-02
 -1.6100760e+00
 -8.3174050e-01
  8.2432114e-02
 -2.5200847e-01
  8.7816685e-01
 -5.1481074e-01
  4.1490942e-01
  5.0204611e-01
 -8.7308711e-01
  2.2442948e-02
 -4.5279348e-01
 -1.1767121e-01
 -1.1804261e-01
 -1.5613699e-02
  7.3476620e-02
  2.9053956e-01
 -2.5203100e-01
 -2.5577873e-01
  3.4583502e-02
 -6.4997366e-03
 -1.3149279e+00
  4.0982559e-01
 -4.4673640e-02
  1.7388241e-01
 -5.0719345e-01
 -1.0205830e+00
  7.1392119e-01
 -1.9042164e-01
  1.7621797e-01
 -1.2759006e-01
  5.3092259e-01
  6.1166322e-01
  8.0831122e-01
 -9.7673275e-02
  7.5384223e-01
  1.0540016e+00
  6.7184612e-02
  7.3217750e-01
 -3.8998267e-01
 -1.5839408e-01
 -7.8793949e-01
 -2.3543967e-03
  1.7075573e-01
 -2.8144118e-01
  7.8432903e-02
 -3.9445817e-01
 -7.0679248e-03
  1.0310812e+00
  3.6532044e-01
  1.5783533e-01
  1.5985353e-02
  1.9080505e-01
 -1.4304791e-01
 -4.1874960e-01
  1.6600275e+00
  2.3153915e-01
 -6.1635101e-01
 -4.7739223e-01
  1.7280114e-01
  4.2334057e-02
  3.8214388e-01
 -1.7299840e-01
 -1.7016242e-01
  4.7061089e-01
 -5.9466010e-01
  5.1779354e-01
  1.1132085e-01
 -1.3465165e-01
  3.6306245e+00
 -3.2962066e-01
  2.7120486e-01
 -4.3329597e-02
  6.5385282e-01
 -5.5543071e-01
 -2.0178230e-01
  5.9433144e-01
 -4.1743848e-02
 -4.8141282e-02
 -3.2993999e-01
 -1.5785305e-01
 -9.3295693e-02
 -1.2634280e-01
  1.4866045e-01
  5.5944675e-01
  6.2698030e-01
 -1.6556528e-01
  5.7981703e-02
  7.2624570e-01
  1.3577701e-01
  6.7404628e-02
 -4.0749246e-03
  8.9137787e-01
 -3.3656780e-02
 -9.6703881e-01
 -3.3842796e-01
 -2.3356763e-01
 -4.4203296e-01
 -1.2748849e-01
  1.1163751e+00
  5.0259829e-01
 -8.5025102e-01
  1.4277294e-01
  5.6785280e-01
 -4.4084725e-01
  2.7149448e-01
  6.5633833e-01
  7.4828431e-02
  4.1304776e-01
  1.2557303e-02
  7.6933689e-02
  5.6842882e-02
 -4.2623002e-02
 -8.8860199e-02
  2.9477245e-01
 -3.8739982e-01
 -1.9220111e-01
 -5.1523912e-01
 -3.9970079e-01
  6.4725286e-01
 -1.3595320e-01
 -1.5512782e-01
 -4.3600377e-01
  1.4299196e-01
  1.6970484e-01
  3.5353180e-02
  1.9029686e-01
 -9.9933922e-01
 -1.7300460e-01
 -6.7191297e-01
 -1.6947974e+00
  2.9875225e-01
 -3.2465267e-01
 -2.1392988e-01
  3.5752073e-01
 -6.0256976e-01
 -1.4543901e-02
  1.5404998e-01
  1.9176450e-02
 -1.5293500e-01
  6.4950621e-01
  4.6750271e-01
 -5.9163462e-02
  6.5103658e-02
  8.2394755e-01
 -2.1381339e-02
 -1.0772915e+00
 -3.8734818e-01
  1.7450902e-01
 -1.7813221e-03
  5.0331976e-02
 -1.7107842e-03
 -3.9774019e-01
 -5.6968760e-01
 -3.2144582e-01
 -8.0734563e-01
  6.4700699e-01
  5.9575593e-01
 -9.8372209e-01
 -4.9863246e-01
  3.4189218e-01
 -6.5520477e-01
 -7.3431140e-01
  1.4346622e-01
 -2.0861916e-01
 -6.2808347e-01
 -3.9807382e-01
 -5.4529780e-01
  1.0224879e-01
 -3.3698341e-01
  2.2169776e-01
 -2.7177292e-01
  1.9250093e-01
 -5.8098614e-01
 -3.8980380e-01
  3.4390011e-01
  2.5015318e-01
  4.5139807e-01
  5.8050311e-01
  5.5153751e-01
 -4.3760347e-01
 -2.9728135e-01
  1.3345188e-01
  2.3546472e-01
  8.4048219e-02
  7.6693095e-02
 -2.5312728e-01
 -3.6642370e-01
 -2.8166777e-01
  2.8756809e-01
 -8.5715622e-01
  3.5902056e-01
  4.9615020e-01
 -2.9585621e-01
 -1.0301870e+00
 -9.6943116e-01
 -5.0199860e-01
  2.1410179e-01
  3.4253544e-01
 -4.6038514e-01
  6.3198991e-02
  3.0734846e-01
 -1.5471825e-01
  5.4093540e-01
 -3.9143541e-01
 -1.5641570e-01
  4.9367645e-01
 -1.7359187e-01
 -3.3108577e-01
  6.1594713e-01
 -3.8399726e-01
 -9.3212205e-01
  5.2735305e-01
 -4.6559339e-03
  9.1544294e-01
 -2.5119569e+00
  3.7937412e-01
  2.9330632e-01
 -3.4975985e-01
 -5.1994312e-01
  3.0052979e-02
  5.8351910e-01
 -4.0627524e-01
 -4.0489104e-01
 -3.5228348e-01
 -6.2920970e-01
  4.2149287e-02
  1.4937949e-01
  1.2150155e-01
 -5.3470157e-02
  1.0990720e-01
 -6.0533121e-02
 -4.8317105e-01
 -2.0091565e-01
  8.4708862e-02
 -2.8145733e-01
  1.3062766e+00
 -7.4480331e-01
  8.6800471e-02
 -1.6201226e-03
 -3.3268771e-01
  1.1318998e-01
  9.6294396e-03
 -4.9272366e-02
  1.4769236e+00
 -8.8801578e-02
  7.7769148e-01
  4.0227908e-01
 -2.0683041e+00
 -3.3844474e-01
 -9.3996745e-01
 -6.8937951e-01
  3.7586451e-01
  1.2601267e-01
 -4.6400702e-01
 -1.6723391e-01
  4.9084091e-01
 -4.4588345e-01
 -7.1452636e-01
  4.1857094e-01
 -1.4427730e-01
 -4.1524303e-01
 -2.2460952e-02
  1.6050097e+00
  4.3138936e-01
  7.5081199e-01
 -1.0689243e+00
  1.4601961e+00
 -3.1854429e+00
 -4.9758187e-01
  2.9899132e+00
  3.8552383e-01
  6.9524175e-01
 -2.0486418e-02
  3.2110921e-01
 -1.6324630e+00
 -3.1900319e-01
 -3.9851878e-02
 -3.8714025e-02
  2.6840250e+00
 -4.6817970e-01
 -7.9462593e-03
  1.0498323e+00
  6.5132898e-01
 -3.7978241e-01
  2.9950607e-01
 -8.2898682e-01
 -1.6604617e+00
 -1.8181878e-01
 -2.5563863e-01
 -5.6024306e-02
 -2.2853760e-01
  2.0540004e+00
 -1.1640066e-01
  3.0830385e-02
 -3.9863281e-02
  1.1899420e-02
  9.6405365e-02
 -3.4173015e-01
 -6.1788894e-02
  7.2682194e-02
 -1.0237370e+00
  1.6059761e-01
 -3.7860388e-01
 -9.0455586e-01
 -1.1330042e+00
  3.3183524e-01
 -3.5478583e-01
  2.4333867e-01
  4.2411840e-01
  1.1289647e+00
  4.0148619e-01
  8.7179428e-01
  6.9304638e-02
  3.8832954e-01
 -8.1096894e-01
 -1.1777781e+00
  1.7609963e+00
 -7.3514509e-01
  1.1941359e+00
  5.1379759e-02
 -1.1934429e+00
 -1.5971810e-03
  1.0844912e-01
  1.8748432e-01
 -1.5500858e+00
 -2.9930556e-01
  7.8202689e-01
 -2.2592771e-01
 -4.3723205e-01
 -4.2972681e-01
 -1.0345304e+00
 -1.5263225e+00
  1.1406118e+00
 -1.5545986e+00
 -1.7350486e-01
  1.1029141e+00
  1.2072097e+00
 -1.0145425e+00
  3.8789991e-01
  4.9954179e-01
 -6.1718595e-01
 -5.0845933e-01
  2.8096825e-01
 -1.9382299e-01
  8.2797819e-01
  3.1172732e-01
  9.2293870e-01
 -4.9587977e-01
 -8.0828788e-05
  2.8286466e-01
  2.3290545e-02
  7.1792386e-02
  1.5896928e-01
  1.0922436e+00
  6.7251891e-01
 -4.6930242e-01
 -1.2828135e-01
 -4.7019407e-02
 -2.2922841e-01
 -9.2936628e-02
  7.7057832e-01
  2.0180497e-01
 -1.2495141e-02
 -2.7490997e-01
 -2.4860129e-01
 -1.0768118e+00
 -2.0762579e-01
 -2.1845729e+00
 -6.0349363e-01
 -1.7252474e-01
  7.4129885e-01
 -5.7192487e-01
  1.2703222e-01
  1.4305184e+00
 -4.3331122e-01
 -1.2274680e+00
  4.1369727e-01
 -4.4651636e-01
  7.9972148e-01
 -9.9732280e-01
 -3.9059886e-01
  2.0737059e-01
 -1.4023645e-01
  4.1577676e-01
  2.3223570e-01
  2.4984378e-01
 -1.1747251e+00
 -7.9657596e-01
  5.1857844e-02
 -9.3953252e-01
 -6.6360784e-01
  1.5619173e+00
  1.5464208e-01
 -9.6763648e-02
  2.3974551e-01
  1.1465932e-01
  5.3859687e-01
  8.6460298e-01
  6.0787308e-01
 -7.8508162e-01
 -5.0110680e-01
  8.6036092e-01
  1.5583788e-01
  1.8254510e+00
 -3.0909809e-01
 -3.1243345e-01
  1.3218827e+00
 -1.2830751e+00
 -7.0927453e-01
 -2.3864655e-01
 -1.8269867e+00
 -1.2760432e+00
  8.9756362e-02
 -1.3683643e+00
 -2.1802380e+00
 -7.4329115e-02
 -7.6508033e-01
  3.2380754e-01
 -5.2514452e-01
  4.0912369e-01
 -3.0566198e-03
 -2.4074502e-01
 -1.2729359e+00
  7.2814339e-01
 -6.9018269e-01
 -2.6534340e-01
  7.8874046e-01
 -8.4516066e-01
  3.8914855e+00
 -6.0398424e-01
  1.1268700e+00
  1.5702738e+00
 -7.1550155e-01
 -2.8493934e+00
  1.9853255e-01
 -8.1021267e-01
  1.3647473e+00
  4.7610208e-01
 -1.8897775e+00
  2.1214576e-01
 -5.8837605e-01
  7.9474032e-01
 -2.9955097e-02
 -1.4926223e+00
  1.2249111e+00
 -5.6721318e-01
 -9.4140470e-01
 -1.4141395e+00
 -1.0468874e+00
  3.2170689e-01
 -6.5677202e-01
 -1.1083341e+00
 -1.6215728e-01
  5.0143421e-01
  1.1552403e+00
  5.8771455e-01
 -5.5780286e-01
 -7.1614951e-01
  9.0937877e-01
 -1.8534724e-01
  8.6159033e-01
 -7.7722317e-01
  4.8233066e-03
 -7.5486988e-02
 -4.6022400e-02
 -2.3696882e-01
  2.4379778e-01
 -1.0365194e+00
 -7.5175732e-01
 -1.0445586e+00
  9.3952227e-01
 -1.5000422e-02
 -2.4206333e-01
 -1.1769133e-01
 -2.3096383e-01
 -2.1010058e-01
 -2.0220093e-01
  1.1022806e+00
  3.7077585e-01
  7.9473120e-01
 -8.0853440e-02
 -2.3863001e+00
 -2.6644257e-01
  6.8824649e-01
  2.4488775e-02
 -1.1450834e+00
  6.1719692e-01
  3.7116832e-01
 -3.0521071e-01
 -7.3654401e-01
 -6.2798515e-02
 -6.2527233e-01
 -6.1541826e-01
  8.9270556e-03
  1.4790514e-01
  2.2243175e-01
 -3.2054442e-01
  3.1485274e-01
 -3.2675710e-01
  4.8835147e-02
  4.6682703e-01
  1.7343707e-01
 -7.1291558e-02
  3.6801687e-01
 -4.6745437e-01
 -1.3073183e+00
 -2.5162926e-01
  1.0713172e-02
  1.9992474e-02
  3.4727141e-02
  7.4372905e-01
 -4.6073246e-01
 -3.6266667e-01
 -2.5934499e-02
  1.7727892e-01
  2.0948476e-01
 -2.2316836e-01
 -6.0629213e-01
  8.1464368e-01
 -1.0205759e+00
 -1.0740209e+00
  7.6219738e-01
 -9.1295946e-01
 -8.3938740e-02
  6.4997464e-01
  8.9061308e-01
 -5.5628610e-01
 -3.5645956e-01
  1.4599669e-01
  4.0191290e-01
 -7.8456327e-02
 -1.2485242e-02
 -3.1643282e-03
  8.3233826e-02
  1.3060707e-01
 -7.2699225e-01
 -1.0973947e-01
  9.8244399e-01
  8.3360606e-01
  1.2754422e-01
  6.3651025e-01
 -5.9858340e-01
 -3.1633553e-01
 -3.6643362e-01
  6.3142575e-02
  1.0355539e+00
 -3.3232260e-01
  1.9244818e-01
  1.2737545e+00
 -2.5393021e-01
 -2.1563412e-01
 -2.4266979e-02
  2.7828971e-01
  6.7273462e-01
 -6.5610087e-01
  9.0075500e-02
  2.0148139e+00
 -3.1583139e-01
  9.1149396e-01
  4.8849529e-01
  3.8166441e-02
  2.8498796e-01
 -1.5075614e-01
  6.8104619e-01
  7.2711283e-01
 -2.4306887e-01
  1.2638316e+00
 -8.6612895e-02
  1.6309944e-01
 -1.2505114e-02
  1.1913249e+00
 -2.3849651e-01
  2.8835940e-01
 -9.4685107e-02
 -1.3829142e-01
 -1.4172456e-01
 -2.1387042e-01
  3.9673382e-01
 -5.6005114e-01
  7.2230083e-01
 -2.5265771e-01
 -3.8833684e-01
 -5.3258753e-01
 -8.4239669e-02
 -2.2711292e-01
  3.7310076e-01
  2.7818975e-01
  1.8945761e-02
  2.9345170e-01
 -9.3886137e-01
 -1.0228890e-01
  4.6383154e-01
  1.9799201e-01
  5.5978429e-02
 -8.1339443e-01
 -4.3069312e-01
  7.8815567e-01
  3.6965424e-01
 -1.1477818e-01
 -1.1646225e-01
  6.2130260e-01
 -3.5608244e-01
  1.5081151e-01
  4.9759132e-01
  6.8846565e-01
 -3.3480471e-01
 -8.2161534e-01
  4.8124948e-01
 -5.5720079e-01
  1.7717849e+00
 -1.0130141e-01
 -2.7885622e-01
 -2.9853565e-01
  7.3292419e-02
 -5.8292127e-01
  1.9932504e-01
  5.5757391e-01
 -2.1312723e-02
  2.2569996e-01
  3.9785802e-02
  2.7894396e-02
  1.2883899e-01
 -4.3228230e-01
 -2.2118685e-01
 -2.3342779e-01
 -4.8027259e-01
 -1.1717708e-01
  1.5911593e-01
 -8.3037607e-02
 -6.0920507e-02
  3.9677233e-01
  1.9370323e-01
 -1.2301375e-01
  3.8402617e-01
  1.6521932e-01
  4.2726455e+00
  4.4357178e-01
  1.8850593e-01
 -4.8256248e-01
 -1.8005573e+00
  7.1589762e-01
  4.1171068e-01
 -7.0458627e-01
 -1.5337187e-01
 -1.3385210e+00
 -6.7182723e-03
 -1.1470466e+00
 -4.6114045e-01
  1.2573606e-01
 -4.7852582e-01
 -5.6045610e-01
  5.6706522e-02
  1.8687757e-02
  4.5512375e-01
 -3.3371824e-01
  5.6169891e-01
  1.0509406e-01
 -9.1791505e-01
  1.6510628e-01
  1.3096006e-01
  2.1294119e+00
 -8.7865132e-01
 -3.2048140e-02
  1.5322749e-01
  2.7555119e-02
 -4.6416503e-01
 -5.4786071e-02
 -6.4828980e-01
  3.8600850e-01
 -5.3720558e-01
 -1.8596238e-01
  1.1726381e+00
  6.7559582e-01
 -4.9026206e-01
 -4.7635965e-02
 -4.8223129e-01
  1.1198982e-01
 -8.6404927e-02
 -6.9842911e-01
  2.0441626e-01
  7.3679172e-02
 -1.9164680e-01
  5.8959309e-02
 -7.8862119e-01
  2.7765188e-01
  2.1391612e-01
 -1.2949598e-01
 -1.3813391e+00
 -5.5944973e-01
  2.9998425e-01
 -4.2674620e-02
  2.1204661e-01
 -6.4237481e-01
 -1.3674006e-01
 -1.0650025e-01
 -4.4168636e-02
 -1.6810288e-01
  5.8160394e-01
  1.2864181e+00
 -4.3232855e-01
 -4.9695495e-01
 -7.2407418e-01
 -4.4379141e-02
 -1.1530151e+00
 -2.4750772e-01
  6.5035388e-02
 -6.1127627e-03
 -4.4938567e-01
 -2.4582918e-01
  3.1913116e+00
  7.0211035e-01
  1.6332048e-01
  7.6344091e-01
 -1.3947076e+00
 -2.8799728e-01
  4.2846224e-01
 -6.8544501e-01
 -1.3660128e-01
  3.2823876e-01
 -4.3669102e-01
 -7.6326656e-01
 -4.3594069e+00
 -4.4693935e-01
 -2.9610828e-01
  1.2410059e+00
 -6.1611611e-01
 -3.8360494e-01
 -1.0029086e-01
 -4.6549309e-02
 -5.9412599e-01
 -7.0096689e-01
  3.6862418e-01
 -1.4360343e+00
 -1.6152546e-02
 -6.0369134e-01
 -6.9417560e-01
  6.2165493e-01
 -3.2441431e-01
  9.2425533e-02
  2.3073851e-01
  6.0690868e-01
 -9.4049621e-01
  7.2006482e-01
  5.2859199e-01
  2.2232202e-01
  2.4161348e-02
  1.4867477e-01
  4.2759480e+00
 -1.0265527e+00
 -1.7100905e+00
 -6.7775971e-01
  9.4318753e-01
 -6.0723770e-01
  6.4763045e-01
  2.6017249e+00
  2.0580802e+00
 -2.2177768e+00
 -1.0355479e-01
  6.2962286e-02
  2.9744783e-01
 -6.0615408e-01
  5.3656135e-02
 -3.8307068e-01
 -8.5473841e-01
  3.2019982e+00
 -3.8330364e+00
 -2.0490374e-01
  1.5943526e+00
  8.4490448e-01
  2.7863994e+00
  1.3144932e+00
  1.4114802e-01
  4.7815328e+00
  1.0925164e+00
 -9.6362025e-01
  1.0738193e+00
  8.6634889e-02
  4.2798085e+00
 -1.3246193e+00
  6.3120109e-01
 -6.9655418e-01
  1.1614403e-01
 -6.1866122e-01
 -1.6628563e-01
 -1.8506581e+00
  1.4360764e+00
  2.7598600e+00
  1.4465281e-01
 -1.6118826e-01
 -1.0813859e+00
 -3.4949293e+00
  1.4932984e+00
 -3.6102557e-01
  2.4398751e+00
  2.5123816e+00
 -1.5099341e+00
 -8.8248223e-01
 -1.1448068e-01
 -1.7561454e-01
 -2.3004774e-02
 -6.7672119e-02
 -7.3152892e-02
 -4.0722065e-02
 -4.3107066e-02
 -3.3682991e-02
 -1.7387639e-01
  3.5316414e-01
  4.7324412e-02
 -1.3648413e-01
  1.3602844e-01
  1.6286161e-02
 -2.8363252e-01
  4.2128012e-02
  1.7037821e-01
 -3.7106458e-02
 -1.3230991e-01
 -1.9075990e-01
 -1.3300359e-02
  1.1730833e-01
  7.3961443e-03
 -5.2512616e-02
  1.6443978e-01
 -1.2993510e-01
  2.7093932e-01
  9.7448677e-02
  2.4659123e-02
 -5.2569635e-02
 -1.5962297e-01
  9.8826632e-02
  2.3832005e-02
  1.1985112e-01
  7.5615153e-02
 -7.4583925e-02
  4.9945381e-02
  3.9502524e-02
  4.9569380e-02
  5.4922491e-02
 -2.5573540e-02
 -6.7118603e-01
 -1.0532182e-01
 -1.0706522e-01
 -7.7286452e-02
  5.4946814e-02
 -9.9933378e-02
 -1.8502066e-03
 -1.0114190e-01
  6.9930322e-02
 -1.0499415e-01
  2.1232577e-02
  2.9708145e-02
  4.0166657e-02
  8.4455132e-02
  1.8697662e-02
 -9.4291687e-02
 -1.9720750e-01
 -8.1865117e-05
  1.2490952e-01
  8.5098617e-02
  5.5946436e-02
 -4.9523178e-02
  7.1402662e-04
 -8.3823688e-03
  1.2048542e-01
  6.1722647e-02
  4.1944806e-02
 -1.6506875e-01
  1.7467827e-01
  1.2226713e-01
  1.4428884e-01
  5.0084177e-02
 -2.8733221e-01
 -3.2773145e-02
  3.2063980e-02
 -1.7444070e-01
  4.5375772e-02
 -5.5172616e-03
 -2.3480467e-02
  5.4954749e-02
  2.2641404e-02
 -1.0270199e-01
  8.7538838e-02
 -1.8644881e-02
  1.5476352e-01
 -3.1278524e-01
  5.4922692e-02
 -7.0500389e-02
  1.4238775e-01
 -8.8055357e-02
 -2.0353472e-01
  7.8624256e-02
  2.0143898e-02
 -4.3364476e-02
  2.6896214e-01
  5.0140243e-02
 -1.2511137e-01
  7.0581518e-02
 -3.6153097e-02
 -1.4538068e-01
  3.2400779e-02
  1.3121495e-01
  4.5003228e-02
 -3.2200158e-02
  1.4191335e-01
  7.8075588e-02
 -1.2309904e-02
  1.5385969e-01
 -2.5508496e-01
 -8.8354014e-03
  1.6742702e-01
  2.9361106e-02
 -2.2651546e-01
  1.3766453e-03
 -4.1770518e-02
  8.1793889e-02
 -7.7365309e-02
 -2.4791287e-01
 -4.6851125e-02
 -8.2895003e-02
 -1.6381660e-01
  2.3064487e-01
  1.4497338e-01
  8.9579701e-02
 -4.1683786e-02
  9.6208053e-03
 -3.6346927e-02
 -1.1353231e-01
 -9.0511136e-02
 -4.9409125e-02
  2.1477663e-03
 -5.2281793e-02
 -8.0308563e-01
  3.9248314e-02
 -4.1229602e-02
  1.1352952e-01
 -9.3751460e-02
 -3.7711419e-02
  3.6669236e-02
  9.3846023e-02
  1.2721413e-01
  5.3566817e-02
  3.8156688e-02
  3.7848599e-02
 -1.1089200e-01
 -2.0582283e-02
 -4.1018419e-02
 -1.1809446e-01
 -1.1317148e-01
 -5.4873139e-02
  7.2978869e-02
  3.3238807e-01
 -1.6962825e-01
  2.1559712e-01
 -3.2657334e-01
  4.4914346e-02
  1.5517959e-01
  9.8071033e-03
 -7.8002326e-03
  1.4026969e-02
  2.7446277e-02
  2.8336165e-03
  3.9259024e-02
 -1.8872987e-01
  4.8474271e-02
 -1.6514416e-01
  4.4967206e-03
  1.5976208e-01
  5.0951857e-02
  2.2663545e-02
  5.5631705e-02
 -8.7927170e-03
 -1.9504912e-01
  9.0500480e-03
 -7.3569708e-02
  1.3950874e-01
 -2.9160297e-02
  2.8181871e-02
  6.5368190e-02
 -1.7877527e-01
  9.4187163e-02
  1.3828497e-01
  2.5591681e-02
  5.1922828e-02
  9.1773309e-02
 -1.8169695e-01
 -3.2521999e-01
  1.1013070e-02
 -3.2786038e-02
  2.2734831e-01
 -5.8851965e-02
  1.5591283e-01
 -2.1232344e-01
 -3.7359029e-01
  2.9183418e-02
 -2.2510251e-01
 -2.5907704e-01
  4.9024303e-03
 -4.7795989e-02
  1.3914374e-01
  1.2486393e-02
 -2.7276674e-01
 -4.1771047e-02
 -3.7474576e-02
 -4.1491970e-02
  3.8552737e-01
  3.0525741e-01
 -8.8809237e-02
 -9.2852674e-02
 -2.2512307e-02
  9.5025554e-02
  1.9982773e-01
 -3.9940212e-02
  8.3596371e-03
 -1.9903857e-02
  9.6749783e-02
  2.2605026e-02
  2.3008933e-02
 -5.8402140e-02
  1.9434632e-01
 -4.9965095e-02
  2.2012729e-02
 -1.5330523e-01
 -6.3041776e-02
  2.4646229e-01
  2.2920553e-02
  1.1884669e-02
 -6.7271382e-02
 -4.1046910e-02
  7.9152644e-02
 -2.2891892e-02
  1.3859887e-01
  5.9568632e-01
 -2.2308420e-01
 -9.5627740e-02
  3.0515563e-02
 -2.4457765e-01
 -7.5204797e-02
 -1.1967069e-01
 -1.0862938e-01
 -4.7803942e-02
 -1.7950074e-01
 -7.0569962e-02
  5.2371502e-02
 -1.3503513e-01
  5.3951196e-02
  4.0500939e-02
 -2.6424076e-02
  3.2822303e-02
 -6.2955894e-02
 -1.2535344e-01
 -4.1598864e-02
 -7.6745331e-02
 -1.7005842e-02
  8.4686920e-02
 -1.5988471e-01
 -1.3470595e-01
  5.4233812e-02
  8.5890085e-02
  8.0014482e-02
  2.7138766e-02
 -1.0656785e-01
  3.1830230e-01
  3.2130271e-02
 -2.6973122e-01
 -1.6073193e-02
 -1.9390987e-02
 -7.8394987e-02
 -2.4085579e-02
  6.2315881e-02
  7.9111475e-03
 -1.9631904e-02
  1.0331926e-01
 -4.7785792e-02
  2.9732814e-01
  1.0066304e-01
  3.1844508e-02
  3.2593466e-02
 -3.6805570e-02
  6.4358562e-02
  1.1804243e-01
  1.5829794e-01
  2.4991566e-02
 -8.0802791e-02
 -2.6849847e-02
  2.5114819e-02
 -8.2787111e-02
  7.7082232e-02
  2.2199334e-01
 -7.9737328e-02
  3.4400661e-02
  2.3086157e-02
  5.1514685e-02
 -2.8346233e-02
 -3.4889821e-02
  9.0221427e-02
 -2.8303334e-01
 -6.1804336e-04
  4.9576210e-03
  1.0023290e-01
  1.6358516e-01
 -2.0536064e-01
 -7.6680578e-02
 -2.7774063e-01
  1.0879319e-01
 -6.7575522e-02
  1.1368375e-01
  3.3318594e-02
 -2.0899851e-02
 -1.8709372e-01
 -7.5664878e-02
  2.4426676e-02
  9.9663705e-02
  1.6139615e-03
 -3.9413903e-02
 -1.4720157e-02
  2.8440673e-02
  9.9117875e-02
 -2.1995630e-02
  2.3117298e-03
 -2.7809739e-02
  3.2274729e-01
 -1.7731342e-02
  1.1882963e-01
 -1.1130854e-01
  7.8097768e-02
  3.0938301e-02
 -5.6628905e-02
 -3.7915282e-02
 -1.3363549e-01
 -4.3945998e-02
  1.3804495e-01
  2.8339329e-01
  5.7716236e-02
 -3.8086928e-02
 -2.6421359e-02
  1.4378306e-02
 -1.4159858e-01
 -2.1020485e-02
 -3.1808966e-03
 -7.8849763e-02
 -5.1147011e-03
  1.8645728e-01
  1.7599717e-02
 -2.0847262e-01
 -6.2304199e-02
  4.8280679e-02
 -8.2563981e-02
  6.1798450e-02
 -3.0810251e-03
 -1.2099566e-01
  3.8752876e-02
 -5.1556427e-02
 -1.7993380e-01
 -1.7830919e-01
 -9.5695227e-02
 -5.9574161e-02
 -9.3753133e-03
  2.0293850e-01
  9.9742413e-02
 -1.2250949e-01
 -2.0995012e-01
  6.6841036e-02
 -4.9090847e-02
 -1.8686855e-01
 -5.0731961e-02
 -1.2123270e-01
  1.1751002e-01
  9.3643725e-02
 -1.7023487e-02
 -1.3694093e-02
 -5.8403844e-04
  1.3265346e-01
 -4.5992218e-02
 -5.8603618e-02
 -1.6141273e-01
 -4.7326237e-03
 -1.9801173e-02
 -5.7986014e-02
 -1.6562787e-01
  6.1640915e-02
  1.8185949e-01
  8.3264098e-02
  2.0277472e-02
 -1.5819326e-01
  3.6687959e-02
  2.9303619e-01
  1.3725433e-01
  2.2720905e-02
  1.1464528e-01
  3.1282522e-02
 -1.8734913e-01
  7.8902587e-02
  3.1596754e-02
  9.0697639e-02
  3.5097260e-02
 -1.9413441e-01
  5.4009147e-02
 -1.9850405e-01
 -1.1934093e-01
  5.3809762e-02
 -1.1246333e-01
 -1.9111392e-01
  6.0251981e-02
  2.1609864e-01
 -7.8150816e-03
  1.8564239e-02
  1.0629901e-02
  1.9703485e-01
 -2.4588685e-04
  4.3475181e-02
  4.3227354e-01
 -2.0709121e-01
 -8.7831933e-03
 -7.6177165e-02
  5.8678635e-03
  2.9309344e-01
  2.0066392e-01
  8.5428143e-03
 -3.0745445e-02
 -3.0157724e-02
  2.0577115e-01
  5.4700769e-02
  1.2022864e-02
 -3.0350747e-02
 -2.3576050e-01
  1.2236670e-01
 -2.7602553e-01
  4.3165423e-03
  3.9130889e-02
 -2.0139327e-02
 -4.6969641e-02
  1.1227842e-01
 -8.6264104e-02
  2.7648583e-01
 -1.3555928e-02
  1.0023737e-01
  1.2137105e-02
 -1.3596115e-01
 -1.2120261e-02
 -9.3876328e-03
  1.2013071e-01
 -8.8307515e-02
  7.8223869e-02
 -3.0832818e-01
  1.3930354e-01
  1.9193459e-02
 -1.4349437e-01
  1.1239450e-01
  4.0451042e-02
 -6.7359656e-03
  3.8476828e-02
 -7.0085526e-02
 -3.7596993e-02
  2.9815751e-01
 -1.8697922e-01
 -4.4712424e-03
  9.2723913e-02
  7.8255713e-02
  3.5898626e-02
  4.8100278e-02
 -6.8783343e-02
  2.3457915e-02
  4.3113552e-02
 -5.4578721e-03
 -4.6414044e-02
  3.0332051e-02
 -3.0025236e-02
  3.5896011e-02
  3.6440492e-02
 -1.5154645e-01
  2.2530404e-01
 -9.9595591e-02
  1.4458707e-01
 -4.9314234e-02
 -1.2316615e-02
 -2.0320848e-01
 -2.0178515e-02
 -5.7466282e-03
  7.5383559e-02
  3.3785347e-02
 -3.6861572e-02
 -9.0318494e-02
  2.3205906e-01
 -2.7182555e-02
  5.4837611e-02
  3.4077451e-02
  2.5047885e-02
  1.8158102e-01
  3.8169953e-01
 -2.7298203e-02
  2.0532992e-02
 -2.1915816e-01
 -4.5448393e-02
 -1.6198130e-01
  1.1969803e-01
  1.7687835e-01
  7.1949549e-02
 -1.0086864e-02
  2.5653115e-03
  2.7121622e-02
 -2.2152109e-01
  3.9409444e-02
  3.4195866e-02
  1.2690362e-01
 -3.5904196e-01
 -1.8755014e-01
  6.8472967e-02
  9.7403243e-02
 -1.3196224e-01
  1.7973144e-01
  1.7956117e-01
 -1.4020479e-01
  3.4286708e-01
 -4.5990817e-02
  3.1214360e-02
 -2.4577820e-01
 -1.1595866e-01
  2.9258925e-01
  1.1209356e-02
  1.2739128e-02
  1.0326026e-01
 -6.4402651e-03
  5.6558140e-02
  5.5608865e-02
 -1.6371274e-01
  3.2129437e-02
 -3.2089326e-01
 -1.2544369e-02
 -6.5764874e-02
  1.8850908e-02
  2.3832984e-01
  1.1977776e-01
  3.1044619e-02
 -7.2688580e-02
 -2.9575692e-02
 -2.2559334e-01
  1.5463723e-02
 -6.9606528e-02
  4.2872434e-03
  9.0854660e-02
 -1.5781558e-01
  2.4829146e-01
  1.6792932e-01
 -1.2703414e-01
 -3.5091648e-03
 -1.1209878e-01
  1.2254515e-01
  2.2553328e-01
 -1.9056213e-01
 -2.9591992e-02
 -5.5440836e-02
 -1.0832121e-02
  3.6712229e-02
 -1.1010040e-02
 -6.0170334e-02
 -1.1492067e-02
 -9.2729546e-02
 -1.9550650e-01
 -4.3777227e-02
 -1.2737331e-01
  1.9668357e-01
 -4.2107075e-02
  4.7944583e-02
 -5.3529250e-03
  8.5999824e-02
  9.6988447e-02
  7.9117648e-02
 -2.0969540e-01
  3.3011641e-02
  1.5403260e-02
 -1.3634379e-01
  3.5571940e-02
 -6.5074675e-02
 -1.0741228e-01
 -1.3506331e-01
 -1.5040541e-01
  3.7139554e-02
  3.6828343e-03
 -1.8289772e-01
  6.4927153e-02
  5.3748675e-02
 -8.1652522e-01
 -1.4101097e-02
  3.0031295e-02
 -1.0382763e-01
 -2.6686046e-02
  5.7965940e-01
 -1.2991083e-01
  2.3045793e-01
 -4.6311442e-02
 -6.7235708e-02
  1.2698471e-02
 -1.8591811e-01
 -9.6127242e-02
  7.7625893e-02
  1.0364664e-01
 -7.6722100e-02
 -8.6738609e-02
 -9.6300378e-02
 -1.8211706e-01
  8.7648124e-02
 -2.2814700e-03
 -1.3553649e-01
  1.0947269e-01
  2.9416829e-01
 -5.5016555e-02
  1.9762553e-01
 -1.1702542e-01
 -3.9915942e-02
 -3.2133218e-03
 -8.0901511e-02
  1.1698406e-01
  2.5307944e-01
  1.1099299e-01
  9.6740693e-02
 -1.2611088e-01
 -2.7759999e-01
 -2.6838485e-02
  4.9310580e-02
  2.8567208e-02
 -1.3594022e-03
  2.2756541e-01
 -1.3912611e-01
 -3.8549054e-02
  2.9259887e-02
 -1.2627989e-01
  1.0612032e-01
 -5.9682198e-02
 -1.5915807e-01
  8.7290697e-02
 -1.0107698e-01
 -9.7292764e-03
 -3.7761974e-01
 -1.7152444e-02
  2.5813607e-02
 -4.4572607e-02
  5.2935686e-02
 -5.4463565e-02
  1.0306618e-01
 -3.5153133e-01
  8.0807932e-02
 -2.4176788e-02
 -3.2351095e-02
 -2.2713887e-03
  1.7714149e-01
  5.1866945e-02
  2.6751664e-02
  1.3224973e-01
  1.5309840e-02
 -2.8027549e-02
  4.2226639e-02
 -5.3144433e-02
  5.6869891e-02
  1.0803714e-01
 -1.0420788e-01
 -4.1030388e-02
 -2.8801188e-01
  7.4103497e-02
 -9.7127393e-02
  1.6219187e-01
  7.1126752e-02
  2.6612891e-02
  1.5034603e-01
  1.9098418e-03
 -2.3761690e-01
 -7.1166001e-02
 -2.9541180e-02
  1.7544727e-01
 -1.1584532e-02
  1.5014010e-03
  4.0266301e-02
  1.3779416e-02
 -1.2146446e-02
 -9.0223640e-02
 -2.8337941e-01
 -2.0061679e-02
  1.5138718e-01
 -5.0150778e-02
 -1.5820475e-01
  1.1981057e-01
  2.2643331e-02
  4.7736219e-03
 -1.9951248e-01
  5.2503746e-02
 -6.9698356e-02
  1.0057172e-01
 -1.2200648e-01
  6.5980889e-03
 -3.0057967e-02
 -1.6540305e-01
  4.9021560e-01
 -1.6293854e-01
 -2.2483848e-01
 -4.3716833e-02
 -9.2135727e-02
  2.0093473e-02
  3.2208517e-02
  1.9588180e-01
  9.6320227e-02
 -1.9117611e-02
 -1.0384380e-01
  8.5664175e-02
 -2.1747333e-01
 -3.8019612e-02
 -1.4082233e-02
 -1.6476439e-01
 -7.2101638e-02
 -6.5527055e-03
 -5.3294599e-03
  2.4757948e-02
 -7.2531551e-02
 -3.9873637e-02
 -1.5121107e-01
  4.3481506e-02
 -1.9390464e-01
  6.2441807e-02
 -1.0904728e-01
  9.1561012e-02
 -1.7339733e-01
 -1.1828713e-01
 -3.1520896e-02
  4.6437483e-02
  6.7966811e-02
  8.0087952e-02
 -4.2764835e-02
 -7.8243345e-02
 -5.7992630e-02
 -1.4215700e-01
 -5.5482127e-02
 -4.6391632e-02
  1.6385491e-01
  1.2357155e-02
 -3.2960162e-02
  2.8354961e-01
  4.4795595e-02
  6.4958870e-02
 -1.6530979e-01
  1.8131521e-02
  8.6252481e-02
 -3.0013658e-03
 -1.1463688e-01
  1.0551776e-01
  2.0139726e-02
  1.0925667e-01
 -6.1691277e-02
 -3.3521857e-02
 -1.5292721e-02
  7.2902940e-02
  6.5685667e-02
  1.4200709e-02
 -1.1415846e-01
 -8.2127996e-02
 -1.4211679e-02
  1.1217795e-01
 -3.9132621e-02
  1.6232435e-01
 -2.5372289e-02
  5.9084307e-02
  4.1867368e-02
  2.4110752e-01
 -5.5044387e-02
 -1.4307164e-01
  5.8330204e-02
  1.8779263e-03
  4.3947998e-02
 -6.7011870e-02
  4.4459615e-02
  1.8851759e-01
  9.0323180e-02
  2.6688015e-01
  4.1800573e-02
 -2.1316271e-01
  4.3011609e-02
  1.9615600e-01
  1.9140655e-02
 -1.4909609e-02
  6.8526596e-02
  7.8733452e-04
  1.1656219e-01
  9.9907648e-03
 -1.0468563e-02
  3.1556413e-02
 -9.5174566e-04
  2.7237663e-02
  1.5474050e-01
 -6.2481817e-02
  1.2205634e-01
  4.8501331e-02
  1.1379020e-01
  4.3353148e-02
 -6.1683118e-02
 -3.9155100e-02
  5.0179972e-03
  3.2523155e-02
 -1.4078371e-01
  1.5339327e-01
  3.8622387e-02
  5.8814585e-02
  4.6596225e-02
  1.3617717e-02
 -2.1088021e-02
  2.7193996e-01
  5.4097045e-03
  2.1663658e-02
  5.9456872e-03
 -7.3847443e-02
 -5.7173111e-02
  8.9393914e-02
 -9.8262746e-03
  2.8501488e-02
  8.0095671e-02
  9.3042672e-02
 -1.5079708e-01
 -6.7566067e-02
  6.0301229e-02
 -4.0139690e-02
 -2.8731847e-01
 -2.1928915e-01
 -1.9012098e-01
 -3.1079632e-01
  5.4476477e-02
 -5.5989008e-03
 -1.7001885e-01
 -6.0968131e-02
  6.5190367e-02
 -1.5504532e-01
  1.4875913e-01
  9.1223810e-03
 -4.7568612e-02
  4.0866394e-02
 -1.8987037e-02
 -4.5860067e-02
  7.6771319e-02
  3.1522530e-01
  1.6208675e-02
 -1.1581955e-02
  1.3114499e-01
  2.6741523e-01
 -1.6767663e-01
  9.7288243e-02
  6.2000308e-02
  1.5981160e-02
 -3.2331962e-02
  2.2721359e-01
  6.4837947e-02
  2.0579195e-03
  2.1208295e-01
 -4.3657433e-02
  3.1939019e-02
  2.0468537e-02
  9.7821504e-02
 -1.2654291e-02
 -2.6379708e-02
  1.1740305e-01
 -1.1297113e-01
 -1.5978038e-01
 -8.8116750e-02
 -2.5643559e-02
 -5.6999721e-02
  6.8927318e-02
 -4.0055602e-06
  9.4859004e-02
 -2.1614850e-01
 -4.6108112e-02
  1.7151241e-01
  1.3125037e-03
  8.3363310e-02
  1.1185759e-01
 -6.3203096e-02
 -1.7595240e-01
 -9.5416941e-02
  1.3441128e-01
 -6.8685557e-03
  7.7704795e-02
 -6.4250045e-02
  6.8732393e-03
 -5.2367829e-02
 -1.1252049e-01
 -7.7503130e-02
  4.3886650e-02
 -6.8755701e-02
  6.2021147e-02
  1.5282552e-01
  9.8274313e-02
 -3.1420637e-02
 -3.7836529e-02
 -1.4752804e-01
  5.3077750e-03
  1.7478850e-01
 -3.7339725e-02
 -3.1676210e-02
 -1.3418293e-02
  8.1854267e-03
 -7.1673039e-03
  4.4075452e-02
  6.4488940e-02
  3.5623405e-02
  2.6328030e-01
 -1.5856805e-01
 -5.8248248e-02
 -1.4507243e-01
  1.2797050e-02
  2.3010798e-01
 -1.1479869e-01
 -4.4184562e-02
  4.0298994e-03
 -1.3582684e-01
  1.2535664e-01
 -1.3982108e-01
  6.6290110e-02
  1.7183375e-02
 -7.1339481e-02
  2.0261107e-02
 -1.3339855e-01
 -8.8152871e-02
  5.5409130e-03
  6.5015510e-02
  1.3182107e-01
 -1.4980811e-01
 -6.2799789e-02
 -6.5390550e-02
  6.1342411e-02
 -3.2202888e-02
 -4.6859916e-02
  8.9857519e-02
 -8.6140648e-02
 -9.3847148e-02
  5.6922687e-03
  4.1102227e-02
 -2.8917894e-02
  5.4567527e-02
 -1.1754657e-01
 -5.7735689e-02
 -5.8655791e-02
  9.5161580e-02
  1.9381151e-02
  1.6045916e-01
  3.2397162e-02
  6.1184783e-02
  1.8776889e-01
 -2.7130982e-02
 -2.1318045e-01
 -1.1095099e-02
 -9.7081304e-02
  2.1497518e-01
 -4.3259509e-02
  1.6220291e-01
  6.7016794e-03
  2.3168853e-02
 -1.8116951e-01
  3.4257833e-02
  5.7220347e-02
 -1.9025132e-01
  7.8158833e-02
 -4.0579170e-02
 -1.3087671e-01
 -9.0984732e-02
  7.9769872e-02
  1.0674129e-01
 -1.7106429e-01
 -2.3316318e-02
 -9.2721418e-02
  9.4702598e-03
  2.2656467e-02
 -8.4794024e-03
  2.1490249e-01
 -8.9848161e-02
  1.3068265e-01
  3.0760935e-01
  2.1228239e-02
 -6.7767226e-03
 -2.9835597e-02
  2.5962453e-02
  4.8594035e-02
  7.5236358e-02
 -7.4116468e-02
  1.1359023e-02
 -3.1426328e-01
  3.1973302e-02
  1.4322926e-01
  1.0927827e-01
  3.6360733e-03
 -5.1118135e-02
 -6.2559545e-02
 -3.6413416e-02
 -2.6772730e-04
  1.3501573e-02
  2.2979032e-02
  1.3506787e-02
 -1.1672659e-01
 -1.7533775e-01
  2.1205366e-02
 -1.3837820e-02
  5.2490193e-02
 -7.6759763e-02
  1.3681284e-01
  1.1568003e-01
  1.0089061e-01
 -1.7541084e-02
  9.5417993e-03
 -1.1550431e-01
  2.2574714e-03
  9.0078205e-02
  6.3437182e-03
 -2.1642971e-01
  1.0601544e-01
  5.0434675e-02
  1.7817298e-01
 -6.1532851e-02
 -9.2832364e-02
 -1.1010849e-01
  6.5226518e-02
 -3.9031625e-02
 -1.2525240e-01
 -1.5833580e-01
 -2.2296491e-01
  1.3207896e-01
  9.3118567e-03
  1.5889073e-02
 -2.0115837e-01
 -2.7126268e-01
 -1.2801743e-01
 -1.1548067e-02
 -9.6454643e-02
 -4.8616272e-03
  1.2567477e-01
 -1.5320413e-01
 -1.7834483e-01
 -1.1648802e-01
  1.6026536e-01
 -7.5120121e-02
 -2.9409407e-03
 -8.6869240e-02
 -7.5240657e-02
 -8.0866955e-02
 -1.6822097e-01
 -1.0399424e-01
  1.2626997e-01
 -1.4519167e-01
 -6.4159885e-02
 -1.7673805e-01
 -2.4904330e-01
 -2.7393404e-01
  2.4985621e-02
  2.0380974e-01
 -7.1549214e-02
 -8.2608275e-02
  1.2249418e-01
  1.6124272e-01
  7.2621159e-02
  2.3462886e-03
 -1.0029226e-01
  2.8275359e-02
  1.0239808e-01
  4.8541818e-02
  4.3612484e-02
 -6.6540711e-02
 -5.0859049e-02
 -6.3902915e-02
  3.0100465e-02
 -4.7331300e-02
 -4.7441881e-02
  1.2258394e-01
  5.4038294e-02
 -8.3999820e-02
 -2.5036442e-01
  9.5526330e-02
  7.1203269e-02
 -2.8518325e-02
 -1.1635908e-01
  3.0643754e-02
 -2.3556359e-01
 -1.1713256e-02
 -2.4028391e-01
 -1.3070659e-01
  5.1320605e-03
  4.7500634e-01
 -7.9174414e-03
  2.2082061e-01
 -1.3294455e-01
  9.4588771e-02
  3.7262253e-02
 -1.0367099e-01
  8.7926365e-02
  6.7996718e-03
  7.6813340e-02
 -3.0571576e-03
  1.0747565e-01
  1.3845051e-02
  8.1275515e-03
  1.2412365e-01
 -5.4574687e-02
  1.8034134e-02
  7.8372842e-01
  1.7672285e-02
  2.5355842e-02
 -6.7111269e-02
  2.1976618e-01
 -4.1228741e-02
 -8.3009899e-02
 -3.4479851e-01
  2.4512491e-01
  2.6642026e-02
  1.7885305e-04
 -8.0216318e-02
  7.8200482e-02
 -1.2865728e-01
  5.5127040e-02
  8.5192159e-02
  2.6216665e-03
 -6.7406543e-02
 -1.3200441e-02
  6.7457959e-02
 -4.4500154e-02
  2.2917200e-02
  4.8523661e-02
 -1.4824687e-01
  3.1397130e-02
 -2.3510335e-02
 -1.1525631e-02
  9.8590568e-02
  4.1379452e-02
 -1.8882211e-01
 -2.8592771e-01
 -1.1019861e-01
 -2.1130718e-01
  1.1998606e-01
 -7.1787111e-02
  4.9302198e-02
  1.2532714e-01
  5.9289634e-02
 -2.5189165e-03
 -3.2639865e-02
  7.2069250e-02
 -5.6016613e-03
  3.9524861e-02
  1.0788435e-02
  1.4732248e-01
  1.3159397e-01
  5.4601062e-02
 -4.5750814e-04
 -1.4742737e-01
  1.3507061e-01
  1.7347413e-01
 -8.7194994e-02
 -1.9806594e-01
  7.2270975e-02
 -7.4687600e-02
 -1.0646419e-01
  3.2490242e-02
 -3.7244279e-02
 -9.4634622e-02
  1.2446699e-02
  7.7840731e-02
  4.1016554e-03
  2.1531615e-02
  1.7596869e-01
 -4.2815100e-02
  1.3577739e-02
  8.3228059e-02
  2.7500870e-02
 -2.8980006e-02
 -3.6830831e-02
 -1.4165433e-01
 -6.1964873e-02
 -2.6484767e-03
  8.5625775e-02
 -8.5323766e-02
  1.1755708e-01
  1.5144984e-01
  9.5645845e-02
  1.1316568e-01
 -3.0599812e-01
  4.2857297e-02
 -2.1745704e-01
  6.4953908e-02
  3.8606571e-03
  3.4717001e-02
  4.9755433e-01
 -9.6828062e-03
  2.2618578e-01
 -1.7420262e-03
  8.9760266e-02
 -6.2708728e-02
  6.8147711e-02
 -1.8193179e-01
 -1.9218782e-01
 -4.0803418e-02
  7.2596654e-02
 -7.4424535e-02
 -2.2150129e-02
 -1.1968861e-01
 -3.3260245e-02
  1.0877233e-01
  6.8535157e-02
 -1.7336747e-01
 -7.7902051e-03
  3.2334659e-02
  7.0955046e-02
 -4.3721057e-02
  3.0963883e-02
 -1.0732085e-01
 -6.1550918e-03
 -7.5201742e-02
  1.6005778e-01
  3.5519949e-03
 -1.1498928e-02
 -5.6588311e-02
  8.0663171e-03
 -7.8351358e-03
  5.6826893e-02
 -3.4084503e-02
  5.6116527e-01
  1.5719473e-01
 -2.8435212e-02
  1.2282521e-02
  1.2567347e-01
 -1.2548970e-01
 -1.4795165e-02
  5.1587831e-02
 -1.7644389e-02
  2.8906360e-01
 -8.2991183e-02
  2.6948151e-01
  1.4231286e-02
 -7.0971578e-02
  1.2856305e-01
  1.7955820e-01
 -1.2417859e-01
 -9.7246449e-03
  3.9590053e-02
 -1.7130604e-01
 -2.1784101e-01
 -4.0871169e-02
 -6.4922966e-02
 -1.2593105e-01
 -5.9102024e-03
  6.6419505e-02
 -1.2053991e-01
 -1.5502056e-01
  8.0346793e-02
 -1.7003769e-01
  8.3155416e-02
 -1.4957923e-02
 -1.5584496e-01
 -1.5384970e-03
 -1.0335410e-04
 -9.1586635e-02
  7.2269142e-03
  3.4786500e-02
 -1.3975203e-03
  1.5448043e-01
 -9.4047450e-02
 -4.7441013e-02
 -8.3557360e-02
 -2.4047518e-02
 -4.5088166e-03
 -1.0469840e-01
  7.4988440e-02
  2.0613894e-03
  1.0266080e-03
  7.1780361e-02
 -3.6369443e-02
 -3.6903031e-02
 -1.0732803e-01
  2.9675664e-02
  1.3622233e-01
  1.3017021e-01
  6.4792283e-02
 -1.5380461e-02
 -1.4004219e-01
 -5.9407569e-02
 -8.4708128e-03
  4.9687888e-02
 -3.9398476e-02
 -1.8742502e-01
 -5.3602822e-02
  2.2817411e-01
 -1.7250779e-01
  1.0304042e-01
 -1.4781551e-01
 -2.1547517e-01
  7.7760428e-02
 -5.6363657e-02
 -3.1801425e-02
 -5.4732081e-02
 -1.6689107e-02
 -7.1703300e-02
  7.9635255e-02
 -4.7449935e-02
  2.5802096e-02
 -4.0102373e-03
 -8.5786432e-02
 -1.1338187e-01
  7.9979837e-02
  1.3569999e-01
  9.2049852e-02
  2.9244721e-02
  7.5593822e-02
  1.6947025e-01
  5.9512369e-02
 -1.3646875e-02
  5.7650745e-02
  5.1512077e-02
 -1.2597848e-01
 -1.3175583e-02
  2.0107234e-01
  6.1797082e-02
 -2.0674069e-01
 -4.9170751e-02
 -1.6507985e-02
  1.0703205e-01
 -1.9835640e-01
  4.4476089e-01
 -1.3259860e-02
 -1.3286881e-01
 -1.0757603e-01
 -1.0120284e-01
  1.1712343e-02
  1.1205537e-02
  1.5389387e-01
  3.3195442e-01
 -1.9720043e-01
  1.4453031e-02
  1.5140864e-01
  1.8786867e-01
 -2.0621035e-01
  1.2368738e-01
 -2.2639845e-02
 -3.5846177e-01
 -3.2019541e-02
  3.3882290e-02
 -3.2669529e-02
  1.8902540e-02
  8.2762331e-02
 -8.8768862e-02
 -7.3051341e-02
 -1.1410595e-02
 -3.7951707e-03
 -2.2573097e-01
 -6.9551080e-02
 -2.1851391e-02
 -2.6855865e-01
  1.0407086e-01
  2.6277408e-02
  7.5992192e-03
  1.8898565e-01
 -4.8965901e-02
  6.2840626e-02
 -1.2729910e-01
  2.4461418e-01
  1.3725401e-01
  1.6732137e-01
 -1.4122649e-01
  1.1113815e-02
  1.8838827e-01
  2.4245214e-01
 -7.4601047e-02
  2.3828113e-01
 -2.5749430e-02
  1.9933160e-01
 -4.8164096e-01
 -1.2539122e-01
  4.1823201e-03
  1.1214665e-01
  1.7105034e-01
 -5.6081481e-02
  6.6197142e-02
  1.0728226e-02
  1.5551241e-02
 -8.9544639e-02
  1.6727994e-01
 -2.5703004e-03
  1.8618202e-01
  1.4625309e-01
  8.3787568e-02
  3.5151251e-02
  1.6337836e-01
 -2.4586147e-01
  1.0575414e-01
  1.2703295e-01
 -3.6733139e-02
 -1.5220229e-01
 -6.5968079e-03
 -2.1195233e-01
  6.4623021e-02
  1.4365184e-01
 -2.5486482e-02
 -9.5722787e-03
 -2.8565023e-02
 -2.9848763e-03
 -4.1200362e-02
 -5.1097479e-02
  8.8089414e-02
 -4.1621707e-02
  6.0715653e-02
 -1.6452846e-01
 -1.4369012e-02
  3.4486525e-02
 -1.3847515e-01
  1.0603681e-02
  1.2191751e-02
 -4.5723766e-02
  1.6748842e-02
 -2.0592915e-02
 -4.9706712e-02
 -4.2281911e-02
 -8.1679016e-02
 -1.7868237e-01
  1.0442103e-01
 -5.8334224e-02
  2.8846943e-01
  1.9290382e-03
  8.7220773e-02
 -2.3798379e-01
  5.1075641e-02
  1.0270561e-01
 -6.9148548e-02
  1.9830243e-01
  6.7469120e-02
  1.0890782e-01
 -2.7507448e-01
  3.1040723e-02
 -4.5040034e-02
 -1.1034210e-02
  1.4336491e-01
  1.0912129e-01
 -1.6360097e-01
 -1.4321853e-01
  5.2835003e-02
 -1.2471747e-01
 -2.2165698e-01
 -2.8148630e-01
 -1.4851931e-02
  7.6870369e-03
 -4.4343159e-02
 -4.9481196e-03
  2.0176440e-02
 -1.7330098e-01
  5.7014018e-02
 -1.3872626e-02
 -1.9576477e-01
  2.5484299e-02
 -3.5297878e-02
  1.5420064e-02
 -9.1541320e-02
  5.1699366e-02
  1.5885435e-02
 -4.3522708e-02
  4.2376593e-02
  1.7300430e-01
 -1.2954739e-01
  4.0067837e-02
 -4.7392012e-03
  6.3032910e-02
 -3.5877641e-02
 -4.1680951e-03
  1.6557979e-03
  5.7680804e-02
  1.4687803e-01
 -2.5702491e-03
  5.2377731e-03
 -5.4058671e-01
 -8.3540924e-02
 -2.0638463e-01
  1.5585569e-02
  6.3020289e-02
  1.9606900e-01
  1.2475973e-02
 -4.6665795e-02
 -3.7133563e-02
  1.6679006e-02
 -1.7813005e-02
 -1.6839732e-01
  1.3321818e-01
  2.3976162e-02
 -1.9359347e-01
 -4.1549727e-03
 -1.2048135e-01
  4.8546731e-02
 -3.3101979e-01
 -1.3180279e-02
 -6.8918660e-02
 -3.6584279e-01
 -2.2666158e-01
 -1.3201159e-01
 -1.0817166e-01
 -1.1979909e-01
 -3.8947737e-01
  5.2418549e-02
 -1.6936880e-01
  2.4598299e-02
 -3.4358051e-01
 -4.4540089e-02
 -3.7799931e-01
  7.7757739e-02
  1.0251362e-01
  1.0425998e-02
  9.6697211e-02
  1.2285820e-01
  1.2731809e-02
  7.0301518e-03
 -3.1825434e-02
  5.3515133e-02
 -3.3132188e-02
  1.5186611e-01
 -9.5015727e-02
  6.3788742e-02
 -5.9732564e-02
 -2.1852423e-03
 -2.0666255e-01
  7.7658802e-02
 -1.5689059e-01
 -9.4201081e-02
 -2.7772063e-01
 -2.5143620e-02
 -2.9502787e-02
 -2.7164321e-02
 -4.2658545e-02
 -2.0274291e-02
  1.1883734e-01
  8.5231975e-02
 -2.8619487e-02
  7.6285511e-02
  3.9824149e-01
 -6.1795074e-03
 -1.5035540e-02
 -1.1022486e-01
  9.9464029e-02
  1.6272634e-01
 -2.4951492e-03
  2.0531049e-01
  2.2339933e-02
 -4.6098631e-02
 -1.2086461e-01
 -7.8504337e-03
  1.9273685e-01
 -1.2666130e-01
  9.9707220e-04
  8.7240096e-03
  2.1550326e-02
  1.7296775e-01
  6.7964502e-02
 -1.7356178e-01
 -6.0749158e-02
  1.1089158e-01
 -8.0273412e-02
 -4.7397446e-02
  4.3902311e-02
 -1.1294841e-02
 -1.9204623e-01
  6.7485385e-02
  1.5275569e-01
 -1.4344072e-01
  8.1826061e-02
 -4.0582307e-02
  3.7641719e-02
 -7.4886717e-02
  3.2371734e-03
  1.7444795e-01
 -5.1263288e-02
 -1.0068633e-02
 -1.9761965e-02
 -1.6134559e-01
  1.4986681e-02
  1.8052419e-01
  4.0526349e-02
 -1.6007674e-01
  4.4568695e-02
  1.0143380e-01
  2.4425387e-02
  2.8070137e-02
 -3.9399150e-01
  8.9979954e-02
  1.3740040e-02
 -1.0031922e-02
  2.0411471e-02
 -2.4761926e-02
  8.6480994e-03
 -1.2467638e-01
 -4.9175289e-03
  5.9045844e-02
 -1.1683254e-01
  1.6717628e-01
  1.3111523e-01
  6.7298636e-02
  2.3510429e-01
  7.7471696e-02
  2.3589469e-02
 -8.6393200e-02
 -1.7925505e-02
 -1.6250756e-02
 -5.6320094e-02
 -2.8976487e-02
  1.5414707e-01
 -3.7091013e-02
 -1.6235715e-01
 -3.0078940e-02
 -1.0573509e-02
  1.2832899e-01
 -7.6619886e-02
  4.4349271e-01
  1.1348227e-01
  7.4748024e-02
  6.7869432e-02
 -9.7288825e-02
 -3.6852341e-02
 -3.4343995e-02
 -7.6838233e-02
  1.5872559e-01
 -1.0221416e-01
 -7.1385153e-02
  2.6825830e-01
 -7.9278320e-02
 -5.0460905e-02
  3.2229953e-02
 -4.1961968e-02
  1.0017729e-01
 -2.6837713e-01
  9.9845119e-03
 -9.2449091e-02
 -7.1517393e-02
  1.8705036e-03
 -2.5932794e-03
  2.0884559e-01
 -3.3612542e-02
 -2.9423431e-02
 -2.5905529e-01
  3.6717262e-02
 -8.2491562e-02
 -2.1259168e-02
  1.4940869e-02
 -6.2122706e-02
  6.8008979e-03
 -1.6053364e-01
 -6.8772338e-02
  1.3389642e-02
 -6.1686024e-02
 -1.2169012e-01
 -7.5830236e-02
  1.8446596e-01
  9.4424419e-02
  8.9313695e-03
 -1.3829491e-02
  3.0297525e-02
 -1.9800214e-01
  2.4430405e-02
 -1.0701248e-01
 -5.4265182e-02
 -3.6802831e-01
 -1.0867345e-01
 -3.1555127e-03
 -5.8821548e-02
 -4.0976249e-02
  2.0189348e-01
  2.0658856e-03
  5.6684550e-02
 -1.5575689e-02
  1.4080766e-01
 -3.1692463e-01
 -1.3383608e-02
  2.2724696e-01
  3.1718597e-02
  1.1372232e-01
 -1.9521112e-02
  6.8378665e-02
 -2.1228420e-02
 -1.5070301e-01
  1.9979373e-02
  1.5986381e-01
  6.3551001e-02
 -2.2962319e-02
 -8.0384716e-02
 -1.5454782e-02
 -1.6367698e-01
 -1.0573997e-01
  1.0333373e-01
  1.1215543e-01
 -2.0683372e-02
 -3.0157268e-02
  1.2940038e-02
  3.0697050e-02
  7.3734961e-02
  1.5545612e-02
  2.7503496e-01
 -2.2404821e-01
 -1.1673079e-01
  2.5072190e-01
  7.8891300e-02
 -2.0129653e-03
  2.3598365e-02
  4.2118065e-02
  4.6965014e-03
  3.0395529e-01
 -2.2870738e-02
  1.5644819e-01
 -1.8658738e-01
  6.1543521e-02
 -1.5253399e-01
 -3.0748544e-02
  1.4787821e-02
 -4.9266722e-03
  3.0395366e-02
 -6.2356051e-02
  5.9822589e-02
  1.5341045e-01
 -5.1708613e-02
 -3.5939880e-02
 -6.4961046e-02
 -4.3777451e-03
  1.5510027e-01
  9.1623202e-02
 -7.5968623e-02
  4.3841492e-02
 -1.5679212e-02
 -1.2582755e-02
 -4.0525455e-02
  1.4078158e-01
 -5.5018499e-02
 -4.7193203e-02
 -1.5965435e-01
 -2.9962204e-02
  1.0796607e-02
 -1.2345713e-01
 -8.2120560e-02
 -6.7090029e-03
  1.9569742e-02
 -1.3023105e-02
  3.4832161e-02
  4.5071620e-02
 -9.5905855e-02
 -5.6099381e-02
 -5.3437795e-02
  1.0082168e-01
 -1.5378341e-02
  7.0117243e-02
  6.9625899e-02
 -6.2265284e-02
  1.4174581e-01
  1.3464391e-01
  8.4951241e-04
  1.4789976e-01
  1.0998483e-01
  3.5915401e-02
 -4.3804623e-02
  6.3771196e-02
  6.8202615e-02
  2.9086763e-01
  2.2928383e-02
 -2.7125422e-02
  1.0398123e-01
  1.4407727e-01
  1.8567264e-02
  1.5978119e-01
  4.0863141e-02
 -5.2452251e-02
  1.1316342e-01
  7.0733026e-02
  1.0018303e-01
  7.5919881e-02
 -2.1235047e-01
 -1.4890808e-01
  4.9746908e-02
 -1.9037964e-02
  2.6593418e-03
  1.8638898e-01
 -1.9489279e-02
  8.1765261e-03
  8.7262675e-02
 -1.5105680e-02
  6.9389746e-02
  6.4519607e-02
 -1.7547035e-01
  7.2496280e-02
 -2.4866880e-01
 -1.7990568e-01
 -3.3809453e-01
  6.1621819e-02
 -1.4316501e-01
 -8.4007069e-02
 -4.8641749e-02
 -1.6486192e-01
 -1.0300963e-01
  7.7072181e-02
 -3.4931049e-02
 -5.7141370e-01
 -5.3751171e-03
  3.5145205e-02
  6.2261574e-02
  1.3230892e-02
 -2.1127087e-01
  5.6266832e-01
 -7.3555224e-03
  5.5143181e-02
  3.2276511e-03
  2.3981970e-02
 -1.0984792e-01
 -3.8782764e-02
  1.6366925e-02
  5.5650532e-02
 -5.5914223e-02
 -3.2473702e-02
  3.2077268e-02
  9.3848286e-03
  4.8526019e-02
  1.0298070e-01
  1.6852966e-01
  3.0199701e-02
 -1.0307509e-01
  4.4105962e-02
  1.5459880e-03
 -1.1408046e-02
  2.4892583e-01
  1.8005654e-02
 -1.0280991e-01
  1.2316155e-02
 -2.9192563e-02
  5.0825300e-04
 -4.4849567e-02
 -6.6889301e-02
 -6.1124139e-02
  3.8894944e-02
  9.4259446e-03
  7.9493098e-02
 -1.2245217e-01
  1.3058819e-01
 -3.9872684e-02
  4.8089858e-02
  7.6349795e-02
  9.1400981e-02
 -3.4977371e-01
  5.3085379e-02
 -2.8216448e-02
  9.4962697e-03
  1.0745576e-02
 -5.3717196e-02
 -2.3564239e-01
 -2.0310546e-01
  5.6160673e-02
  7.4348129e-02
  4.0682677e-02
  1.1690057e-01
  2.9253620e-01
 -1.6726166e-02
  1.2106566e-01
 -1.8482437e-02
  5.2692732e-03
  2.1720873e-02
 -2.9343763e-02
 -4.5654483e-02
  7.9084039e-03
  2.3734570e-02
  7.1739126e-03
  7.5012274e-02
  3.2118446e-01
  4.0252149e-02
  9.3816601e-02
  3.2145444e-02
  1.4494312e-01
 -1.1102836e-01
 -4.9550515e-02
 -1.9479690e-02
 -1.2735398e-01
  1.8351724e-02
 -4.0692560e-02
 -2.0406079e-01
 -2.9399162e-02
  4.8073329e-02
 -8.6236373e-03
 -3.3706874e-01
  1.4504880e-02
 -6.6035569e-02
 -1.9732761e-01
  8.3576836e-02
  5.5666693e-02
  8.0683762e-03
 -6.7090362e-02
 -1.5381803e-01
 -2.0258267e-01
  7.4039243e-02
  7.6407202e-02
 -4.5685168e-02
  1.1497741e-02
  4.0922528e-03
  8.8753015e-02
 -3.8288634e-02
  9.0328112e-02
 -1.8222214e-01
  2.0885372e-03
 -3.4956364e-03
 -1.7726271e-01
 -2.1114056e-01
 -8.7166563e-02
  4.9014096e-03
  7.9042248e-02
  6.5188564e-02
 -6.0691733e-02
 -1.5474240e-01
 -2.2085775e-02
  1.0404068e-01
  1.2577946e-01
  1.4412142e-02
  4.0049996e-02
 -6.7659214e-02
 -5.1814631e-02
  6.8425216e-02
 -1.5341783e-01
 -6.9625550e-03
 -6.5587752e-02
 -8.6935498e-02
 -4.8723374e-02
  8.8069826e-02
 -8.9722779e-03
  8.9928907e-01
 -8.7889321e-02
 -3.6004253e-02
 -3.9957862e-02
  4.6523251e-02
  5.1626813e-02
 -9.6154682e-02
  5.1640958e-02
  1.9208986e-02
  3.4202471e-02
  3.5602100e-02
 -2.6385693e-02
  6.1369754e-02
  2.8396025e-06
  3.5962793e-01
  3.4791994e-01
 -5.1373508e-02
  4.8456956e-03
  1.2446588e-02
 -2.1290316e-01
  1.9542035e-02
 -5.9915753e-03
  7.6409906e-02
  1.2484725e-01
 -8.2387827e-02
 -2.9847944e-01
 -3.4609348e-02
  2.3855649e-01
 -7.0778973e-02
 -2.0745140e-01
  6.5907620e-02
  5.2419335e-02
  3.1795973e-01
  1.6200650e-02
  6.4449072e-02
  1.0467534e-02
 -6.2327310e-02
 -3.7140451e-02
  1.6593359e-01
  3.2776564e-02
 -4.8337774e-03
 -1.3849389e-02
  1.6302096e-03
  2.9069858e-02
 -3.8759913e-02
 -4.8732385e-02
 -5.4843724e-02
  3.9995283e-02
 -5.1062997e-02
  6.3016638e-04
 -1.2762578e-01
 -3.3067781e-03
  9.0776779e-02
 -2.2555846e-01
  3.7317224e-02
  2.0433839e-01
  2.4482080e-01
 -4.0014382e-02
 -6.2259033e-02
 -1.0966834e-01
 -1.3553007e-01
  3.0469098e-03
 -1.4671911e-01
 -6.3632555e-02
  2.4393039e-02
  7.0276998e-02
 -2.1282953e-01
  1.2533013e-02
 -4.1832641e-02
  8.5742332e-02
  2.6418909e-01
 -1.4610954e-02
  2.5497386e-03
  1.2650058e-01
  8.2294978e-02
  1.8197432e-01
  4.3081790e-03
  2.3799150e-01
 -2.4685262e-02
 -8.0694810e-02
 -1.8646431e-01
 -1.0470106e-01
 -2.9473019e-01
  1.6054122e-02
 -1.2305135e-01
 -6.8489999e-02
  2.5585495e-02
 -1.1829602e-01
  7.2587207e-02
  1.7153250e-02
  1.0687337e-01
  7.1407538e-03
  2.8260258e-01
  6.3936070e-02
 -9.6661840e-03
  1.4465034e-02
 -1.0983505e-01
 -5.1847473e-02
  8.7320335e-02
 -1.3065392e-01
 -2.8627753e-01
  5.1754195e-02
  7.8379875e-03
 -3.5155267e-03
  1.1530682e-02
 -1.8600723e-01
  3.9041504e-02
 -6.0378999e-02
 -1.0754891e-02
  1.9777132e-02
  5.6361023e-02
  1.3944285e-02
  1.2665340e-01
  2.3887682e-01
 -1.7511815e-02
  1.7610618e-01
  8.2077935e-02
 -4.5899618e-03
 -1.0022663e-01
  1.4143705e-01
 -4.3123234e-02
  1.3065825e-01
 -7.2349831e-02
  5.3637731e-04
  1.9121598e-01
  9.8174199e-02
 -1.2051644e-02
  1.5459780e-01
  1.9346848e-02
  1.0527132e-02
  2.1279813e-01
  6.0657088e-02
  1.4191061e-01
 -7.3246591e-02
  7.0619166e-02
 -6.4793933e-04
 -9.7344302e-02
 -1.5137161e-02
 -9.1909438e-02
 -2.1254091e-01
  3.1695396e-02
 -1.9016106e-02
 -2.0645902e-01
  1.5241766e-01
  1.0624570e-01
 -1.4645876e-01
 -7.2807029e-02
  6.8093456e-02
 -1.1735640e-01
 -4.3176234e-02
 -3.4587824e-01
  6.8376828e-03
 -1.1500465e-01
 -5.5512831e-02
 -3.9832212e-02
 -1.4006738e-03
  2.6460402e-02
  1.7239398e-01
  4.8715377e-01
  3.0341407e-02
 -3.5717306e-01
 -5.4630551e-02
 -4.8174776e-02
  2.2720495e-02
 -1.3557968e-01
 -3.7769198e-02
  3.8414050e-02
 -1.3022618e-01
  2.7711058e-01
  5.8535626e-03
  2.6535504e-02
  1.7094150e-01
  1.1312057e-01
 -9.2506379e-02
 -1.0380115e-01
  5.7835065e-02
 -8.2827911e-02
  3.4683023e-02
 -6.8831243e-02
 -1.2590010e-02
 -2.5778019e-01
  5.2051745e-02
 -3.0605714e-03
  6.4374268e-02
 -1.2269732e-01
  8.8148683e-02
  4.1024901e-02
  1.9869596e-01
 -1.7521910e-01
  5.6809717e-01
  1.0723265e-01
  2.1888281e-01
  5.3986840e-02
  1.1970266e-02
  1.0175113e-02
  2.0639258e-02
 -2.1575928e-01
  3.6985886e-01
  1.0480157e-01
  1.1331818e-01
 -1.5085761e-02
  5.1573817e-02
 -6.0183078e-02
 -2.1237624e-01
  7.5154252e-02
  1.0438627e-01
  6.6161267e-02
  6.0807101e-02
 -5.5961210e-02
  2.9981494e-02
  4.4640295e-02
 -1.0819735e-01
  1.3347815e-01
 -8.3834097e-02
  7.6558575e-02
  4.7233757e-01
  5.8555640e-02
  4.6333082e-02
 -1.6542424e-02
 -1.1156427e-02
  8.6289369e-02
 -1.6333891e-01
  9.2800386e-02
 -4.4319279e-02
  5.4162562e-02
 -7.2539292e-02
 -2.2480708e-02
 -4.4084668e-02
 -9.6435450e-02
 -2.8894864e-02
 -1.0029571e-01
  1.8857899e-01
 -1.1497513e-01
  4.0499769e-02
  1.2832350e-01
 -6.7731418e-02
  8.9405604e-02
 -2.3946230e-01
 -3.3868548e-02
 -9.2873592e-03
  4.7028521e-03
  5.5376105e-02
  4.7994051e-02
  2.7553588e-02
  1.0051285e-01
 -2.1529684e-02
 -1.3732438e-01
  2.6900753e-01
  3.5546120e-02
 -5.5650067e-01
  5.3415593e-04
  4.9712881e-02
  1.7353278e-02
 -2.4499974e-01
  1.8143523e-02
  3.6541607e-02
  2.8201330e-02
 -2.0793257e-02
 -2.2408145e-02
  3.6969593e-01
  2.6389893e-02
 -8.0743253e-02
 -3.7268579e-02
  7.8935102e-02
 -2.5851747e-03
 -9.5857717e-03
  1.3998073e-01
  4.4938266e-02
 -1.8668546e-01
 -2.0856069e-02
  4.4655141e-01
 -7.2054967e-02
 -1.0434274e-01
  7.3541895e-02
  7.3695164e-03
  2.1270649e-01
  2.2223532e-01
  5.1628017e-01
  2.4605562e-01
  1.3497160e-01
 -2.9782107e-02
 -3.0337951e-01
 -1.3976149e-02
  7.3811866e-02
  1.3464332e-02
  1.1354292e-02
  4.3393183e-02
  3.9460175e-02
  7.2436824e-02
  5.3135129e-03
  4.9659584e-02
 -2.0928365e-01
 -5.7983451e-02
 -1.3095915e-01
 -8.8832200e-02
  3.3029392e-02
  6.0898464e-02
  1.5798716e-01
  1.4277838e-01
  7.2308891e-02
  1.3047136e-01
 -2.7075186e-02
 -1.3100353e-01
  9.8688878e-02
 -1.1097490e-01
 -2.0505417e-02
  4.3627836e-02
 -5.1528905e-02
 -1.2942882e-01
 -6.3914143e-02
 -1.7554063e-01
  2.8498657e-03
 -2.6968836e-03
  1.0840779e-01
  1.8446092e-01
  1.8294069e-01
  6.6753733e-03
 -1.0987534e-01
  2.0521887e-01
  1.8240131e-01
  9.1776244e-02
 -4.5326665e-02
 -3.2210127e-02
 -1.5551442e-01
 -6.1441917e-02
  1.7120209e-02
  2.7460179e-01
  5.5339407e-02
 -8.7938644e-04
  1.8903357e-01
  1.2230694e-01
 -3.1312767e-02
 -3.1893034e-02
 -2.3087403e-01
 -5.5539664e-02
 -1.7016368e-02
  4.4214349e-02
 -1.8527780e-01
 -3.0955454e-02
  1.1790197e-01
  1.9449266e-02
  4.4671111e-02
  1.0552154e-01
 -1.5368684e-01
  1.8095228e-01
  2.2045594e-01
 -1.6123118e-01
 -4.4137803e-03
 -9.0606280e-02
 -6.6953622e-02
  1.0913880e-01
  7.3814094e-03
  2.3508187e-02
 -5.7368927e-02
  3.3892870e-02
  1.3691667e-01
  9.2994627e-03
  5.6887019e-02
 -1.7390130e-01
  7.3130541e-03
 -1.1318732e-02
  3.6086399e-02
  2.6544606e-02
 -1.2563163e-01
  5.4613002e-02
  1.2613049e-02
  8.4612012e-02
 -1.6858637e-02
  6.7012109e-02
 -1.2442964e-01
  1.1949461e-02
 -7.7314321e-03
 -7.3177993e-02
 -1.7158188e-02
  1.8381730e-01
 -1.3538602e-01
 -3.4638873e-01
 -5.2204482e-02
  1.7384323e-01
  2.7842456e-03
  3.1378597e-02
  1.5279727e-01
  2.4119277e-02
  3.6579665e-02
 -8.7082990e-02
  1.7865849e-01
  2.5403921e-02
 -3.9413232e-02
 -8.1979431e-02
 -1.4525148e-01
  1.7165875e-01
  1.9022644e-01
 -8.6147450e-02
  4.1457286e-01
 -8.5946977e-02
 -1.9776303e-02
 -1.3509551e-01
  4.2162936e-02
  7.5390972e-02
  4.7009639e-02
 -9.9815251e-03
  5.6809723e-02
 -1.2188544e-01
 -1.7114101e-01
 -2.5942588e-02
  7.8342624e-02
 -9.4378218e-02
  3.4024652e-02
  3.4461059e-02
  7.2915278e-02
 -7.7625085e-04
 -4.1268561e-02
  4.2488858e-02
  2.1301480e-01
 -1.5946546e-01
 -1.5804280e-02
  9.2083132e-03
 -6.5833248e-02
  3.9568046e-01
 -1.3918674e-01
  8.0129713e-02
 -1.5991898e-01
 -6.2631577e-02
 -7.4501812e-02
 -7.2469205e-02
  1.3148212e-01
  5.3668696e-02
 -5.7317745e-02
 -3.9279651e-02
  1.1067486e-01
 -4.5083798e-02
  3.6120590e-02
  5.3981755e-02
  1.3477710e-02
  1.4335907e-01
  1.8717295e-01
 -1.6237106e-02
 -9.6149482e-02
  1.5160254e-01
 -1.3366114e-01
 -1.8658963e-01
 -1.2562507e-02
  8.9814134e-02
 -1.0645882e-01
  2.6567936e-02
 -3.9638769e-02
  1.5136367e-04
  1.2738518e-01
  1.2985161e-01
 -2.6892286e-02
 -5.4184813e-02
  9.6027069e-02
  1.0958858e-01
 -1.5248184e-02
  1.3499233e-01
 -9.6591994e-02
  1.0217053e-01
 -1.0029742e-01
  4.4778258e-02
 -2.2072483e-02
 -2.8471295e-02
  1.0113598e-02
  6.7395255e-02
  2.1671977e-02
 -8.0765225e-02
 -5.0514795e-02
  1.9071671e-01
 -2.4471238e-02
  1.4162971e-01
  4.5113343e-01
 -2.1605921e-01
 -5.0379783e-02
  9.4111659e-02
  2.8220814e-02
 -2.9193472e-02
  1.4518702e-01
  7.2903618e-02
  2.2202110e-01
  9.0740703e-02
  1.9057551e-01
 -3.3845485e-04
  6.8509489e-02
  7.5075299e-02
 -7.2421715e-02
 -2.1586333e-01
  2.1050195e-01
  2.8855111e-02
 -1.3103845e-02
  2.2631228e-02
 -4.5193842e-01
  1.2075902e-02
  6.3081250e-02
 -9.9854954e-02
  1.9621696e-01
  1.1523959e-01
 -2.0914245e-03
  1.5406257e-01
 -3.7838783e-02
 -3.5371277e-02
 -3.4888271e-02
 -8.5021211e-03
  2.9592529e-02
 -1.5353435e-01
 -1.4500912e-01
 -1.7628023e-02
  1.1578377e-01
 -4.5188814e-03
 -3.1665664e-02
 -1.6227281e-02
 -2.5772216e-02
  3.5014655e-04
 -6.4877555e-02
 -3.3174239e-02
 -5.5210739e-01
 -1.1855112e-03
  2.0317362e-01
 -3.3289127e-02
 -1.0500032e-03
  5.3032134e-02
  4.2902131e-02
 -1.7723899e-02
  4.0976447e-01
 -4.9634025e-01
 -2.9293558e-01
  1.3235623e-02
  1.8448953e-02
  1.6687846e-01
 -1.1229536e-01
 -4.5107365e-02
 -1.9851422e-01
  4.1943140e-02
  8.2287170e-02
 -1.2385772e-02
  7.7318437e-02
  5.2670080e-02
  1.9060917e-01
  1.3238727e-01
 -2.9644394e-01
 -2.2045180e-02
 -1.5352208e-02
 -5.5232244e-03
  1.1555055e-01
  6.8712451e-02
 -6.4402781e-02
  8.1073925e-02
 -5.4344140e-02
 -6.1547495e-03
  1.5865231e-02
 -8.4063053e-02
  2.6916859e-01
 -1.7677811e-01
  2.4211659e-01
 -3.2716598e-03
 -8.1559718e-02
  4.1441422e-02
 -8.1421010e-02
  2.1619353e-02
  1.1549312e-01
  1.6354885e-02
 -3.3209059e-02
 -4.5972403e-02
 -6.7618541e-02
  7.9556435e-02
 -2.2633749e-01
  6.4775854e-02
  1.5025184e-01
 -1.6548617e-01
  1.3769107e-01
 -2.6532864e-02
  7.4418604e-02
  4.8837084e-02
 -3.3449781e-01
  7.2349161e-02
 -7.5497972e-03
 -9.0053696e-03
  1.5051899e-02
 -1.0437515e-01
  2.0470791e-02
 -5.3691704e-02
  1.5776548e-01
  9.5539885e-03
 -9.1332033e-02
  3.7079379e-02
 -1.1204230e-02
  1.3723005e-01
 -1.0782518e-01
 -2.7892083e-02
  5.2636851e-02
 -3.9501891e-02
 -1.6293816e-02
 -4.4172674e-02
  1.0145319e-01
 -3.7888952e-02
 -1.3536407e-02
  1.1088742e-01
 -4.6564955e-02
  2.0590185e-01
 -9.0445708e-03
  1.5251559e-02
  1.0990131e-01
 -3.3300850e-01
 -2.1842420e-02
  1.4081790e-01
 -1.5626084e-02
 -2.4693934e-03
 -5.5813182e-02
 -5.1196888e-02
 -8.4310830e-02
 -5.9575313e-01
 -1.0630345e-02
 -1.1128446e-01
  5.6618579e-02
 -1.3884937e-02
  2.2794930e-02
  2.3699035e-01
 -2.2471704e-02
 -1.5794024e-02
  4.2357963e-02
 -7.6515444e-02
 -1.3168013e-01
  1.4077552e-01
 -1.8152966e-01
 -1.0917841e-01
 -9.4872937e-03
  1.7349470e-02
  2.9643798e-01
  7.4924067e-02
  1.7249417e-02
  1.0304128e-01
 -1.0012274e-01
  1.0607331e-02
  1.1722086e-01
 -7.9459764e-02
 -1.2699994e-01
 -6.8462454e-03
  1.0492171e-01
  3.5361614e-02
 -1.7207686e-02
  3.3481210e-01
  2.2509066e-02
 -2.7176920e-01
 -1.7415865e-01
 -6.2535085e-02
  1.5742601e-01
  1.5685864e-01
  3.6459509e-03
 -9.4966985e-02
 -5.6893654e-02
  1.3451890e-02
 -5.1264316e-02
  1.3246118e-02
  2.6695710e-02
  6.8411283e-02
 -7.2636195e-02
 -9.3811974e-03
  3.9954457e-02
 -1.8853618e-01
  1.1803195e-01
 -6.2401999e-02
  4.4422457e-03
 -2.4877433e-03
  6.9326788e-02
 -1.4380544e-01
 -1.0504450e-01
  3.5874616e-02
  2.8416084e-02
 -7.9288401e-02
  2.2235379e-02
 -3.4092925e-02
  2.1530462e-02
 -1.0223315e-01
 -2.2421391e-01
  4.2543404e-02
  1.0696296e-01
 -3.8108807e-02
 -1.5267403e-01
 -3.1152844e-02
 -5.6245793e-02
  6.5696263e-03
 -1.4103476e-02
  2.8752733e-02
 -8.9720823e-04
 -3.7981376e-02
 -1.2034604e-01
 -1.4140555e-01
  1.8010932e-01
  2.1233454e-02
  9.8284204e-03
  4.9494267e-02
 -3.1805545e-02
 -4.0274948e-02
  6.5480977e-02
 -2.9567736e-03
  5.4603666e-02
  6.2415719e-02
  1.3091016e-01
 -2.9120281e-01
 -3.7313520e-03
  2.1470312e-02
  5.0673369e-02
  9.7352080e-02
  1.6098715e-01
  1.2350957e-01
 -1.4087142e-01
 -1.0102826e-01
 -3.5944446e-03
  1.3051036e-01
 -3.2493046e-01
  1.2923701e-02
  2.6450261e-01
 -8.5702166e-02
  1.4246024e-01
  4.2608999e-02
  2.2455433e-01
  3.7649494e-02
  5.3015046e-02
 -2.8635489e-02
 -3.4371525e-01
  2.7131060e-02
  3.4959204e-02
 -5.7985619e-02
 -3.9681453e-02
  2.5369881e-02
  1.3853583e-01
  2.4667336e-01
 -2.2054598e-02
  1.2020592e-01
  1.8416161e-02
  3.2080963e-02
  1.2613708e-01
  9.6863478e-02
 -1.2647234e-01
  1.9289692e-01
 -7.7566586e-02
 -9.7222775e-03
  8.9492887e-02
 -5.7082687e-02
  2.3976254e-01
 -1.9752789e-01
  2.1719213e-01
 -4.2384776e-01
 -8.2896747e-02
 -5.4885480e-03
 -1.5758518e-02
 -8.1867903e-02
 -3.6307923e-02
  1.3682051e-02
  1.6258337e-01
 -6.6559546e-02
  7.7634506e-02
 -6.8719191e-03
  9.6527107e-02
 -2.5309858e-01
  2.1652795e-02
 -7.2240978e-02
  1.9322991e-01
 -5.6410078e-02
 -1.5163516e-01
  1.3399483e-01
 -2.2846292e-01
 -6.3327432e-02
  7.0683323e-02
  6.8563312e-02
 -1.1523098e-01
 -1.9740475e-02
  8.3386593e-02
  1.3770477e-01
  5.4940324e-02
  5.0623231e-02
  6.6717029e-02
  2.2900829e-01
 -1.1051682e-01
 -1.5887190e-01
 -1.2967131e-01
 -5.3857554e-02
  4.5246962e-02
 -8.4601901e-03
  8.0913052e-02
 -1.8318410e-01
  8.1984103e-03
  2.5590377e-02
  5.5321608e-02
  5.4247875e-02
  4.5248838e-03
 -1.1199225e-01
 -1.2895186e-01
 -4.5900218e-02
 -2.1645573e-01
  6.4854100e-03
  4.8651502e-01
 -3.0586058e-03
  8.9676768e-02
 -1.0497935e+00
  8.4818721e-02
  4.9213510e-02
 -3.0488673e-01
 -6.3070416e-02
 -2.7290049e-01
 -6.4938195e-02
  1.2973150e-02
 -6.5295883e-02
  1.1867163e-02
  2.6247042e-01
 -2.5239304e-02
 -3.7417956e-02
  9.1140121e-02
 -5.9706639e-02
 -6.6770755e-02
 -7.3819337e-03
  1.8857602e-02
 -1.2674126e-01
 -1.5598695e-01
 -4.9549803e-02
 -1.5122823e-01
 -8.5337095e-02
 -7.1547907e-03
 -2.0348608e-02
  2.4392030e-01
 -2.1285268e-02
 -1.3866559e-02
  3.4339648e-02
 -8.7398648e-02
 -7.4669253e-03
  1.5312807e-02
  4.1557524e-02
  1.5621804e-01
 -9.3931094e-02
 -1.0833289e-02
  1.5860926e-01
  2.4774887e-02
 -1.8033084e-02
  1.3517044e-01
 -1.3611832e-01
 -1.1841539e-02
  2.1190219e-02
  3.0285597e-01
  1.1208165e-01
  8.2803540e-02
 -3.5609260e-01
 -1.1753327e-01
  9.8839313e-02
  4.5707118e-02
 -4.4098113e-02
 -6.8652563e-02
  3.3993308e-02
  6.1450459e-02
 -6.8494499e-02
  3.8724530e-02
 -1.4291702e-01
 -9.8544192e-03
 -4.5279671e-02
 -5.7626642e-02
  1.6510367e-02
  6.0105249e-02
  5.8864240e-02
 -1.6934390e-01
  2.2071290e-01
  8.4346801e-02
  1.2821001e-01
 -9.4289586e-02
  1.5430573e-02
  5.2627627e-02
 -1.1230960e-01
  2.6151037e-01
  2.3519669e-03
  2.2158927e-01
 -4.6317626e-02
 -1.6610919e-01
  9.5671237e-02
  2.4161793e-02
  7.8045456e-03
  2.1244368e-01
 -1.8314505e-02
  1.4024876e-01
 -7.3195070e-02
 -6.4960524e-02
 -7.9824938e-04
  2.4686806e-02
  1.5822388e-02
  1.6179970e-03
 -6.6265173e-02
  1.7047241e-01
  2.1903805e-01
 -8.4685154e-02
  5.5315949e-02
  3.1809542e-02
 -2.9332835e-02
  3.4902364e-02
 -3.6070365e-01
  1.0983831e-01
 -8.8879867e-03
 -5.4185651e-02
 -8.3690370e-03
 -7.2709024e-02
 -2.9600175e-02
 -2.3823161e-02
 -1.8399435e-01
 -1.0898811e-02
 -1.5839696e-02
  6.1905321e-02
 -6.7637498e-03
 -1.1093004e-02
 -9.2621176e-03
 -8.5117809e-02
 -6.4673312e-02
 -6.9399580e-02
 -1.8401116e-02
 -4.0629927e-02
  4.9603987e-02
 -2.1529186e-01
  7.0211053e-02
 -5.8532186e-02
 -2.9813685e-03
  4.0325958e-02
 -7.1895689e-02
 -8.4639929e-02
 -3.4428839e-02
  1.0979677e-01
 -1.5734948e-02
 -8.4535688e-02
 -1.6032219e-02
  5.6542076e-02
  2.3200671e-01
 -3.9467257e-02
  1.1401188e-02
 -1.0387971e-01
 -5.4886617e-02
  5.7204127e-02
 -9.0629056e-02
  4.5572277e-02
  5.0987199e-02
  2.2051521e-03
  2.9877072e-02
  1.7381598e-01
  8.5302450e-02
 -1.8670289e-02
 -3.1929556e-04
 -1.9928092e-02
 -5.9039682e-02
 -1.2198506e-01
 -2.3956052e-03
 -5.3012885e-02
  6.8963535e-02
  8.4656335e-02
 -3.2372296e-01
 -1.2287048e-01
  6.5869868e-02
 -6.2871394e-03
  3.0129529e-03
 -9.5489390e-02
 -1.5385788e-02
  8.1658020e-04
 -1.4521715e-01
 -9.0228900e-02
 -8.2649499e-02
  7.6955147e-03
 -1.0035207e-02
  4.7215555e-02
  1.7481869e-02
 -3.4519786e-03
 -3.9859515e-01
 -3.2918632e-02
  3.3444315e-02
  3.1136560e-01
 -7.5871646e-02
 -2.6195287e-04
 -3.0084487e-02
 -6.0287483e-02
  4.6726707e-02
  1.4450784e-01
 -7.8767076e-02
 -9.4765052e-03
 -7.5558387e-02
  1.4209576e-01
  2.5595602e-01
  1.3161908e-01
 -1.5840617e-01
 -5.4967567e-02
 -6.7093581e-02
  2.7748760e-02
 -4.8520032e-02
 -7.1720272e-02
 -3.0042287e-02
 -3.4184882e-01
  9.9742047e-02
 -4.9274741e-03
  2.4551153e-01
 -8.5519336e-02
 -6.8040192e-02
  9.6430860e-02
  1.9634384e-01
  2.0715106e-01
  1.1245100e-01
  1.3707326e-01
 -4.0097341e-02
  3.6857814e-02
  7.9721488e-02
 -3.4161720e-01
  6.0906786e-02
  1.6878952e-01
  5.3972723e-03
  1.0393190e-01
 -3.0186070e-02
 -3.8097605e-02
 -8.8385902e-02
  2.0843725e-01
  2.2227015e-02
 -5.3120885e-02
  4.5357011e-02
 -1.3767675e-01
  7.7704210e-03
 -2.7254885e-01
 -5.5539977e-02
 -6.8892226e-02
 -4.3836415e-02
 -2.3739645e-01
 -2.0999570e-01
 -7.8026108e-02
 -2.4217451e-02
 -1.3231204e-01
  2.7629474e-01
 -4.1161660e-02
 -1.2567781e-01
 -2.5287658e-02
  6.6245124e-02
  4.2415969e-02
 -1.4591850e-03
 -1.0451319e-01
  1.0747159e-02
 -2.0720761e-02
  9.1737293e-02
  4.5280689e-01
  3.1181550e-01
  4.9080942e-02
  7.8238137e-03
  8.9859977e-02
 -1.2048656e-01
  2.2917492e-02
  8.7929983e-03
  9.5319338e-02
  3.2312132e-02
  1.8736932e-02
  1.0104024e-01
  3.1367657e-01
  1.1538989e-01
  1.6148517e-01
 -2.3604985e-02
 -2.1857409e-01
 -1.6764763e-01
  6.6412287e-03
 -1.8592213e-01
 -1.9945304e-01
  1.2050933e-01
  2.3895535e-03
  4.9782969e-02
  2.2908188e-02
 -5.1563855e-02
 -5.2539378e-02
  1.9254875e-01
  5.7548024e-02
  2.8287683e-02
 -5.6095961e-02
 -1.8904464e-01
 -5.1227077e-03
 -2.8469842e-02
  1.8985521e-02
 -9.0979084e-02
  6.2819429e-02
  9.1691434e-02
 -9.2537977e-02
  6.1078057e-02
  1.4099479e-02
  2.8773049e-01
 -2.6561843e-02
  2.5284296e-02
  3.5073202e-02
 -1.8119098e-01
 -3.2717220e-02
  3.3547323e-02
  1.8284459e-02
  9.4545022e-02
  2.9349420e-02
 -2.3128714e-01
 -8.5245714e-02
  4.9548145e-02
  8.5704781e-02
  5.6799404e-02
 -2.1139474e-01
  1.0066144e-01
 -1.1540339e-01
 -1.5244434e-02
  2.9576046e-02
  1.4082596e-02
 -4.3237701e-02
 -1.1815198e-01
 -1.8207608e-01
 -1.2602548e-01
 -2.0171700e-02
  4.5447564e-03
 -1.0637343e-03
  1.7526385e-01
 -1.6604790e-01
 -6.2049199e-02
  1.1661710e-01
  9.8086689e-03
  1.1536297e-01
  3.3999912e-02
 -1.3543963e-01
  1.0381643e-02
  2.6647073e-01
 -6.5065715e-03
  9.5152166e-03
  3.7470542e-02
 -1.9655786e-02
 -6.6361673e-02
  6.2958673e-02
 -9.1659077e-02
 -1.0019915e-01
 -2.7163747e-01
 -4.8444226e-02
  5.6074582e-02
 -7.9355001e-02
 -1.6442022e-01
  1.3932513e-02
  6.1038572e-02
 -2.0499311e-02
  6.3569948e-02
  6.9205193e-03
 -8.9954972e-02
 -2.9531797e-02
  4.3941487e-02
  2.8107317e-02
  2.2498344e-01
 -2.2305977e-01
  1.3196062e-01
 -4.9275696e-02
  4.1257073e-03
 -5.8976330e-02
  1.5935250e-02
 -7.2881237e-02
  8.2868032e-02
  7.7431845e-03
  1.8866107e-01
 -2.0784391e-01
  1.8115574e-01
  2.9741926e-02
  1.0719495e-01
  4.3150789e-01
  3.5523307e-02
 -2.8906733e-01
  2.0114909e-01
 -1.9090842e-02
  9.9982478e-02
 -1.1879099e-01
 -1.2192500e-02
 -1.1841584e-02
  2.7905686e-02
  3.1623635e-02
  7.4937373e-02
 -9.0363964e-02
  1.6412107e-02
  6.3434569e-03
  1.4734064e-01
  4.6075527e-02
  8.6678125e-02
  2.3458138e-02
 -1.8845012e-02
  5.8636960e-02
 -5.6830138e-02
  5.9960574e-02
 -2.9132377e-02
  7.8367025e-02
 -1.8270783e-02
  1.3687886e-01
 -9.3284510e-02
  1.0253781e-01
  3.4663394e-02
 -1.4252611e-02
 -1.2085455e-02
 -2.1052280e-01
  1.0522144e-02
  5.2569970e-02
  2.1227868e-01
  4.3641973e-01
 -9.8636383e-03
 -5.2854411e-02
  1.3652657e-01
 -1.1487554e-03
 -1.2875196e-01
 -2.6019104e-02
 -2.2182649e-01
 -2.5275061e-02
 -2.5255230e-01
  9.6470769e-04
 -4.4572882e-02
 -9.9759169e-02
  1.6909656e-01
 -2.1804556e-02
 -6.0766291e-02
  3.8937800e-02
 -3.3892147e-02
 -1.4592637e-03
  5.1331319e-02
  1.1701120e-01
  2.5317657e-03
  2.2891661e-02
 -1.5080373e-01
 -8.6554453e-02
  4.4499904e-02
 -4.9508840e-02
  7.3631749e-02
 -2.1722594e-01
 -4.8824523e-02
  1.0076917e-01
 -1.9519055e-01
  6.5689847e-02
  1.6574478e-02
  4.1996166e-02
  5.0333235e-02
 -1.2572795e-01
 -5.0542825e-01
 -3.8797891e-01
  2.0029467e-01
  8.0102950e-02
 -1.6443734e-01
 -1.7667700e-01
 -1.0044532e-01
 -4.4330772e-02
 -1.5537100e-01
  1.4305548e-01
 -6.0443453e-02
 -1.3122806e-01
 -2.6902521e-01
 -5.5288035e-02
 -8.8928461e-02
  1.6705136e-01
  7.8045055e-03
  1.4379711e-01
  1.2116548e-01
  2.5059713e-02
 -7.9138890e-02
 -6.5511391e-02
 -2.1422954e-01
 -7.4564055e-02
  9.5412835e-02
  1.2931478e-01
 -2.5762040e-02
  2.3731452e-01
 -2.5616696e-01
  2.5764158e-01
 -1.5088847e-02
  4.9752198e-02
  9.9285454e-02
 -4.0659480e-02
  7.3752247e-02
  3.2509543e-02
  1.4858554e-01
 -2.7627399e-02
  6.2278338e-02
  4.6961658e-02
 -4.5361608e-02
  5.5576574e-02
  8.2837321e-02
  1.7333562e-02
  3.1804223e-02
 -1.2427150e-01
  4.9690180e-02
 -1.5323646e-01
  4.7615606e-02
  5.7026133e-02
  1.7718214e-01
  1.8438326e-01
 -1.1396369e-02
  8.7661251e-02
  4.5482488e-04
 -2.1519205e-01
 -7.4315824e-02
  3.8096234e-02
  7.6492399e-02
 -3.4598275e-03
  1.8455485e-02
  5.9803024e-02
  1.3506818e-01
  3.7328117e-02
  5.3182828e-01
 -1.4106736e+00
  7.9262459e-01
 -8.3292055e-01
  2.1994436e+00
 -5.7993984e-01
 -6.6988938e-02
  6.1992490e-01
  1.2156427e+00
  2.3595585e-01
 -1.8789713e-01
  9.9817313e-02
 -4.7082904e-01
 -1.2160006e+00
 -2.3269534e+00
  2.1229771e-01
  1.0292875e-01
 -8.4584385e-02
 -9.2919849e-02
  1.1422741e+00
 -3.3783755e+00
 -6.6003811e-01
  1.7306139e-01
 -1.7746595e+00
  2.0640917e+00
 -3.5453457e-01
  3.7089890e-01
  7.9860138e-03
  4.2113129e-02
  8.3022797e-01
  1.3921283e-01
 -9.9814743e-01
 -1.2561595e-01
 -3.7313536e-01
  4.6524891e-01
  1.5956267e+00
  2.0745823e-01
  3.5287309e-01
  8.8262397e-01
  4.4798610e-01
  2.4156050e-01
  1.4595357e+00
 -1.9358252e+00
 -8.9338414e-02
  3.5817382e-01
  1.4577676e-01
  1.6334358e+00
 -2.3098717e+00
 -5.0964549e-02
  9.6468127e-01
  8.0020273e-01
  7.7721661e-01
  3.0420905e-02
  3.2733691e-01
  5.0547183e-01
  1.5201145e+00
  4.8220211e-01
 -1.0569065e+00
 -4.9954021e-01
  1.4502570e-01
 -1.9498743e-01
 -6.3808203e-02
 -4.8754519e-01
  7.3748067e-02
  5.6405731e-02
 -1.8912259e-01
 -5.7940874e-02
  3.7501849e-02
  1.1704651e-02
 -3.9683267e-02
 -1.6186742e-01
 -2.5606796e-01
  7.1118865e-03
  4.1157669e-01
 -3.0203980e-01
 -3.3212001e-03
  1.0351899e-01
 -2.3007178e-01
  1.3078925e-01
  1.3114899e+00
 -1.6777188e-02
  2.3252529e-01
  1.8416810e-01
 -5.6949023e-02
 -1.1943116e-01
 -3.6886927e-01
  1.5416718e-01
  2.7662218e-01
  1.3180795e-01
  1.0159362e-01
 -6.3733590e-01
 -8.0210376e-01
  6.6914576e-01
  4.7404739e-01
 -1.6248637e-01
  4.9839556e-02
  4.3753895e-01
  4.5369852e-01
  2.0517920e-01
 -1.1572246e-01
 -1.1035340e-01
 -1.9093837e-01
 -2.1301915e-01
 -1.9366717e-02
  1.2975848e-01
  7.9347312e-02
  6.8917200e-02
 -5.7802147e-01
  1.2569793e-01
  4.8725542e-01
 -2.2450118e-01
 -9.4458032e-01
 -4.0244436e-01
  4.6619353e-01
 -1.4657812e-01
 -1.3855726e-01
  4.5961246e-02
 -3.4148750e-01
 -2.8963286e-01
  3.9308423e-01
  3.0675977e-01
  5.6773741e-02
 -1.4772433e-01
  6.3161784e-01
  1.6995335e-01
  4.4506264e-01
  1.5770547e-01
  1.9565520e-01
 -1.7588438e-01
 -1.0998189e-01
 -1.0431053e-01
  6.7057961e-04
 -5.9764437e-02
  3.1203362e-01
 -1.5235315e-01
  2.9442635e-01
  1.6852539e-02
  6.8264103e-01
 -6.0478613e-02
 -8.4900193e-02
  1.0663956e-01
  5.6896526e-01
 -1.0916839e-01
  8.4751779e-03
  2.4646747e-01
 -9.3548447e-01
  1.4635231e-01
  1.2460810e-01
 -1.8940950e-02
  5.8739714e-02
  1.7981699e-01
  5.1887054e-02
 -4.8882931e-01
 -2.8268343e-01
  1.6173670e-01
  3.7872362e-01
 -8.1728771e-02
  1.8930800e-01
  3.1877512e-01
  2.6773358e-02
  5.1973403e-01
  1.7111363e-01
  6.5571803e-01
  1.9100170e-01
  5.5627221e-01
  2.7660115e-02
 -5.9323117e-02
 -2.1177344e-01
  1.4585015e-01
  4.4077992e-02
  2.2458798e-01
 -4.1511807e-01
 -7.5298208e-01
  3.0925351e-01
  3.2025555e-01
  1.0827796e+00
 -3.9978217e-02
 -2.9647075e-02
 -1.9151911e-02
  2.5960806e-01
 -6.2581375e-02
 -1.3154587e+00
  1.1477729e+00
 -7.7333713e-01
  6.8198162e-01
  5.4218683e-02
 -2.9873124e-01
 -2.7773952e-01
  8.9076740e-01
 -9.0589814e-02
  5.2176851e-01
 -3.4370369e-01
 -6.7328149e-01
  2.8864864e-01
 -9.4053306e-02
  6.8131244e-01
  4.3516290e-01
 -8.4831858e-01
 -1.0572649e-01
  6.9771603e-02
  1.3545156e+00
 -9.0437853e-01
 -3.9269168e-02
  3.2073202e+00
 -3.1626004e-01
  1.0400037e+00
  1.0163916e-01
  4.9004802e-01
 -1.1523368e+00
  2.3789045e-01
 -2.4512488e-02
 -1.2110590e+00
 -1.9504754e-01
  1.1605942e-01
 -1.2513933e-03
  1.1578903e+00
  3.8219526e-02
  9.6454881e-02
  2.4597287e-02
  4.3821239e-01
  3.7212619e-01
 -8.4549844e-01
 -8.4497578e-02
  9.1457665e-02
 -1.3616344e-01
  6.2070078e-01
  4.2864281e-01
 -5.8637452e-01
 -3.0216098e-01
  1.1316923e+00
 -2.1736391e-01
 -1.0133879e+00
 -1.8947597e-01
 -4.6236698e-02
  3.3576410e-02
  5.3139395e-01
 -4.2598987e-01
 -2.3602928e-01
  2.0717330e-01
  7.7273893e-01
  5.8303124e-01
 -9.0590304e-01
  9.7170681e-01
 -2.3478261e-01
 -7.6465660e-01
  1.3654749e+00
 -2.1931903e-01
 -3.9595520e-01
  3.6955261e-01
  1.0284300e+00
 -8.1995450e-02
 -1.6640042e+00
 -5.5181211e-01
 -9.3178338e-01
  1.3719691e+00
  9.2287743e-01
 -8.6988537e-03
  2.8645040e-02
  1.4128569e+00
 -3.4829885e-02
 -9.0550792e-01
 -9.6178842e-01
 -1.3997546e+00
 -1.2964176e+00
 -8.0173507e-02
  3.4254980e-01
  5.3804088e-01
 -5.2264303e-01
 -8.5169613e-02
  1.5874870e-01
 -2.9524947e-02
  7.3356342e-01
 -7.7698968e-02
 -6.5099329e-01
 -2.4487574e-02
  7.5103594e-03
 -1.6571270e-01
  5.0305802e-01
 -3.4380126e-01
  1.0225088e-02
  1.4845188e-01
  8.7936923e-02
  2.6665440e-01
  3.4916472e-01
 -8.8333979e-02
 -3.3312878e-01
  4.2106211e-01
 -3.7580404e-01
  2.2806762e-02
 -9.1467395e-02
  4.4449821e-01
  1.4611053e-01
 -9.6916765e-02
 -8.0194473e-02
 -7.5721967e-01
  7.0297217e-01
  9.0462631e-01
 -2.7607495e-02
  6.6053234e-02
  2.0269172e-01
 -4.3394160e-02
  3.8219529e-01
 -1.4046551e-01
 -1.9184513e-01
 -1.8607771e-01
  3.7311742e-01
 -5.3476155e-01
 -5.0868362e-01
 -1.1009685e+00
 -3.4460667e-01
 -5.2699592e-02
  2.2396717e-02
 -2.2278021e-01
 -3.6355880e-01
  4.4277769e-01
  5.4317439e-01
 -4.3118513e-01
  7.1739979e-02
 -5.7940774e-02
 -5.9810996e-02
 -1.4457947e-01
  3.2681486e-01
  5.1587301e-01
  4.3188713e-02
 -7.4833292e-01
  1.3048860e-01
  1.3373738e-02
 -2.8445542e-02
 -1.0344329e+00
  4.1829824e-01
  1.1293676e-01
 -5.8042347e-01
 -1.6387923e-01
  3.5698870e-01
  2.6336938e-01
  2.4840412e-01
  5.9016991e-01
  4.6946636e-01
 -5.4161447e-01
  2.6982749e-01
 -1.6579887e-01
  3.4327856e-01
  3.0345908e-01
 -2.1050982e-01
  8.4575154e-02
 -2.6507854e-01
  1.4595422e-01
  4.1352439e-01
 -1.4154588e-01
 -2.7239284e-01
 -3.4543291e-01
 -2.2174647e-01
 -7.9751939e-01
  1.7151582e-01
 -6.0785061e-01
  9.9356490e-01
 -1.2400341e-01
 -6.2311459e-01
  5.8226641e-02
  2.7537245e-01
  7.1250983e-02
 -3.3314714e-01
  7.1118689e-01
  4.4330749e-01
  1.5192747e+00
  6.1212194e-01
  2.2732699e-03
  7.5805831e-01
 -3.2604021e-01
  1.2610175e-01
  5.1466927e-02
 -3.0062601e-02
  5.4268390e-01
  2.9063833e-01
 -3.5895903e-02
 -2.9647839e-01
 -6.7190096e-02
 -1.8195634e-01
  3.5548445e-02
  6.7786419e-01
 -1.2419723e-01
 -1.9969894e-01
 -2.8971168e-01
 -3.8016012e-01
  2.1732748e-01
 -2.3981515e-01
  1.2364989e-01
 -1.1870898e-01
  5.8579504e-01
 -2.8548270e-01
 -8.6152482e-01
  1.3093892e+00
  7.8459263e-02
  9.6449323e-02
 -2.3623760e-01
  7.9727992e-02
  6.3079238e-02
  4.8291004e-01
  4.8083413e-02
 -3.1822816e-01
  5.5889327e-02
  3.2679725e-02
 -7.9584219e-02
 -6.5876460e-01
 -6.4115502e-02
 -7.6385123e-01
  1.3310787e-01
  7.3955369e-01
  4.9470782e-01
  2.7910529e-02
  1.1622788e+00
  1.1922719e-01
 -2.4421442e-01
 -2.0708829e-01
  1.4421402e-02
  3.2742377e-03
  5.9912497e-01
  2.0596236e-01
 -1.0445265e-01
  7.0940308e-02
 -2.1403001e-01
 -9.7705710e-01
  1.2256852e+00
 -1.7608152e-01
  9.1885233e-01
  1.3824197e+00
  1.0938286e-01
 -1.2068142e-02
 -6.4361706e-02
  3.3916900e-01
  1.7176248e-02
  6.6389626e-01
  6.8464667e-01
  3.4265229e-01
  1.2240011e-01
 -5.7075810e-02
 -7.5408590e-01
 -1.3252821e-02
 -3.8106523e-02
  1.2842184e-01
  5.3978974e-01
 -1.2719430e-01
  5.0423139e-01
 -1.7093992e+00
 -2.3864731e-01
  9.5215946e-01
  6.3092060e-02
  9.3868351e-01
  2.1809261e-01
  2.9049948e-01
 -3.2050814e-02
 -2.2522980e-01
 -1.6860725e-01
 -5.8514154e-01
  5.1192951e-01
 -3.0895898e-01
 -4.7558367e-02
  3.7664232e-01
  4.3632191e-01
  3.1555139e-02
  5.3841233e-02
 -1.1229162e+00
  6.6169727e-01
 -1.0572469e+00
  2.9577425e-01
  5.5296397e-01
  1.1636654e-01
 -1.6621928e-01
 -1.1107937e+00
 -4.4398722e-01
  2.7903605e-01
  3.6816698e-01
  2.3479450e-01
  7.8221369e-01
  8.9874607e-01
 -4.6920300e-01
  4.6449858e-01
 -4.2063832e-01
 -1.6434278e-01
 -1.2502030e-01
 -7.2252922e-02
 -9.5634378e-02
 -2.7550387e+00
 -5.7579261e-01
 -3.1230000e-01
  9.3150675e-01
 -1.2830690e+00
  8.0871344e-02
 -5.6713384e-01
 -3.2189000e-01
  9.4860351e-01
 -8.3861472e-03
 -1.3434435e+00
 -4.2193472e-01
 -7.5119555e-01
  8.2315147e-02
 -2.6521501e-01
 -8.8410145e-01
 -3.4216258e-01
 -2.5287738e-01
  1.6836126e+00
 -1.4880642e-01
 -1.6475269e+00
 -1.5077620e+00
 -2.1420238e+00
 -4.0640101e-01
 -1.1799504e-01
 -1.4778924e+00
  6.3940918e-01
 -4.6187183e-01
  1.9185875e-01
  2.5310330e-02
  5.7008803e-01
  9.9343669e-01
  9.4122016e-01
 -8.8435876e-01
  1.0762163e-01
 -1.3192818e-01
 -4.6232805e-01
  4.0215835e-01
  3.1333768e-01
 -3.0045759e-02
 -6.8921544e-02
  5.2036566e-01
  1.7048318e+00
 -2.3171934e-01
 -1.8352444e-01
  5.3476185e-02
  2.4962497e-01
  7.7226579e-01
  2.6482496e-01
  2.9962569e-02
  1.2102088e-01
  5.1845323e-02
  9.0440791e-03
  3.4947023e-01
 -2.1683136e-01
 -3.1383626e-02
 -7.5481376e-03
  2.0373261e-01
 -1.1369277e-01
 -2.3018800e-01
  1.6279392e-01
 -1.6897419e-01
  4.2180353e-01
  9.4009705e-02
  6.6817336e-02
  1.5035622e-03
 -2.5793546e-01
 -3.9438820e-01
  2.0228174e-01
 -4.1841779e-02
  4.8398337e-01
  4.7502887e-01
  2.1882491e-01
 -5.8514524e-01
  1.2541161e-01
  1.1622829e+00
 -9.7359937e-01
 -6.9451594e-01
 -1.4514393e-01
 -8.0753642e-01
  1.1235931e-01
  7.4167468e-02
 -6.8416721e-01
 -2.7598760e-01
  1.2616281e-01
 -8.2348418e-01
 -2.0149574e+00
  7.0254695e-01
 -5.2383715e-01
 -5.2809782e-02
 -1.9762380e-01
  1.3403540e+00
  3.9761576e-01
 -3.5819387e-01
 -3.9936073e-02
 -2.1094240e-01
  7.5331211e-01
 -1.6809861e-01
 -2.4685997e-01
  1.0094230e+00
 -8.5301764e-02
 -3.7441367e-01
 -1.0898057e+00
 -8.6057889e-01
  1.3817343e-01
  3.5169163e-01
 -5.4760247e-02
  6.4075494e-01
  1.0521182e-01
  4.7918704e-01
  1.6610385e-01
 -3.4054691e-01
 -4.8957309e-01
 -4.2440936e-02
  4.5016038e-01
 -2.6299846e-01
 -6.8870790e-02
  2.2092322e-01
 -1.5381429e-01
  4.9581185e-01
  7.4791253e-01
 -7.2972578e-01
  9.0402223e-02
 -1.2153519e+00
 -1.8447533e-01
 -5.1800889e-01
  4.8202537e-02
 -3.6922154e-01
 -4.3929106e-01
 -5.9180063e-01
 -5.1826543e-01
 -1.5094098e-01
  8.8954307e-02
 -1.9899102e-01
 -4.0285954e-01
  8.1481034e-01
 -1.9491990e+00
 -9.2570752e-01
  1.5988196e-01
 -4.3009189e-01
  1.1974205e+00
  1.8669215e+00
 -7.6464063e-01
 -4.3951091e-03
 -1.4180523e-01
 -1.2336342e-01
 -1.9149408e-03
  1.3594227e+00
 -5.0666529e-01
 -1.0174838e+00
 -2.9837024e-01
  2.7084731e-02
 -1.9472151e-01
  1.5853320e+00
 -1.7748827e-01
  1.2965631e+00
 -1.5833219e+00
 -5.8986551e-01
  8.6223441e-01
  5.4297197e-01
  1.8154498e+00
 -7.8052598e-01
 -6.1699510e-01
 -2.7786553e-01
  2.2317724e-01
 -1.6611931e+00
  1.0261145e+00
 -1.1298558e+00
  4.8990798e-01
  8.3090477e-02
 -3.2376947e+00
 -1.6817414e+00
  1.2879710e+00
 -4.5292100e-01
  3.7902820e-01
  9.1732728e-01
  6.6077942e-01
 -1.8841609e+00
  6.3734442e-02
  2.9735887e-01
  3.7020810e-02
  3.2169166e+00
 -3.6613724e-01
 -7.8238197e-02
 -1.3574332e-01
  1.1858546e+00
 -9.1516924e-01
 -1.4127778e+00
  1.7582870e-01
 -6.0774249e-01
 -2.6530188e-01
  8.4284879e-02
  6.6573970e-02
  1.5552801e-01
 -1.0283794e+00
 -1.8244809e+00
  4.2187339e-01
 -2.3312621e+00
  4.9538338e-01
  1.0017099e-01
 -7.6311040e-01
 -3.2423821e-01
 -1.6978009e+00
 -2.6919392e-01
  1.7966905e-01
 -1.9954829e-01
  1.9961965e-01
 -1.3932198e-01
 -3.4970161e-01
 -7.3824283e-03
 -4.5647824e-01
 -1.8322076e-01
  7.4239504e-01
  4.1995746e-01
 -4.8767453e-01
 -2.1005070e-01
 -3.3935703e-02
  2.6232200e-03
  5.1571172e-01
  5.5492300e-01
  7.2940715e-02
 -7.3075660e-02
  2.1115077e-01
  3.7027591e-01
  2.2535028e-01
  1.2523353e-01
 -1.2707089e-01
 -4.4826835e-02
  1.7267130e-02
 -1.1374959e-01
  2.1234292e-01
 -1.3401169e+00
  2.3149085e-01
  6.2102381e-02
 -1.0828378e-01
 -1.4537106e-01
  3.1839454e-01
  1.3948664e-01
  8.2356519e-01
 -7.2863442e-01
 -1.3120443e-01
 -2.3523360e-01
 -3.7354293e-01
 -1.8592821e-01
  4.0510554e-02
 -5.9000707e-01
  1.0940871e-01
  2.8536505e-01
 -9.6820578e-02
 -9.0037119e-03
  4.7002803e-03
 -4.1998606e-03
  5.1905024e-01
  2.6636252e-01
  1.9813742e-01
  9.7962403e-01
  6.4470047e-01
  8.7778136e-02
  1.4851822e-01
 -1.2854205e-01
 -1.0261416e-01
 -3.8773143e-01
  7.5933628e-02
  3.4667888e-01
  8.5744637e-01
  1.0848327e-01
  2.6982737e-01
  3.8647750e-01
  5.4293013e-01
 -8.9045620e-01
 -1.7072298e-01
 -3.7414294e-01
 -5.9816826e-02
  4.4309410e-01
  1.6388458e-01
 -7.9513162e-01
  4.9366948e-01
  1.0445378e-01
  2.6754606e-01
 -2.8883141e-01
 -6.6400474e-01
 -2.4559560e-01
  1.9178426e-01
  2.0595361e-01
 -7.3432928e-01
 -7.7016406e-02
 -1.1018598e+00
 -1.8265438e-01
 -2.4231647e-01
 -7.1462864e-01
  3.0622214e-01
 -8.2367229e-01
 -5.0195855e-01
 -3.7272051e-01
 -3.2345384e-01
  1.1042835e-01
  5.9977138e-01
  9.2521709e-01
  4.6330735e-02
 -7.5645804e-02
 -2.4755789e-01
  3.7579781e-01
  1.7949682e-01
  1.9422923e+00
 -1.1713201e-01
 -3.6294028e-01
  1.0261394e-01
  1.9998688e-01
  7.5693890e-02
  3.7490231e-01
  6.2296946e-02
  1.0463189e-02
 -9.1443187e-01
 -3.5661870e-01
  1.0053231e-01
  5.1619732e-01
 -7.2994232e-01
  2.5179729e-01
  1.4572801e-01
 -3.8579991e-01
  8.9235967e-01
 -5.2239645e-02
  4.4293828e-02
  1.0026555e-01
  2.3170646e-01
  2.0911177e-01
 -4.8736918e-01
  3.6111179e-01
  1.6322051e-01
 -1.4927629e-01
 -2.0199117e-01
 -4.2127791e-01
  1.9016680e-01
  1.2635340e-01
  2.6689112e-01
  2.5297758e-01
 -9.9696308e-02
  3.1264842e-01
 -5.7171054e-02
 -5.8518416e-01
 -2.4301521e-01
  2.5218347e-01
 -1.8226054e-01
 -1.4492197e-01
 -3.7479135e-01
  2.2297257e-01
  3.4131393e-01
 -3.6460492e-01
  1.3559353e-01
 -7.2705597e-01
  2.0714293e-01
  1.6299573e-01
 -1.7988484e-01
  1.6455936e-01
  2.8990367e-01
 -4.2936075e-02
 -1.2871337e-01
  5.1068626e-02
  3.2889429e-02
 -6.9901770e-01
 -2.0168671e-01
 -2.4553911e-01
  6.9193132e-02
 -3.7311134e-01
 -2.6841795e-01
 -1.1054548e-01
 -8.8136517e-02
 -2.8590539e-01
 -1.4255754e-02
 -2.0169407e-02
 -5.5505437e-01
  2.7867973e-01
  4.2324234e-02
 -2.1392415e-01
 -2.0281744e-01
 -1.7342924e-01
  3.4858915e-01
 -2.0347994e-02
 -6.8570241e-02
 -6.7985229e-02
  7.2155800e-04
 -9.7364746e-02
  8.0081627e-02
  1.0605525e-01
  2.1071497e-01
  2.6561013e-01
  9.0537786e-01
 -1.9059907e-01
 -9.3068229e-03
 -5.8233317e-02
 -3.3256438e-01
 -1.8342084e+00
  7.1805859e-01
 -9.0417022e-01
  5.3909475e-01
  2.4270534e-03
  1.0124653e-01
 -6.6596216e-01
  1.1616217e-01
  1.2167902e-01
 -1.8374774e-01
 -1.7079213e-01
  5.8603787e-01
  2.7400607e-01
 -8.4272045e-01
 -7.0391119e-02
  4.9350206e-02
 -2.5389880e-01
  1.1128818e+00
 -1.6972876e-01
  2.5280699e-01
 -4.2838591e-01
  6.7107612e-01
  2.5964083e-02
  1.5081292e-01
  9.9670815e-01
  4.1566747e-01
  2.2701590e-01
  9.3778439e-02
 -4.6677423e-01
  3.5581091e-01
  1.3954283e+00
  1.2046216e+00
 -1.8372303e+00
 -6.2617785e-01
 -6.4649218e-01
 -3.1887972e-01
 -1.9419359e+00
  9.9531963e-02
 -2.3977125e-01
 -8.3527040e-01
 -4.8250589e-01
 -4.3934688e-01
 -3.4725735e-01
  1.9569066e+00
 -2.2235708e+00
  5.1106572e-02
 -1.3590013e+00
 -3.1743088e+00
  8.1712015e-02
  1.2420195e+00
 -1.6618861e+00
 -5.1373053e-01
 -2.5934675e-01
  3.2130489e-01
 -1.1856866e-02
  1.1200567e-01
  1.2255638e+00
  3.1270921e-01
  2.9487395e-01
  2.2602180e-01
 -3.0601281e-01
 -3.9237356e-01
 -1.0505147e+00
  1.9731893e-01
 -6.3974184e-01
  4.5945188e-01
 -4.7142568e-01
 -5.5192757e-01
 -8.4962684e-01
 -1.1433226e+00
 -4.0150547e-01
 -4.3836004e-01
 -6.4732909e-01
 -1.1589515e+00
  3.2809764e-02
 -2.0766823e+00
 -4.4815755e-01
 -1.8470034e-01
 -5.9103899e-02
  1.0446461e+00
 -3.2796013e-01
 -6.5360564e-01
 -4.9095950e-01
 -4.8495096e-01
  9.1068912e-01
 -4.0254536e-01
  5.1353401e-01
  5.6550360e-01
 -7.0354104e-02
  9.4288898e-01
  5.5215472e-01
 -7.8285798e-02
  1.8808421e-01
  7.0557868e-01
  1.3655803e-01
  5.2178741e-01
 -1.6540095e-01
 -1.0678133e+00
 -4.6516487e-01
  6.5661304e-02
  2.0029968e-02
 -4.5948365e-01
 -2.8328925e-01
  4.6927936e-02
  4.4650044e-02
 -1.0088933e-01
 -4.9949188e-02
  6.9893247e-01
 -3.0621299e-01
  4.6630144e-01
 -1.6901483e-01
  9.0932482e-01
  1.0217881e+00
 -1.6724192e-01
  1.3154149e-01
 -2.0151860e-01
 -1.8658254e-01
 -1.3443285e-01
 -7.4966878e-01
  1.7907596e-01
 -7.7251168e-03
 -2.7775967e-01
  1.5264554e-01
 -3.1517889e-02
 -1.1628070e-01
  5.0327871e-02
  5.0068684e-02
  3.6401126e-01
  2.4067950e-03
  8.2241946e-01
  3.5904273e-03
  4.9865270e-01
  1.1990596e-01
 -5.8752593e-02
  4.5150988e-02
  2.0878123e-02
 -1.7668577e-01
 -2.8213075e-01
 -4.9376652e-02
 -1.0660044e-01
 -2.7526123e-02
  4.7368434e-01
 -1.1163747e-01
 -2.1891899e-01
  1.2704797e-01
 -1.5591523e-01
 -6.6946185e-01
 -1.8307611e-01
 -1.3835493e+00
  1.8187402e-01
 -2.5071767e-01
  6.0429913e-01
 -8.2971938e-02
  3.2213084e-02
  2.7863356e-01
 -7.8939158e-01
  1.9591296e-01
 -1.2009854e-01
 -5.6000598e-02
 -4.5972627e-02
 -6.3472809e-03
 -1.7545827e-01
  1.9217204e-01
  7.3170938e-02
 -1.3006772e-01
 -1.2283231e-01
  1.6129126e-01
  4.1471016e-01
 -5.3150213e-01
 -8.0248915e-02
 -1.5149650e-01
  2.9580799e-01
  1.2470636e-01
  1.6143277e-01
 -2.5883654e-02
  2.9376954e-01
  7.4834004e-03
  2.7041802e-01
  3.3145964e-01
 -1.0683215e-01
 -3.7818566e-01
 -2.7694055e-01
  2.2403048e-02
  3.0816340e-01
  4.9511018e-01
 -1.6127457e-01
  1.7068776e-01
 -1.3486844e-02
 -4.1757265e-01
 -1.2431822e+00
 -4.3364812e-02
  1.8528004e+00
  3.6936146e-01
 -9.2022628e-01
 -9.7863607e-02
  6.8017501e-01
  1.1357207e+00
  1.3980807e-01
  5.8053899e-01
 -1.6046504e+00
 -1.2644103e-01
  2.5937307e-01
  1.0614054e-01
 -6.5382588e-01
 -1.6377591e-01
 -1.8934722e-01
  5.3096718e-01
 -2.7607501e-02
 -9.6540976e-01
 -1.7935148e+00
  1.9535267e-01
  3.9438742e-01
  1.3400832e+00
 -4.5569646e-01
  1.3094933e+00
 -1.7018150e+00
  3.0736396e-01
 -9.5383096e-03
  8.3334394e-02
 -4.2568555e-01
  1.4992397e+00
  4.9384654e-01
  1.6348477e-01
  2.4423563e-01
 -1.7486542e-01
  1.5600092e+00
  1.9921144e+00
  3.7959319e-01
 -1.1013644e+00
 -5.8480614e-01
 -1.1003513e+00
 -5.9773099e-01
  6.0639121e-02
  3.0191326e-01
 -1.0155151e+00
  2.7613077e-01
 -6.3984625e-02
  8.6494677e-02
 -1.6435230e+00
  5.2331012e-01
  3.4444618e-01
  9.6554643e-01
  1.2017971e+00
  7.1519685e-01
 -1.1837311e+00
 -7.7006090e-01
  8.6821556e-02
  9.7336704e-01
 -1.3035271e+00
  6.0628456e-01
  1.9107933e+00
  3.7141674e+00
  4.8218369e-01
  7.6525509e-01
 -3.9487004e-01
  1.8356289e-01
 -1.0837920e+00
 -3.6624622e-01
  6.1028957e-01
 -6.6744530e-01
  2.2497931e+00
 -2.8989285e-01
  1.6166508e-01
 -1.3246068e+00
  6.1822301e-01
  1.5501044e+00
 -2.3195758e-01
  8.9725271e-02
 -1.3885553e-03
 -1.5066833e+00
 -8.0385745e-01
 -1.5601569e-02
  1.4519057e-01
  1.4804694e-01
 -2.1665217e-01
  1.0181539e+00
 -1.3034772e+00
 -5.2963459e-01
 -5.1466715e-01
 -2.3485503e-01
 -3.6303970e-01
 -1.8504269e-02
  2.1590863e-01
 -1.2581356e+00
 -8.2112902e-01
  4.6714079e-01
 -2.9817993e-02
  2.0816994e-01
  6.0198307e-01
  8.2587473e-02
  2.3150327e-02
  1.6416156e-01
  7.9928422e-01
 -1.1430787e-01
  1.3404763e+00
 -1.5225051e-01
  5.8310330e-01
  6.1884105e-01
  6.0809559e-01
  3.3675343e-01
 -1.0348858e+00
 -6.6199350e-01
 -1.8416332e+00
 -7.7271163e-02
  1.7039211e-01
 -9.4134665e-01
 -4.8902011e-01
 -1.3401437e+00
  1.6221386e-01
  2.0129709e+00
  2.5810918e-02
  2.3231752e+00
  3.5957534e-02
  1.6367482e+00
  1.9697802e+00
 -2.0548986e-01
  1.3294489e+00
 -7.8397632e-01
  1.9929733e+00
 -9.3612945e-01
 -1.9558719e+00
  2.5337489e+00
 -1.5813574e+00
  9.2680484e-01
 -5.9538668e-01
 -3.4070171e-02
 -1.3823420e-01
  5.8864001e-03
  3.0748776e-01
 -2.5280544e-01
  1.1179747e-01
  5.2203745e-01
  3.4724313e-01
  4.8328304e-01
  8.3029024e-02
 -2.6932073e-01
  1.1792215e+00
 -8.5067209e-03
 -7.7879024e-01
  9.5653510e-01
 -5.1361525e-01
 -4.6849585e-01
  3.1129286e-01
 -2.5627175e-01
 -1.5654230e-01
  3.7849000e-01
  2.2363810e-01
  2.0694360e-01
 -9.3514472e-01
 -2.4481322e-01
 -1.6811869e-01
 -5.4051870e-01
  6.8844515e-01
  2.4288902e-01
  7.0817226e-01
  1.4150408e-02
 -5.6798596e-02
  1.4016309e-01
  2.4062216e-01
  7.1998335e-02
 -8.6700958e-01
  1.3235554e+00
 -1.4440603e+00
  3.4336475e-01
 -1.7920473e+00
  8.0046713e-01
 -3.9252818e-01
 -1.4354948e+00
 -4.2219058e-01
  5.0049853e-01
  1.3816303e-01
  8.7002498e-01
 -1.2912563e+00
 -1.1631641e+00
 -2.3755707e-01
 -1.0138272e-01
  3.3036906e-01
 -1.3145303e+00
 -3.3502039e-02
 -1.0613288e+00
  9.9791443e-01
  9.6817869e-01
 -4.3467242e-02
 -8.6605415e-02
  1.8408355e+00
 -4.2859041e-03
  1.1106272e+00
  1.0406952e-01
  3.8353109e-01
 -1.1281011e+00
 -5.9795487e-01
  9.3948853e-01
 -1.1976647e-01
  8.7463319e-02
 -3.3133402e-02
  4.3223284e-02
  1.2105618e+00
  4.2829400e-01
  9.0237576e-01
 -5.4486763e-01
 -6.7555094e-01
  6.3581288e-01
 -2.5189111e-01
  3.9317319e-01
 -1.7013656e+00
  1.3402262e-01
  8.0783182e-01
 -5.4996914e-01
  1.1127279e+00
 -8.0683810e-01
 -5.9049940e-01
  2.5135067e-01
  7.0737380e-01
  2.1252091e-01
  9.3436718e-01
 -1.8530412e-01
 -9.9751063e-02
  1.2753272e-01
  7.8063086e-02
  2.8191826e-01
 -2.4465856e-01
  4.5560357e-01
 -4.6561252e-02
  6.4937627e-01
  7.5828895e-02
 -2.5418898e-01
 -1.4481279e+00
 -2.7301621e-01
  7.9851139e-01
  1.0210954e+00
  5.8342326e-01
 -4.0003940e-01
 -3.9047889e-02
 -1.0107814e+00
  2.3679505e-01
  1.2379791e-01
  2.0396373e+00
 -9.5645857e-01
 -1.3540137e+00
  7.1513110e-01
  1.0616186e+00
  7.0797729e-01
 -2.4173979e-01
  7.2872317e-01
 -1.1378025e-01
  2.6968744e-01
  4.7956893e-01
 -6.7928028e-01
  3.7467688e-01
  6.4289582e-01
  2.2733143e-02
 -8.0111283e-01
 -2.9166621e-01
  2.3302627e-01
 -7.9455093e-02
  4.6779923e-03
 -3.3979186e-01
  4.6039763e-01
 -2.4488311e-01
 -7.6775408e-01
  7.8106627e-02
  1.0795850e-01
  5.0874263e-02
  3.7209548e-02
 -1.1891028e+00
 -1.9289319e-01
  5.4755744e-02
  4.4489451e-02
  5.4432023e-02
 -1.5390165e-01
  2.0940706e-02
 -2.5054413e-01
 -2.5369281e-01
 -5.8866721e-01
 -1.1948261e-01
  1.7201151e-01
  1.8310068e-02
  4.3690580e-01
 -3.3014476e-01
 -4.5066538e-01
 -1.8449393e-01
 -4.2674743e-02
 -3.3175352e-01
  3.7189728e-01
 -7.2400637e-02
 -1.7166394e-01
 -1.1239288e-01
 -2.3707012e-02
  6.4433321e-02
  7.3975548e-02
 -1.6779502e-01
 -2.9703347e-02
 -4.5119733e-01
  2.2479403e-01
  1.1731690e-01
  1.4296304e+00
 -6.2229705e-01
 -2.5929904e-01
 -1.1855800e-01
  2.6896453e-01
 -7.3614758e-01
  7.2077196e-03
 -4.6110797e-01
  1.6939557e-01
 -5.3449738e-01
  1.0612911e+00
 -9.8032129e-01
 -4.7105545e-01
 -3.9874572e-01
 -3.9948633e-01
 -3.9150223e-01
 -5.1033700e-01
 -6.1505491e-01
  8.7863393e-02
  2.1630797e-01
  2.2916569e-01
 -3.3099306e-01
 -1.0019011e-01
  9.7079560e-02
 -7.2860628e-02
  7.0163049e-02
 -2.4373348e-01
 -2.5628772e-01
  4.5189481e-02
  2.6191402e-02
 -7.2873093e-02
  8.3320893e-02
 -2.7607539e-01
 -2.0194840e-01
  2.7065367e-01
 -8.6299770e-02
  1.5436955e-01
 -2.4254102e-01
 -2.2395733e-01
 -3.2839215e-01
 -4.0498504e-01
  8.3095342e-02
  2.2145228e-01
  1.6237791e-01
 -7.1933910e-02
 -3.0402210e-01
 -1.1486989e+00
 -6.6610348e-01
 -6.5404236e-01
 -2.5608265e-01
  6.6103858e-01
 -4.0111411e-01
  6.3332760e-01
 -2.4188692e-02
  4.8441491e-01
  3.2183211e-02
 -1.1477548e-02
  1.4678514e-01
  5.2971220e-01
 -2.8078958e-01
  8.4479950e-02
 -3.5828644e-01
 -3.4786862e-01
 -4.3701556e-01
 -1.8707894e-01
  2.9796120e-02
  8.4348780e-01
 -8.9622962e-01
  3.1539193e-01
  1.3851188e+00
  2.4369702e-01
  8.3496213e-02
 -2.0755911e-01
  8.0313134e-01
 -6.9826148e-02
 -4.7839171e-01
  4.5469739e-03
  2.5391260e-01
  2.3065431e-02
  1.0008977e-01
  3.0025449e-01
 -5.5414367e-01
  3.2273296e-01
  4.0078005e-01
 -3.3404568e-01
 -3.6090207e-01
  8.0106512e-02
  2.6345268e-01
  1.6822428e-01
  7.0785558e-01
 -1.1926559e-01
  2.8002915e-01
  1.4560568e+00
 -1.0102977e-01
  1.2515277e+00
 -4.3518480e-02
  7.3488854e-02
 -1.4543253e-01
  1.5657539e+00
  5.2226895e-01
 -2.2916049e-01
  3.2852077e-01
 -1.5881840e-02
  2.4254712e-01
  5.7787144e-01
 -1.3128973e+00
  1.2891251e+00
 -8.0460149e-01
  6.7540461e-01
  1.8216953e+00
  5.7104218e-01
 -3.1047532e-01
  2.0829263e-01
 -1.1734200e-01
  2.1806645e+00
 -2.2239359e-01
  4.5709491e+00
  1.0049738e-01
  1.7496535e+00
  1.1840543e+00
  1.2687216e+00
 -6.7701280e-02
  3.1762016e-03
  1.3074667e+00
  1.0473108e+00
 -7.7084148e-01
  7.1274704e-01
 -1.7856705e-01
  1.0963265e-01
 -5.3266384e-02
 -5.5944455e-01
  4.2318320e-01
  3.4075668e-01
 -8.0300057e-01
 -1.4812138e+00
  9.6731859e-01
  2.6063710e-01
 -5.5686843e-01
  7.1594936e-01
  2.2821416e-01
  5.7428915e-02
 -4.2873874e-01
  3.9171931e-01
  3.0266869e-01
  6.3767177e-03
 -8.8597345e-01
  2.2164422e-01
 -1.7959455e-02
  1.1548623e+00
 -1.4591635e+00
 -1.6825736e-01
  4.1494361e-01
 -6.4740235e-01
 -3.5876843e-01
 -3.8517177e-01
 -2.6294975e+00
 -1.7676199e-02
  1.1015201e-01
  2.5472453e-01
 -5.4582810e-01
 -2.5554946e-01
  4.5789728e-01
 -3.0369470e-01
 -4.7809756e-01
  8.6462492e-01
 -6.0318857e-01
 -1.0617799e-01
  6.0017788e-01
  4.0660933e-01
 -9.5479000e-01
 -7.4955177e-01
 -4.4318977e-01
  6.1268878e+00
 -6.9031554e-01
 -1.7370603e+00
 -2.6836923e-01
  8.3352029e-02
 -6.0361125e-02
  2.9630017e-01
  5.5340832e-01
  1.8886495e+00
 -2.1009961e-01
 -3.0639961e-02
  1.9698083e-01
  6.6468634e-02
 -3.2454010e-02
  1.0616674e-01
 -9.0852521e-02
 -1.6602783e-01
 -8.8889498e-01
 -4.0424591e-01
  7.1368480e-01
 -2.2269645e-01
 -2.1358885e-01
 -1.9649240e-01
  7.3903549e-01
 -3.5979789e-01
 -2.5494319e-01
 -3.0821577e-01
 -1.5113972e-01
  3.8597879e-01
 -7.9381979e-01
 -1.0554525e-01
 -3.8712642e-01
 -1.9404198e-01
 -1.9612992e-01
  3.5802826e-02
 -3.5481718e-01
 -9.2713588e-01
  6.5624267e-01
 -2.9362919e-02
  1.9124774e-02
 -1.8582185e-01
 -7.3200867e-02
 -4.0200928e-01
  6.2565714e-02
  2.3608677e-02
  8.5570879e-02
  2.6906553e-01
 -1.9780509e-01
  2.8850418e-01
 -1.7658274e-01
  1.1355545e-01
  6.1604816e-01
 -1.7758112e-01
  3.9864787e-01
  2.0278172e-01
  4.9967654e-03
 -6.2349570e-01
 -7.7071136e-01
 -1.9005316e-01
  1.3802168e-01
 -4.0472636e-01
  1.9998638e+01
 -1.9874823e-01
 -4.7110863e+00
 -2.9236102e+00
  4.8239291e-01
  8.4640151e-01
  4.4871063e+00
  2.6155823e-01
 -1.6763301e-01
 -1.8705590e+00
 -2.2591356e-02
  2.7070871e-01
 -2.9208097e+00
 -4.6485469e-01
  2.6373289e+00
 -9.1140270e-02
 -1.8200922e-01
  1.3618101e+00
 -6.7964435e-01
  5.7822752e-01
 -9.9774021e-01
 -8.6467046e-01
  4.7221476e-01
  3.8770102e-03
 -2.0308959e-01
  2.3707779e-02
  6.2135458e-02
 -2.8542392e+00
 -1.0669709e+00
  2.1359521e-01
  2.8917712e-01
  1.5073534e+00
  2.1321862e+00
 -1.4495947e+00
  7.4937499e-01
 -8.9798009e-01
  3.6445491e+00
  1.9924212e-01
  1.9452387e+00
  6.6977704e-01
  1.0536056e+00
 -1.5556435e-01
  1.5586020e+00
  6.6223316e-02
  4.2786539e-01
  8.9982860e-02
  5.7674134e-01
  3.0575189e-01
 -2.8050268e-01
  2.2446220e+00
  3.5982126e-01
  1.3427575e+00
 -3.5632286e+00
  6.5567076e-01
  1.5289313e+00
 -7.7488206e-02
 -1.3409555e-01
  2.1799803e-02
 -1.3280559e-01
  2.3981048e-01
 -2.3309164e+00
  2.5161690e-01
  4.5801565e-01
 -6.8985122e-01
 -7.6176417e-01
  1.5190952e+00
  8.8365972e-01
  1.2914939e+00
  5.9128588e-01
  3.3305717e-01
 -3.9864394e-01
 -4.5491204e-01
 -1.0005370e+01
  2.6749328e-01
  5.7248998e-01
  5.8672762e-01
  8.9057457e-01
  9.9126443e-02
  3.0828941e-01
 -6.5386409e-01
  1.1393539e+00
  1.4177816e-01
 -1.0191149e-01
  1.6816127e-01
  3.5160615e+00
 -1.2962779e-01
 -1.9622697e-01
 -1.0393929e+00
 -1.2383721e-01
  5.3688610e-01
  7.6587317e-03
  2.2599311e-01
  1.6686018e+00
 -1.0534335e+00
  2.3940793e-01
 -4.2566961e-01
  2.8533256e-01
 -1.1057113e+00
 -2.8532586e-01
  5.6315947e-01
 -3.0355009e-01
 -6.6214755e-02
  5.7500523e-01
 -3.1023687e-01
  3.3942044e-01
  1.0297679e+00
 -3.8488185e-01
 -9.8200339e-01
 -2.0644755e+00
 -2.3923703e-02
 -3.4120034e-02
  1.6463371e-03
  3.1249208e-02
 -2.2087540e-02
  5.8224667e-02
  7.1569182e-02
 -2.5536660e-02
  2.1395683e-01
 -8.0719449e-02
 -1.8234333e-01
 -5.5603188e-02
  3.1516245e-01
 -4.6031658e-02
 -1.6952986e-01
 -4.9107294e-03
 -7.9029851e-02
  1.2659459e-01
 -3.8222782e-02
  2.9917589e-01
  8.4672822e-03
  6.1469253e-02
  7.3833771e-02
 -1.5979286e-01
 -1.6117642e+00
 -1.3385924e-02
 -2.1626715e-01
 -9.5278901e-01
 -7.0077407e-01
 -1.9909203e-01
  1.0195651e+00
 -2.2222380e-01
  2.4941945e+00
 -3.1130627e-01
  1.8918793e-01
 -1.6459638e+00
 -2.5689316e+00
  2.0595620e+00
 -4.8238259e-02
 -2.9214844e-01
  1.0396496e+00
  4.0511459e-01
 -2.4531126e-02
 -6.4901394e-01
  7.7384299e-01
  1.2919023e+00
 -1.2488037e+00
  1.7814988e+00
  5.4230297e-01
  5.8040950e-02
  1.3642682e-01
  2.4917810e-01
 -1.2653814e-01
 -3.0614572e-02
 -2.2106618e-01
 -9.4952792e-02
 -1.7274276e+00
  9.9218301e-03
 -2.0672782e-01
 -8.9262314e-02
 -5.1904994e-01
 -2.9509693e-01
  3.4942027e-02
  2.5294614e-01
  5.3152066e-02
  1.6121504e-01
 -8.2366571e-02
 -1.3999203e-02
  8.9085311e-01
 -3.2443427e-02
 -6.4137846e-01
  3.0158911e+00
 -9.1554739e-02
 -9.3939230e-02
  1.2300651e+00
 -2.1636701e+00
  5.7867527e-01
  3.4115326e-01
 -4.5735401e-01
  3.8874048e-01
  1.2154511e+00
 -7.6266694e-01
  2.0281635e-01
  3.4760535e+00
  3.8905561e-01
  2.1899340e-01
 -1.8426919e-01
 -4.6998784e-01
 -1.4000243e-01
  6.2107009e-01
 -2.8972182e-01
  2.8776094e-01
  4.0818579e-02
 -3.1072146e-01
  3.4437829e-01
 -6.6315475e+00
 -7.3748690e-01
 -6.3753009e-01
 -7.9192519e-01
 -4.1629991e-01
 -1.6285925e-01
  9.1611981e-01
  7.7185452e-02
 -1.3345721e-01
  8.4175664e-01
  5.3333964e-02
  1.5240831e-02
 -4.7409825e+00
  1.0057513e+00
 -1.5486867e-02
 -3.7687215e-01
  3.0538583e-01
 -3.2800967e-01
  1.9274134e-02
 -6.7002773e-01
 -5.2780157e-01
 -9.2145342e-01
  1.3268217e-02
  5.0264180e-01
 -9.5775014e-01
 -1.0515934e-02
 -1.3787928e-01
 -3.2962015e-01
  8.5535121e-01
 -5.9085453e-01
 -3.1725004e-01
 -4.9037492e-01
  5.5874902e-01
 -3.3874023e-01
  1.2612158e-01
 -1.8784469e-01
 -2.3733543e-01
  4.5651782e-01
  4.1017503e-01
 -8.1181072e-02
 -2.8269979e-01
 -9.5941380e-02
  1.0686564e-01
 -5.7505244e-01
  9.5424294e-01
  2.4344263e+00
 -6.6660476e-01
  7.0182249e-02
  5.8829218e-01
 -5.4027110e-02
 -2.8145000e-01
  4.3984964e-02
  9.4154421e-03
 -7.0839323e-02
  1.9903531e-02
 -1.9493645e-01
  7.7495645e-03
 -1.2507623e-01
 -2.5068674e-02
  9.0235226e-02
 -4.1388635e-02
 -3.4549445e-02
  7.9906784e-02
  6.8641625e-02
  1.8014890e-01
 -2.7414896e-02
 -1.0597099e-01
 -2.2449613e-02
  1.0481942e-01
 -1.1784791e-03
  1.6166911e-01
 -8.6839637e-03
  3.7704010e-02
 -1.2966461e-01
  6.6809046e-01
 -2.1207780e-02
  7.5038835e-02
 -4.8431537e-01
  9.1138685e-01
 -2.3017177e-02
  1.1300014e+00
 -1.1176930e-01
 -1.0145822e-01
 -2.9624838e-01
  3.2021344e-01
  2.3480237e+00
 -6.1420596e-01
  1.7838112e+00
  4.0686807e-01
  1.6593770e+00
  1.7505304e+00
 -5.0708002e-01
 -3.1236234e-01
 -7.7624345e-01
  4.7692191e-02
  2.1452530e-01
  2.5996647e+00
  1.2120701e-01
 -6.4902776e-01
  1.3504635e+00
 -1.1061925e-02
 -1.8621910e-01
 -4.2414036e-01
 -3.9321769e-02
 -3.0980793e-01
  3.1838295e-01
  3.4089100e-01
 -2.6236629e-02
  2.2718325e-01
  1.5947555e+00
 -2.7370933e-01
  4.4682333e-01
  5.6933933e-01
  1.4755659e+00
  7.6936781e-01
  1.0991065e-01
 -1.9264005e-01
 -4.2160153e-02
  6.0713567e-02
  1.7229873e-01
 -1.4179102e+00
 -5.4205269e-01
  1.3748433e-01
  2.4634409e-01
  2.5617843e+00
  1.4944972e-01
 -1.4101522e-01
 -1.2992713e+00
 -4.5254880e-01
 -1.6920778e-01
  2.7039805e-01
  3.4514166e-02
  3.8703332e+00
 -3.6362391e-02
  2.8539598e+00
  3.1152208e+00
  2.9156435e+00
  5.2407175e-01
 -1.9141418e-01
  2.5950339e-02
  1.8177703e-01
  1.4117613e+00
  4.1816509e-01
  6.3660473e-01
  3.8647442e+00
 -7.3564869e-01
  3.4722006e-01
 -1.7146160e-01
 -1.2130667e-01
 -8.8477182e-01
  4.1245663e-01
  5.6277412e-01
  5.6188697e-01
  8.7036502e-01
  2.8924608e-01
  4.2212513e-01
 -7.3046422e-01
  7.5503126e-02
  8.5892752e-02
  5.9577972e-01
  1.3929238e+00
  1.0362623e-01
 -3.8688570e-02
 -9.6130639e-01
  2.7141160e-01
 -3.5771930e-01
 -6.3013697e-01
 -1.4485280e-01
  5.5069220e-01
  5.9866619e-01
  7.4528223e-01
  1.3422638e+00
  1.2278361e+00
  3.7657025e-01
 -1.9103791e-01
 -6.4256817e-02
  4.3522091e+00
 -3.5666549e-01
 -9.2131233e-01
 -2.1341125e-02
  6.7356696e+00
  4.8734015e-01
  1.2910120e+00
 -5.6516951e-01
 -5.2372843e-01
 -1.4126651e-01
 -3.2935661e-01
 -5.7656509e-01
 -1.8630640e-01
  9.0649390e-01
 -7.6117575e-01
 -6.8011312e-03
 -9.2559701e-01
  5.3803440e-02
 -2.6775917e-01
 -3.5266499e-03
 -2.2015702e-02
  2.6970662e-02
  2.2539826e-02
 -4.1005287e-02
  3.2752571e-03
  1.4129488e-01
  1.4120908e-01
 -3.2683891e-01
  1.4379698e-01
 -1.0693128e-01
 -2.5343531e-01
 -1.2692453e-01
  9.8720886e-02
 -1.5929896e-02
  7.9291001e-02
 -9.8529801e-02
  7.9833008e-02
 -4.0330604e-02
  8.5673437e-02
  1.6716552e-01
 -7.1288664e-03
 -1.0529835e-02
  1.6127968e+00
 -4.6533895e-01
 -1.2699332e-02
 -3.9716205e-01
 -6.6108859e-01
  3.2895887e-01
 -4.4266948e-01
 -5.5589557e-02
 -2.3486021e-01
 -3.8477668e-01
 -3.5647780e-02
  1.6052153e+00
  1.0966132e+00
 -1.0323623e+00
  2.5468686e-01
  8.3740020e-01
  8.8001519e-02
  6.9431198e-01
 -3.1065056e-01
  1.3889705e-01
  1.9177903e-01
 -5.6505996e-01
  4.1179848e+00
 -2.0430000e-02
 -2.1650217e-01
 -9.4542879e-01
 -1.6614403e-01
  9.8022811e-02
 -5.4322439e-01
 -7.0614465e-02
 -7.0865899e-01
 -9.7180140e-01
 -2.6190528e-01
  4.3907475e-02
  5.5420146e+00
 -9.1023624e-01
  2.7701804e-01
  1.4209890e+00
  9.9330324e-01
 -1.2320085e+00
  1.3178249e-01
  2.1125875e-01
 -1.9069372e-02
  4.9899194e-01
  7.0275539e-01
  1.3849621e-01
 -1.4311852e-01
  1.6149051e-01
 -5.9528357e-01
  2.8894997e-01
  6.9447839e-01
  8.8373739e-01
  8.4612381e-01
 -3.2086477e-02
  2.6849735e+00
  8.9595753e-01
  4.3164694e-01
 -4.1798094e-01
  1.0006841e+00
 -1.8135605e+00
  8.3073908e-01
 -2.7981222e+00
  2.4084730e+00
 -1.0587612e-01
  3.2756191e-01
  2.9428055e+00
  1.0121175e+00
 -2.5383073e-01
 -5.1304078e-01
 -3.5091847e-01
  2.4583008e+00
  6.9461405e-01
  8.6431557e-01
 -8.8351548e-01
 -2.7867550e-01
 -1.6055239e+00
 -1.1995761e+00
  5.9061911e-02
  4.6025512e-01
  2.9877036e+00
 -5.7476360e-01
 -9.5777236e-02
 -2.7310524e+00
 -1.6491121e-01
  3.7197892e-02
 -8.0732122e-02
  9.7008854e-01
 -3.5117496e-02
  1.5734245e+00
  1.6356708e+00
  9.8333187e-02
 -1.6052197e-01
  2.1107119e-02
  1.9677499e-01
 -1.5569133e+00
  7.7850837e-01
 -5.5132902e-01
 -4.2866476e-02
 -3.9698733e-03
  9.1813284e-01
  4.7772592e-01
  4.0546921e-01
 -3.3868237e+00
  2.4801484e-01
 -1.3778019e-01
  3.5047165e-01
  4.0003209e+00
 -1.1726748e-01
 -5.3593379e-01
 -9.5333979e-03
  3.3553913e+00
 -3.6159578e-01
 -1.2444786e-01
 -2.6969305e-01
 -6.0708672e-01
 -2.0965335e+00
 -3.7329948e-01
 -7.7617846e-02
 -2.7602212e+00
  1.2616977e-01
  1.6011354e-02
 -1.9513961e-02
  1.8707919e-01
 -1.3100854e-01
 -1.3563232e-01
  2.5522575e-01
  8.2585983e-02
 -1.1920062e-01
 -1.0893501e-01
 -3.0954488e-02
 -2.0869039e-03
  3.7824607e-01
 -7.6591872e-02
  1.0030621e-01
 -4.2378115e-03
  2.5569191e-02
  1.3433377e-01
 -4.1768208e-02
  2.1609355e-02
  3.6844648e-02
 -8.0876939e-02
  8.3877286e-03
 -7.1498878e-02
 -7.1461082e-02
 -6.1537570e-01
 -1.1724989e+00
 -4.7015402e-01
  6.8087494e-01
 -2.9877162e-01
  5.7208937e-01
  8.3702840e-02
 -2.5837004e-01
 -1.3852836e-01
 -2.5547114e-01
 -1.2458951e+00
  3.3483827e+00
  2.5949996e-02
 -6.9563687e-02
 -1.6917534e-01
 -4.6838087e-01
 -1.6622428e+00
 -1.1609510e+00
 -7.1494049e-01
 -1.3303111e+00
 -7.6075953e-01
 -5.4272562e-01
  6.1299723e-01
 -4.4420668e-01
 -3.9759371e-01
 -2.0796942e-02
  9.0457785e-01
  5.7044464e-01
 -6.4091372e-01
 -7.2239679e-01
  5.8525875e-02
  4.7490289e-03
 -1.2148187e-01
  4.0698904e-01
  9.3912023e-01
 -1.0513290e-01
 -6.2391847e-01
  1.8165757e-01
  7.0898086e-02
 -7.4511264e-03
  4.4321705e-02
 -9.1046435e-01
  3.5433099e-01
  6.3861042e-01
  4.8996085e-01
  2.7470931e-01
  2.2099936e-01
  1.7244914e-01
  2.1975530e-02
  3.4965345e-01
 -3.9672235e-01
 -5.3242260e-01
  7.3725355e-01
 -5.7819027e-02
  1.8948653e-01
 -1.1706480e+00
  9.9325669e-01
 -7.6556869e-02
  7.2709185e-01
  3.5737875e-01
 -2.4363503e+00
 -7.5462222e-02
  3.5921896e-01
 -7.9615909e-01
 -9.2733848e-01
 -5.4177400e-02
 -7.3880213e-01
 -1.1864855e+00
 -4.3651167e-01
  7.4427414e-01
  7.0226369e+00
 -5.9041780e-01
 -6.7592716e-01
 -2.9884344e-01
 -9.6538758e-01
 -4.7364640e-01
  3.9059418e-01
 -2.2259878e-01
  3.4481549e-01
  6.0038167e-01
  4.9921162e-03
  3.8405371e-01
 -2.5746415e+00
  1.2744623e+00
 -1.8500966e-01
 -6.1186098e-02
 -7.8442365e-01
  2.5343385e-01
 -1.1274160e+00
 -5.5150115e-01
 -4.2377955e-01
  2.3959877e-01
 -5.0464481e-01
  7.3452485e-01
 -3.3761289e-02
  2.4002208e-01
 -5.9458977e-01
 -9.7271550e-01
  5.6261718e-03
 -2.4359603e+00
 -1.5110217e+00
  2.0950802e-01
 -5.1485080e-01
 -2.4790902e+00
  8.9796048e-01
 -5.3050697e-01
 -9.5263326e-01
 -2.8392172e-01
 -1.6664180e+00
  3.4035775e-01
 -2.9694733e-01
 -3.0462372e-01
  2.4223861e-01
 -4.1540682e-01
 -1.4631973e-01
  1.4831781e-01
  4.1362882e-01
 -1.4333925e+00
 -8.6486596e-01
 -2.2733895e-02
  2.9608437e-01
 -1.1316407e-02
 -2.4485413e-02
  6.5728031e-02
 -1.3605350e-02
 -1.5191010e-02
 -1.8781516e-01
 -5.3385608e-02
 -2.9398764e-03
 -6.5639943e-02
 -2.0493007e-01
  8.3257787e-02
  1.1667388e-02
  2.2439402e-02
 -3.4799105e-03
 -1.8097013e-01
  6.9259942e-02
  1.0176831e-01
  3.3416158e-01
  2.4365817e-01
 -7.3493622e-02
  3.7173229e-01
 -6.8620391e-02
  1.8053262e+00
  2.5571330e-02
  3.3120853e-01
 -2.7149066e-01
  6.7111725e-01
  4.8562279e-01
  3.2173181e-01
 -8.6221397e-01
  8.3096996e-02
 -2.5098620e-02
 -8.3814591e-02
  8.7978166e-01
  2.8651330e+00
 -1.4690679e-01
  6.7182317e-02
 -2.0528570e-01
  1.4356413e-01
 -3.4578538e+00
  1.8936668e-01
 -7.3160124e-01
 -6.5307772e-01
 -3.0704629e-01
  3.7731815e-02
  1.2716889e-01
  3.8580698e-01
  9.6668161e-02
 -1.7471965e-01
  8.6763827e-03
  3.1252673e-01
 -8.3264303e-01
 -7.3408410e-02
 -1.1261299e-01
 -1.0154291e-01
 -1.6332977e-02
  2.2227427e-02
  3.5993785e-01
 -2.9589394e-02
  2.8691763e-01
  9.0231574e-01
  3.4926564e-01
  1.3189988e+00
  9.9640888e-01
  1.2337486e+00
 -2.3613136e-01
  6.5956748e-01
 -7.8179471e-02
 -2.0169587e-01
  3.3791602e+00
  1.8195260e-01
  2.9487014e-01
  4.2833826e-01
  3.2415110e-01
  1.0949475e+00
 -1.0621082e+00
  7.5803590e-01
 -4.1452816e-01
  1.0652160e-02
  1.5552565e-01
  3.0607533e-01
  7.6871085e-01
  1.4326751e+00
 -2.1802549e-01
  9.2790562e-01
  8.2648820e-01
  1.5298990e+00
  1.2795706e+00
  3.1718254e-01
  2.1238212e-01
  2.5321970e+00
  7.4968822e-03
 -2.8749260e-01
 -1.4353529e+00
 -8.2211182e-02
  3.8092336e-01
 -2.5294620e-01
 -1.0839684e+00
 -1.3935223e-02
  1.1989480e+00
  1.0774958e+00
  8.7562400e-01
  5.8700693e-01
 -2.9083025e-02
  4.5662844e-01
 -1.0767705e-01
  1.5779644e-01
 -1.0966821e-01
  1.7034501e-01
 -4.7782762e-03
 -2.0982568e-01
  1.5816008e-01
  1.7064375e+00
  1.0159898e+00
 -5.6980276e-01
  1.6365393e-01
 -1.3244493e-01
  4.6171984e-01
 -1.8387255e-01
 -9.5312327e-01
  7.0704460e-01
  5.4758805e-01
  3.3665806e-01
  1.4125344e-02
 -1.6013381e-01
  1.6486794e+00
  1.2990905e-01
  2.0374629e-01
  5.2281106e-01
  2.2944417e+00
 -1.5846929e-01
  1.5275671e-01
 -5.3238261e-01
 -1.7789929e+00
  3.6112806e-01
 -4.1669455e-01
 -3.9210445e-01
 -3.2360420e-01
  2.8038073e-01
 -9.1833077e-02
  8.8733537e-03
 -2.4270959e-01
 -1.7540795e-01
 -1.8314477e-02
  1.2392741e-01
 -1.6050905e-02
  3.4505721e-02
 -1.4938986e-01
 -1.9715792e-01
  4.5323698e-03
 -1.0367124e-01
 -1.5596205e-03
 -8.8310152e-02
 -1.3573101e-01
  2.5895807e-01
  1.7267634e-01
 -7.2656780e-02
 -1.2307131e-01
 -3.1239316e-02
 -1.2490512e-01
 -5.1901363e-02
 -6.1424125e-02
 -3.8717065e-02
  1.1444637e-02
 -1.9561806e-01
 -3.7136178e-02
  8.6137199e-01
 -4.8732333e-02
 -8.2675314e-01
  8.4839761e-01
 -2.9857335e+00
  1.0889556e+00
  4.5967767e-01
  4.1855064e-01
  5.3965378e-01
  1.6907997e-02
  1.5579262e-01
 -1.5871112e+00
 -1.4152943e+00
 -6.9682711e-01
  2.5426409e-01
 -6.7249405e-01
  5.3421414e-01
 -3.2917569e+00
 -3.0201438e-01
  2.0780905e-01
  4.3210879e-01
  5.1360372e-02
  9.8007493e-02
 -8.4944105e-01
  4.1255012e-01
 -5.2348793e-01
  1.0631044e+00
  4.8022389e-02
 -5.6659333e-02
  7.9116827e-01
 -1.2217588e-01
  8.4904037e-02
 -2.1202736e-01
 -5.6665078e-02
  2.2875690e-01
  2.9897873e+00
  1.5537235e-01
  1.0899072e+00
  9.9887687e-01
  1.4631196e+00
 -3.7488103e-01
 -1.7662501e-02
 -1.1081966e+00
  3.7610483e-01
  7.2243631e-01
  3.5168594e-01
 -3.6641911e-01
 -1.6388040e+00
  3.0904266e-01
 -1.9545394e-01
  4.9944785e-01
  1.8622241e+00
 -3.9068726e-03
 -2.4760952e-02
  6.9823164e-01
  3.2674402e-02
 -1.4820873e+00
  9.9597843e-03
 -2.9171497e-01
  6.5475798e-01
  8.2273436e-01
  1.4364938e+00
  1.6571503e+00
 -5.2210015e-01
  3.7537773e+00
 -7.0062917e-01
 -6.2042969e-01
 -1.0428004e+00
  4.4594988e-01
 -4.4674090e-01
 -7.2408694e-01
  4.2502236e+00
 -1.2566613e-01
 -2.1107392e-01
 -1.7105894e-01
 -8.2044441e-01
 -6.6777903e-01
 -5.3096479e-01
  1.0016096e+00
 -1.5090182e-01
  4.8451555e-01
 -1.1278849e-01
 -7.0111668e-01
  4.6711266e-02
 -6.4087200e-01
  6.5658915e-01
  4.7283399e-01
  1.2149191e+00
  7.2831120e-03
  9.7783935e-01
  4.8619616e-01
  1.0415869e+00
  6.3544792e-01
  3.8918823e-01
 -1.4768541e-01
  3.0650587e+00
  3.7286764e-01
  9.2327923e-02
 -3.0389917e-01
 -8.2963645e-01
 -3.5099246e-02
  1.9371552e+00
 -2.2862794e-01
  1.2369848e+00
  2.4982542e-01
  1.8115271e+00
  6.5132566e-03
  5.7235436e+00
 -1.0616948e-01
 -1.1006022e-01
 -4.2333913e-01
 -1.1430088e+00
 -1.0861814e+00
 -1.0702736e+00
 -6.7767209e-01
 -1.4562339e-01
 -1.2746278e+00
  5.3084928e-01
 -1.8722735e-02
 -8.3117396e-01
  6.8470068e-02
 -3.3586767e-02
 -2.7908352e-01
  2.8162992e-01
 -2.5306156e-01
 -2.4682116e-02
  1.1264938e-01
 -4.6065085e-02
 -6.8467550e-02
  7.9615088e-03
 -1.1616554e-01
 -1.3956677e-02
 -1.1612213e-01
  7.4025355e-02
 -1.3927728e-01
  1.6418811e-02
  4.6888541e-02
  1.3421535e-01
 -1.6958207e-01
  1.4266488e-01
  3.2823753e-02
 -7.1599379e-02
  4.4736482e-02
  1.4677937e-01
 -1.1058102e-01
  3.0741441e-01
 -2.0003639e-01
  2.7125642e-01
  6.0473520e-02
 -3.2170916e-01
 -3.5297564e-01
 -2.4667756e-01
  5.5409235e-01
  3.7096193e-01
 -4.8722228e-01
 -4.4048452e+00
 -2.5911484e+00
 -1.3390660e+00
  9.3602884e-01
 -5.1144439e-01
 -7.0992416e-01
  1.0434923e+00
 -3.4157142e-02
  2.5946462e-01
  1.9834758e+00
  1.7464298e-01
  1.4317036e-01
 -1.2733519e-01
  6.8320245e-01
 -7.6609159e-01
 -2.4690247e-01
 -5.3248030e-01
  9.4932812e-01
 -9.4132638e-01
 -1.3097271e+00
 -1.7701027e+00
 -1.3162592e-01
 -8.6175971e-02
 -5.0103001e-02
  3.8068202e+00
  3.4350404e-01
 -3.6746627e-01
 -2.8979090e-01
  1.3923201e-01
 -4.3204352e-01
  8.2615364e-01
  1.6581771e+00
  4.2788792e-01
  1.1574041e+00
 -6.3499343e-01
  5.4690564e-01
 -7.9199176e+00
 -2.0300066e-01
 -7.9846632e-01
  3.4423926e-01
 -5.4350966e-01
 -1.4143423e+00
  1.0378284e-01
 -1.4127369e+00
  4.0822875e-01
 -6.4523464e-01
  5.4914631e-02
 -3.8568568e-01
 -9.8074323e-01
  5.8053768e-01
  7.3233169e-01
 -1.4710259e+00
  2.5194976e+00
 -3.1271329e+00
  7.3267257e-01
  4.2967442e-02
  9.9879074e-01
 -2.2198734e-01
 -9.4060487e-01
  1.2896834e-01
 -4.7470756e+00
 -8.4466141e-01
  1.9259261e-03
 -3.7975243e-01
 -3.0055198e-01
 -1.0807371e+00
 -1.5880524e+00
  6.8181276e-01
  6.1389450e-02
 -1.0545864e+00
  4.2742515e-01
  2.3848347e-02
  4.3942675e-01
 -5.1510793e-01
 -7.0273376e-01
 -1.1158185e-01
  1.8948340e-01
  5.0448579e-01
  1.4916642e+00
 -1.0509921e-01
  1.1197465e-01
  1.8092309e-01
  2.8826317e-01
  5.4644281e-01
 -3.7587504e+00
  7.9037644e-02
 -3.4551945e-01
 -2.1595871e-01
 -1.5791917e+00
  1.4354988e+00
 -2.9008416e-02
 -2.4332242e+00
  2.4852731e+00
 -7.2761542e-01
  3.6985695e-01
  1.6042093e+00
  5.9302516e+00
  5.5199839e-02
 -4.7999796e-01
 -6.0686028e-01
 -4.6968091e-01
 -1.1005036e+00
 -7.7877873e-01
  8.1861770e-01
  3.9878199e-01
 -1.1537401e-01
 -1.6492587e-01
 -1.7454933e-01
 -1.2110680e+00
 -1.9968824e-02
 -9.2542194e-02
  6.3439101e-02
 -5.4363877e-02
  5.6791849e-02
 -2.3853976e-02
  7.5502969e-02
  1.9986840e-01
 -1.7751422e-02
 -1.1465183e-01
 -2.0724624e-02
  7.5524725e-04
  4.4843864e-02
 -2.7321966e-02
 -4.1856997e-02
 -7.2698079e-02
  1.7795022e-01
  2.1350903e-02
 -4.4491664e-02
 -2.0261208e-02
 -9.4391108e-02
  3.7161452e-01
 -9.0272561e-02
  7.1526337e-03
 -7.6787663e-01
  3.8351935e-01
 -2.0399231e-01
 -3.0035660e-01
  1.2778894e+00
 -1.5854187e+00
  5.8624715e-01
 -6.1944252e-01
  1.2673837e-01
  1.0960265e-01
 -3.0691260e-02
  1.0690291e+00
 -9.2513490e-01
 -3.7864950e-01
  2.2958267e+00
  7.5535893e-01
  2.1423156e+00
  3.6743179e-01
 -1.1209213e-01
  3.1415513e-01
 -1.2004445e+00
  9.2174304e-01
 -5.3987134e-02
  2.5563776e+00
  8.8579869e-01
  8.0932146e-01
 -6.7300671e-01
 -7.4754286e-01
 -6.6446945e-02
 -6.2438452e-01
 -8.2023036e-01
  4.8086902e-01
  7.4577332e-02
  5.6123042e-01
 -7.3939197e-02
  6.5920615e-01
  5.3688878e-01
  2.8161836e-01
  1.7797049e+00
  1.4047775e+00
  2.1625862e-01
 -1.1608531e-01
  1.1806426e+00
 -2.4843013e-01
 -2.9409033e-01
  2.9850993e-01
 -5.4401129e-01
 -2.2265320e+00
 -5.6776410e-01
  1.3931651e+00
  2.2317094e-01
  1.4400786e+00
  4.8159638e-01
  1.5777948e+00
  9.9261349e-01
  1.7304738e+00
  8.4380549e-01
  3.3484736e-01
 -2.3782283e-01
  4.9025397e+00
  1.9449373e+00
  2.3797851e+00
  5.0388727e+00
  3.0886441e-01
  1.8358723e+00
  2.0756800e+00
  5.7865697e-01
 -9.6511975e-02
  1.1252651e+00
  4.1286463e-01
  1.5018260e-01
  8.4948784e-01
 -1.9019261e-01
 -1.0353545e+00
 -1.0938618e+00
 -5.1382035e-02
 -3.4926817e-01
 -1.6065500e+00
 -3.1230527e-01
 -4.0617272e-01
 -1.3023733e-01
 -2.7907377e-01
  7.8501023e-02
 -1.2849135e+00
 -9.3387216e-01
  2.1345122e-01
 -1.9112724e-01
 -2.2363570e-01
  2.0227981e-01
 -1.0030311e+00
 -6.1006373e-01
 -3.4913978e-01
 -2.3469168e-01
 -3.2716027e-01
  3.9085147e-01
 -1.2903508e+00
  1.6320655e-01
 -3.1962991e-01
  1.6838052e+00
 -7.8369439e-01
 -8.7484384e-01
 -7.6217008e-01
 -2.5274280e-01
  1.0701715e+00
 -1.8906757e-01
  6.7653185e-01
 -9.8637424e-02
 -7.8019820e-02
 -8.5689580e-01
  2.3577042e-01
  9.9713641e-01
  7.9284005e-02
 -5.2325064e-01
  2.8558883e-01
  2.3029964e+00
  2.6944932e-02
  5.6101745e-01
  2.1077752e-02
  9.4819561e-02
  2.3145812e+00
  1.3640514e-01
  4.1249167e-02
 -4.1082308e-02
 -1.2358132e-01
 -4.6924114e-02
 -3.3787351e-02
 -1.0665817e-01
 -9.3922161e-02
  8.6222380e-02
 -1.8958241e-01
  1.7784250e-01
 -5.0811857e-01
  4.0072734e-03
 -2.3968667e-01
 -1.4106169e-01
  3.0710760e-01
  5.2054692e-03
  5.5359565e-02
 -1.7119414e-01
 -6.2639363e-02
  6.2506303e-02
  4.2663198e-02
  1.7042318e-01
  4.5439668e-02
  8.3886635e-01
  4.3927047e-01
 -8.5522406e-02
  2.3570612e-01
 -1.5929906e-01
  2.3208423e+00
  5.3250945e-01
  2.5140703e-01
  2.0206049e-02
 -2.7211428e-01
 -4.2259631e-01
 -1.8419919e+00
 -2.7437613e+00
  4.2280569e+00
 -1.0939170e-01
 -4.6652266e-01
 -3.1503513e-02
  3.6227736e+00
 -7.7169985e-02
 -8.5910660e-01
 -1.6397268e+00
  1.0394588e+00
 -4.8660863e-02
 -2.3992743e+00
  4.3509987e-01
  4.3027589e-01
  6.9742525e-01
  5.2781768e-02
  1.4980582e+00
 -4.0764287e-02
  1.3848999e-01
 -5.2168459e-01
 -8.0165960e-02
  6.8027204e-01
  9.6358433e-02
  9.4151431e-01
 -5.5128062e-01
 -6.3623512e-01
 -6.3633311e-01
  2.5638235e-01
 -1.0856181e-01
  6.7451589e-02
 -6.0562749e-04
  3.4138173e-01
 -1.1674716e-01
 -9.6522681e-02
  4.3575859e-01
  1.9472978e+00
 -3.3804342e-01
  7.7472806e-02
 -3.8594228e-01
  6.5716535e-01
 -6.2929429e-02
 -4.9863681e-01
 -5.6227660e-01
 -1.0451233e+00
 -5.7448035e-01
 -2.1281920e-01
  3.3004010e-01
  2.8249626e+00
  9.2131656e-01
 -6.5463342e-02
  5.7407573e-02
  1.9299763e-01
  5.8340997e-01
  1.0067959e+00
 -8.9177299e-01
  6.7174864e-01
  6.6279978e-02
 -5.5729175e-01
 -9.0155460e-02
 -4.9404721e+00
 -3.2759547e-01
 -2.3065137e-02
 -2.0578834e-01
 -1.3686658e-01
 -6.7864954e-02
  6.2196761e-01
  2.3010704e-01
  6.4955342e-01
  1.5037493e+00
 -6.0917574e-01
 -7.4035841e-01
 -4.1990523e+00
 -6.7195959e-02
 -5.5703330e-01
  3.7650397e-01
  1.3276758e+00
  9.4676182e-02
  1.5475876e+00
  6.9577754e-01
  3.7650460e-01
  5.9371725e-02
 -9.4061172e-01
 -2.8940940e-01
  3.2939394e+00
 -9.0110183e-01
  8.3971590e-01
  9.6017313e-01
  6.4789087e-01
 -1.3862044e+00
 -3.9141476e-01
 -3.5919058e-01
 -8.8837737e-01
 -1.3535714e+00
  1.5951697e-02
  1.8962123e+00
  4.7446270e+00
 -5.6637818e-01
  1.0457890e+00
 -3.1327838e-01
 -1.3142513e+00
 -8.3507502e-01
  1.2590666e-01
 -3.4138101e-01
 -9.2634469e-01
  7.1111590e-01
  7.3118025e-01
  5.7460874e-01
  1.7648692e+00
 -4.3228574e-02
 -2.1585828e-01
  5.1367021e-01
  4.0721349e-02
 -4.6155743e-02
  4.9107978e-03
  2.5995711e-03
 -1.5334362e-01
 -1.5093554e-02
 -4.7870573e-02
  2.8652523e-02
 -4.2967875e-02
 -1.8333489e-03
  4.6059094e-02
  4.7680493e-02
  1.4521204e-01
  6.8707049e-02
  3.4595933e-02
  1.4256985e-01
  5.6616388e-02
 -5.7783525e-02
 -6.7987308e-02
  4.4566263e-02
  1.6976910e-02
  8.0145542e-03
 -5.7784840e-02
 -3.8905868e-01
 -5.7595515e-01
  9.8805463e-01
 -5.6561452e-01
 -2.7505666e-02
 -1.2363462e+00
 -3.4215865e-01
 -4.9412194e-01
 -4.9443250e-03
 -6.4050403e+00
 -3.0759339e+00
 -9.1615751e-02
 -1.4810585e+00
  1.6328156e-01
 -1.2146354e-01
 -1.3885745e+00
  1.2002188e+00
  5.0411725e-01
 -1.5670356e+00
 -8.8222623e-01
  7.2092569e-01
  1.0006212e+00
 -1.2062039e-01
 -1.3835751e+00
 -5.5401349e-01
 -2.9272601e-01
 -8.4240156e-01
 -4.6131998e-02
 -5.9454519e-01
 -3.2421091e-01
  5.7536721e-02
 -3.1646153e-01
  8.1071697e-02
  4.2767575e-01
  5.7472402e-01
 -1.1279699e+00
 -1.0566583e-01
 -2.2257206e-01
 -2.6472560e-01
  3.5679710e-01
 -1.3344121e+00
  2.4131757e-01
  1.3613091e-01
  3.3682194e-01
 -1.8171878e-01
 -1.9829018e+00
  3.1773350e-01
 -1.0348719e-01
  6.9870871e-01
  1.9321876e+00
  2.8122234e-01
 -4.8130598e-02
  6.6540247e-01
  2.3661062e-01
 -6.9512779e-01
  2.3459494e-01
 -9.6917063e-02
 -2.3066273e+00
 -4.4426955e-02
  2.7539113e+00
  9.6584886e-01
  1.8849841e-01
  1.1164131e+00
  1.8045716e-01
 -4.9000055e-01
 -5.1418531e-01
 -8.6516064e-01
 -3.6163196e-02
 -3.2775354e-01
 -4.6961722e+00
 -3.3366150e-01
  1.0328396e-01
  2.8822452e-01
 -5.4654437e-01
 -1.0448899e+00
  3.6260047e+00
  9.5814288e-01
 -6.8838489e-01
  1.3515441e-01
 -8.8487133e-02
 -7.2785400e-02
 -1.4860134e+00
 -6.6234708e-02
 -1.4086294e-03
 -1.6781792e-02
 -1.2031513e-01
  4.2211628e-01
  1.2289646e-01
  1.0167217e+00
  9.5159155e-01
  1.7010838e+00
  1.0497127e-01
 -6.4503098e-01
  1.8550196e+00
 -7.3418182e-01
 -1.4214634e+00
 -5.1188990e-02
  7.7067381e-01
 -1.5914413e+00
 -2.3870350e-01
  5.1800702e-03
 -3.9021540e+00
  6.1851758e-01
 -7.1290237e-01
  6.2750444e-02
 -2.4957387e+00
  1.1160516e-01
 -4.3523733e-02
  5.8706468e-01
 -2.7192485e-01
  5.1826519e-01
 -1.1191756e-01
 -3.3037829e-01
  5.6846541e-01
 -2.3435233e+00
  3.1878510e-01
 -1.7695746e-01
 -1.5795339e+00
  1.8683292e-02
  9.6166506e-04
 -1.2577944e-02
 -1.7540132e-01
  2.3632303e-02
 -1.9045298e-01
 -5.0884627e-02
 -1.0075088e-01
  3.0295320e-02
  8.2991309e-03
 -6.4606518e-02
  9.5168622e-03
 -9.3170084e-02
 -4.2029232e-02
 -5.1981904e-02
 -6.4172377e-03
  2.0332672e-01
  6.9145784e-02
  1.8288240e-01
  1.1304633e-01
  7.0484720e-02
 -5.3929910e-02
  2.0542245e-02
  6.8100065e-02
 -7.5193748e-02
  4.4544706e-01
 -5.1050860e-01
 -1.3957644e+00
  4.1426819e-02
  3.9771110e-01
 -3.6605439e-01
  1.2651271e-01
 -6.7198348e-01
  1.4102179e+00
  5.5436987e-01
 -7.6565266e-01
 -7.9035586e-01
  2.8520122e+00
  6.8051577e-01
  2.4404326e-01
  5.2119631e-01
 -2.3973155e+00
  4.9184602e-01
 -8.4566429e-02
  3.3899293e+00
  6.7719862e-02
 -7.1375376e-01
 -2.1812191e+00
  5.1914413e-02
  5.4315013e-01
  1.3343686e-01
 -8.8660903e-02
  3.2087907e-01
 -7.1193039e-01
 -7.0603693e-01
  6.5568648e-03
 -2.0149503e+00
  7.0007942e-03
  1.7571782e-01
  7.1204915e+00
 -7.3228866e-02
  2.5701506e+00
  2.0379384e+00
  1.8014472e+00
  8.7120366e-01
  1.2577519e+00
 -5.4216832e-02
  5.0900537e-01
  1.6233364e+00
 -7.7602893e-02
  6.6331261e-01
 -2.7072473e+00
 -3.3545941e-01
  8.5958742e-02
  2.3056688e+00
  2.2269690e+00
  4.3966216e-01
  1.3266318e+00
  2.2880473e+00
  2.5976813e+00
  1.9722812e+00
  4.5928779e-01
  6.0194933e-01
 -4.8578320e+00
  4.5655644e-01
  4.1729736e-01
  2.1527467e+00
  3.1743212e+00
  2.0965226e+00
  2.7927451e+00
  5.7208357e+00
  1.9702022e+00
  4.5123653e+00
 -2.8082302e-01
 -4.2725381e-02
 -1.7015414e+00
 -6.8725109e-02
  2.5730285e-01
 -1.3605331e+00
 -5.5164200e-01
 -4.0173069e-01
 -3.5100201e-01
 -1.1285589e+00
 -4.0291910e+00
 -1.0678852e-01
 -2.8074253e-01
  1.1695191e+00
 -1.1027580e-01
 -2.5593844e-01
 -2.3309447e-02
 -3.5492446e-02
 -1.8993809e+00
  3.6954212e-01
 -1.4327356e+00
 -6.2467617e-01
 -6.1561280e-01
 -5.3056604e-01
  1.9534227e-01
  6.4013696e-01
  4.0409020e-01
  2.9021469e-01
 -8.3557969e-01
 -8.7769508e-01
 -1.8839625e-01
  7.3272413e-01
  8.5054841e-03
 -6.6008353e-01
 -2.4110277e+00
 -6.8078148e-01
 -3.3291596e-01
 -5.8962601e-01
 -2.0572890e-01
 -8.0889225e-02
  8.3908540e-01
  1.4047927e+00
  1.8685172e+00
  5.4444879e-01
  2.5866103e+00
  1.7977028e+00
  2.5797222e+00
  2.4215076e+00
  4.9535474e-01
 -5.5808604e-01
  1.1462228e+00
 -7.0270285e-02
 -6.0086817e-02
  6.1546672e-02
 -5.6620307e-02
  6.0931034e-04
 -6.3865399e-03
  1.2816191e-01
 -4.3176573e-02
 -1.0698845e-01
 -1.5495589e-01
 -2.0086038e-01
  6.5709718e-02
  1.7510891e-01
  6.0651116e-02
  7.0353381e-02
  3.5519399e-02
  2.2812430e-02
  1.0760820e-02
 -5.6507256e-02
  1.2947856e-01
  1.1705703e-01
 -2.0619632e-01
 -2.3841724e-02
 -1.8048758e-02
  2.5205478e-01
  4.1624343e-01
  4.6796637e+00
 -8.3831601e-02
  4.2674473e-01
 -6.2496579e-01
 -6.3569415e-01
  8.6981767e-01
  5.1428348e-01
 -5.9071106e-01
 -9.1088766e-01
 -5.6209785e-01
 -4.6482582e+00
  2.2683480e-01
 -1.1090155e+00
  6.2891513e-01
 -2.3275867e+00
  1.2962979e-02
 -6.5796393e-01
  8.4974957e-01
  5.0906625e+00
 -3.0860543e-01
  1.2633559e-01
 -3.1279941e+00
  3.3625227e-01
  5.0464332e-02
 -5.5233252e-01
 -2.9595926e-01
  9.8041409e-01
 -1.6731276e-01
 -1.9979721e-01
 -3.1378192e-01
 -3.5601115e-01
  9.3293303e-01
  1.0690327e+00
  3.6478907e-01
  5.4558694e-01
  6.8439585e-01
  2.5705583e+00
 -1.9790785e-01
 -7.6611871e-03
  1.4709349e+00
  7.7508771e-01
  3.9947844e-01
  1.3422978e-01
 -1.0632546e-01
 -9.0698272e-01
 -3.1091578e+00
  8.4926017e-02
 -2.7155252e+00
 -1.2355524e+00
 -4.0694962e+00
 -1.6146221e+00
 -1.6519698e+00
 -1.1258112e-01
 -6.1767048e-01
 -1.4107138e+00
  7.8393169e-02
  4.7857231e-01
  7.7185708e-01
 -2.0374686e-01
  2.3640350e-01
 -1.0988495e+00
  9.4042367e-01
 -2.8695629e+00
 -1.1192605e+00
 -4.1970474e-01
 -7.5890191e-02
  1.5743512e+00
  8.2012594e-02
  2.6326051e-01
  5.3396325e+00
  6.0946167e-01
  4.6397543e-01
 -6.1987823e-01
  2.0540208e-01
 -1.7656559e-01
 -1.1378587e+00
  6.7083843e-02
  3.6407989e-01
  4.2232028e-01
  5.5830415e-02
  6.1761749e-01
 -2.5656490e+00
  1.5586361e-01
  3.6003855e-01
  4.6616375e-01
  1.3566231e+00
 -1.1345042e-02
 -4.3016440e-01
 -3.6775462e-02
  3.8281974e-01
 -2.7737728e-01
  4.1775203e-01
 -2.3398931e-01
 -2.1567771e+00
 -1.3750292e-01
  5.4603565e-01
 -1.6723190e-01
  2.0013380e+00
 -1.5343783e+00
  7.2555333e-01
 -2.6022635e-02
  4.9130116e+00
  1.9391694e+00
 -2.0559414e-01
  2.1173097e-01
 -3.6837866e+00
 -1.0117859e+00
 -2.1218431e+00
 -1.8963262e+00
 -1.2518224e+00
 -9.3235248e-01
 -7.3087645e-01
  4.5338854e-01
 -3.6463958e-01
 -6.7055531e-02
 -3.0149484e-01
 -7.2890967e-02
  1.7279856e+00
 -1.8298060e-02
 -7.0913903e-02
  3.4358036e-02
  5.2438900e-02
 -3.2613084e-01
 -4.2205062e-03
 -1.0611737e-01
  8.7628812e-03
 -6.9487855e-02
  2.1685550e-01
  6.3820474e-02
  1.5615200e-01
  3.0123375e-02
  4.4936523e-02
  6.7937942e-03
  1.1129364e-01
 -1.4598170e-01
  3.8170531e-02
 -1.5031184e-01
 -3.8951833e-02
 -1.6733262e-01
 -4.9425818e-02
 -1.6999303e-01
 -6.4052232e-02
  3.0396330e-01
  5.5419499e-01
 -4.5079374e-01
 -4.0872999e-02
  1.7905207e+00
  9.8416257e-01
 -3.1048560e-01
  1.5213237e+00
  3.2476342e-01
  2.2375794e-02
  5.8259749e-01
 -3.4485931e+00
 -5.3514171e+00
 -1.3060526e+00
 -5.8744397e-02
  1.4832033e-01
 -3.1625962e-01
  3.1397524e-01
 -9.3920074e-02
 -4.4321123e-01
  1.4397337e+00
 -1.1006033e-01
 -7.2135860e-01
  3.2434821e-01
 -1.5178213e+00
 -3.3118670e+00
 -4.3903399e-01
 -1.0357697e+00
  2.2908859e+00
  2.8093584e+00
  5.0525802e-01
 -3.6283562e-01
  2.2191095e+00
 -5.0860278e-02
 -6.1348636e-02
  4.9309427e-01
 -7.7575529e-01
 -3.7403914e-01
 -7.5202572e-01
 -4.4183964e-01
  1.2870227e+00
  4.7212201e-01
 -3.5284471e-02
  1.4709176e-01
  1.7660251e-01
  6.7798775e-01
  6.3515529e-03
  6.5938649e+00
 -1.1177225e-01
 -2.5335732e-01
  4.4519320e-02
 -9.3930370e-01
  7.4531283e+00
  7.6078182e-01
  4.6720877e+00
  3.4543818e-01
  2.1145085e-01
 -3.6619666e-01
  3.9184612e-01
 -6.0959148e+00
 -6.3810796e-01
  3.0067450e-01
  2.3591703e-01
 -8.4243953e-01
 -5.1806684e+00
  5.1275980e-01
 -1.8504821e-01
  7.8432971e-01
  1.1380363e+00
 -3.8862959e-01
  1.4225970e-01
 -3.1915004e+00
 -6.4662969e-01
 -1.6858648e-01
 -1.1154898e+00
  3.1746012e-01
 -3.1845977e+00
  1.2122258e+00
 -4.4712636e-01
  6.5958327e-01
  1.7779393e-02
 -8.9448184e-01
  2.2061360e-01
  3.1302609e+00
  2.1705696e-01
  7.1939451e-01
  3.3870438e-01
 -3.3645656e+00
  6.1276579e-01
 -1.6002470e+00
  7.5890547e-01
 -1.2538981e+00
  6.0982722e-01
  4.1866797e-01
 -4.2102695e-01
  8.9860134e-02
 -6.8472886e-01
  4.9172086e-01
  8.8932043e-01
  5.3232127e-01
 -2.7816644e-01
 -1.6941775e-01
 -4.0372911e-01
  1.8210714e+00
 -7.4601668e-01
 -4.9912143e-01
  4.5797604e-01
 -3.8681766e-01
 -4.6510279e-02
  1.5043141e+00
  1.6660957e+00
  4.9266610e-01
 -2.3727248e+00
  1.1654974e+00
 -2.8109753e+00
  1.6679081e+00
 -1.7240283e+00
 -6.1823748e-02
 -4.1195801e-01
  3.8918209e+00
  1.4593069e-01
  1.8084590e-01
  1.3888426e-01
 -2.6081476e-01
 -3.1062566e-02
  1.4377917e-01
  2.7799341e-01
 -1.5527079e-01
 -1.6502473e-01
 -1.8185981e-02
  5.2865788e-02
  8.3248414e-02
 -1.7905116e-01
 -8.7289743e-02
 -7.2784573e-02
  2.2231527e-02
  2.3788437e-01
  1.5575109e-01
 -1.1513917e-02
 -2.0534964e-03
 -2.7911711e-01
 -1.7914539e-02
 -8.9225039e-02
 -1.0072127e-01
 -4.2052969e-01
 -4.1698715e-01
  1.2887414e+00
  7.8030545e-01
 -9.3206805e-01
 -2.1916308e+00
  3.7853144e-02
  8.4014550e-02
  9.8617631e-01
  4.8483059e-01
  3.3820966e-01
  2.9594467e-03
  4.4548625e-01
 -1.8006794e+00
 -2.6546216e-01
  1.6065018e-01
  1.1916802e+00
 -3.1106919e-01
 -4.2021200e-01
  1.5900804e+00
  1.0480580e+00
  2.8093204e-01
  4.4997790e-01
  3.6572265e-03
 -4.6770373e-01
  1.3287296e+00
 -1.8945605e-02
  7.7232659e-01
  5.5554336e-01
  4.3523586e-01
  6.2020606e-01
  1.5223055e-02
 -7.4786842e-01
 -6.7563206e-01
  1.1336037e+00
  7.8809122e-03
  1.8306810e-01
 -1.8567865e-01
 -2.2951417e+00
  2.4192229e-01
  4.5476530e-02
  6.0214065e-02
 -1.5603663e-01
  1.1921329e-01
 -4.9614489e-01
  4.6260369e-01
 -2.3470607e-01
  2.8256283e+00
 -3.5377598e-01
 -1.8044285e-02
  1.1889818e-01
  2.8572068e-01
 -1.5731803e+00
  6.9816262e-01
  9.0063266e-02
  4.4763964e-01
  1.1893420e-01
 -1.1134864e-01
 -9.4932467e-01
 -2.1233577e-01
 -6.3310575e-01
  1.1475522e-02
  1.2292882e-01
 -5.0681573e-01
  5.4976976e-01
  4.5736054e-01
  1.5362440e-01
  4.0134296e-01
 -5.0111991e-01
  6.6799067e-02
  3.5649019e-01
 -8.7238801e-01
  1.8732619e-01
 -1.7414114e-01
 -3.0154660e-01
  2.9899904e-01
  8.4139854e-01
  6.5451413e-01
  4.3403903e-01
  6.6947770e-01
 -4.3849554e-03
  1.4323068e-01
  2.8284886e-01
 -1.4306248e+00
  1.3286935e-01
 -3.6653605e-01
 -3.4235752e-01
 -7.0816582e-01
 -3.6574081e-02
 -9.2815435e-01
 -6.4566082e-01
 -6.5754747e-01
  1.1047506e+00
 -4.3508482e-01
 -3.7044680e-01
 -5.7803112e-01
 -9.2191800e-02
 -4.0405905e-01
  4.6421027e-01
 -1.2080093e-01
 -9.4735481e-02
 -1.7515950e-01
 -3.7508726e-01
 -3.6151063e-02
 -4.5675084e-02
  7.1254022e-02
  2.8214252e-01
  9.2438698e-02
  2.3551768e-01
 -8.5916376e-01
 -5.1241171e-01
 -6.2350232e-02
 -3.1358948e-01
 -8.0099814e-02
  2.6933604e-01
  9.3549401e-01
  3.0749288e-01
 -5.2874035e-01
  7.6236196e-02
  9.7142973e+00
  1.3246717e-02
  1.7508130e-01
  9.8408535e-02
  1.1865997e-01
 -1.5057552e-01
  6.6405825e-02
 -3.8894340e-02
  8.5668080e-02
 -2.1607026e-02
  5.0827827e-02
 -1.0216248e-01
 -1.2629697e-02
  1.2524173e-01
  1.3457374e-01
  2.3541553e-01
 -1.1219864e-01
 -5.7881732e-02
 -1.9827547e-02
 -3.0209601e-01
  2.6226692e-02
  3.5037547e-02
 -1.0874800e-01
 -1.1317074e-02
 -6.6451818e-02
  1.2201682e-02
 -9.6445084e-01
 -1.8225624e-01
 -1.8170580e-01
 -1.4690213e+00
  8.0401635e-01
 -8.0774926e-02
  4.6859339e-01
  1.0289671e+00
 -6.1470829e-02
  1.4200342e-01
  1.8992175e+00
  4.9562886e-01
 -5.4032475e-01
 -3.8848883e-01
 -1.0001721e+00
 -5.2380556e-01
  1.3445636e+00
 -2.0735277e-01
 -1.2102602e+00
 -9.7004622e-01
  6.6393018e-01
  4.1295052e-02
  1.2947072e+01
 -4.8927182e-01
 -2.8664598e+00
  1.2517883e+00
  2.8964180e-01
 -8.7052725e-02
  4.0503848e-02
 -2.3716534e-02
 -1.4401525e-01
  1.0663970e+00
  2.2724022e-01
 -3.3840141e-01
 -7.5191551e-01
  2.1833657e-01
 -7.1385294e-01
 -5.5223733e-01
 -1.7032142e-01
 -2.7422753e-01
 -1.7454609e-01
 -1.8088828e-01
 -3.4521636e-01
 -7.7372342e-01
 -1.5040447e-01
  8.8249957e-03
  4.0362573e+00
  1.3114892e+00
  1.3079563e-01
  4.5217797e-01
 -3.0948752e-01
 -4.9658009e-01
 -3.3270007e-01
 -1.0376602e-01
 -1.0086467e-02
  3.3506224e-01
  4.0036553e-01
  1.1723357e-01
 -2.1117244e+00
 -1.1544951e+00
  6.9500290e-02
 -2.5930831e-01
 -2.0576134e-01
  4.5148462e-01
 -1.0846742e+00
  3.4412834e-01
  4.4642004e-01
  1.7364943e+00
 -4.1903371e-01
 -2.0414925e-01
 -3.2999914e+00
  1.2747015e-01
  4.5625252e-01
  1.1494451e+00
  2.2254820e-01
  3.3238798e-01
  6.4893305e-01
 -6.9568440e-02
  9.4282019e-01
 -7.4449188e-01
 -1.6641706e-01
  2.7144259e-01
  1.2897602e-01
  7.6151955e-01
  3.1073990e-01
 -2.8504032e-01
  3.5401195e-01
 -2.7780190e-01
  1.4519297e+00
 -1.6420140e+00
  1.2564888e+00
 -4.9280959e-01
 -1.6318844e-01
 -4.2632934e-01
 -8.0095494e-01
 -7.9956494e-02
  5.5503428e-01
  4.1468894e-01
 -7.9036033e-01
  2.5794128e-01
  5.0505489e-02
 -2.1123147e-01
 -1.2669331e-01
 -1.3386005e+00
 -1.0541605e+00
  2.2097988e-01
  6.4727479e-01
  2.1807629e-01
  2.2378204e+00
 -1.3243288e+00
  6.4868677e-01
  2.2329061e+00
  1.0101058e+00
  6.5419108e-01
 -2.0207345e+00
  9.4603187e-01
 -5.2474970e-01
  1.1914343e-01
  5.9403572e+00
 -3.4088325e-02
  6.3631579e-02
 -5.6600623e-02
 -1.2772033e-01
 -7.1979932e-02
 -7.5136669e-02
  1.7922433e-01
  1.7662504e-01
 -4.0573195e-02
 -3.9218355e-02
 -5.6906544e-02
 -2.4209963e-02
  9.0582733e-05
  2.0811614e-01
 -1.2814999e-01
  4.4308413e-02
 -2.5122141e-02
 -2.1855878e-02
  5.3946324e-02
  1.2847399e-02
  8.7614104e-02
  1.0004904e-01
 -6.1092088e-03
 -1.8583445e-01
  9.3710262e-01
 -1.2538670e-01
 -2.3516795e-01
 -1.1631065e-01
 -4.2520061e-02
 -1.2100505e+00
 -9.3113549e-02
 -8.6646014e-01
 -6.5407693e-02
 -4.0866554e-02
  2.4903540e-01
 -1.8379439e+00
  1.6186384e+00
  1.1808777e+00
 -5.6783581e-01
  2.2372231e-04
  3.5414310e+00
 -2.1516529e-01
 -7.0697004e-01
  9.7231843e-02
 -3.5577834e-01
  2.2651318e-01
  3.9504734e-01
  8.4642375e-01
  4.9003195e-02
  1.1663245e+00
 -2.8591871e-01
 -1.0540758e-01
 -3.2407126e+00
 -2.1422109e-01
 -2.9371755e+00
  8.3083051e-01
 -1.3670766e+00
 -7.1177083e-01
  2.1965468e-01
 -1.7201836e+00
  1.3981239e-01
 -2.6911837e-01
  1.7755007e+00
 -8.6033225e-02
  3.5736826e-01
  1.4846566e-01
 -2.0607845e-01
 -1.5169547e-01
  3.0588266e-01
  6.4180452e-01
 -6.2701875e-01
  2.3201349e-01
  2.8121319e-01
 -6.1265832e-01
 -6.8672962e-02
  4.2802376e-01
 -7.4935097e-01
  7.3891217e-01
 -3.3437803e-02
  1.4480489e+00
  2.5016144e-01
  2.1830319e-01
  3.5468049e-02
 -2.6927595e+00
 -1.4448444e+00
 -2.5981328e-01
  7.1194790e-02
  2.1038166e-01
 -7.6005834e-01
 -2.9518536e-01
 -1.6026239e-01
  4.1083199e-01
  1.7400961e-01
  5.4596394e-01
 -3.0217914e-02
 -1.6404212e+00
 -4.5957949e-02
 -1.1716729e-01
 -6.7221856e-01
  9.5110089e-02
  4.7101926e-02
 -3.4107931e+00
  3.4096178e-01
  1.0199298e-01
 -7.6987684e-01
  4.4799656e-02
 -2.7998665e-01
 -1.3690250e+00
  1.9449370e-01
  2.7637154e-01
 -1.9094962e-01
 -2.1034365e+00
 -7.5522512e-01
  1.3014914e+00
  1.5587449e+00
  1.3524210e-01
  1.3909546e-01
 -2.4106258e-01
  3.1375805e-01
 -3.1717167e+00
 -7.4222013e-02
  1.4881478e-01
  1.2205349e+00
 -1.6136962e-01
  8.1065482e-01
 -7.5574672e-01
 -1.1687279e+00
  2.7980909e-01
  1.8770221e-01
 -8.8251603e-01
 -1.4000544e-01
  9.4729495e-01
  5.8611912e-01
 -9.9392521e-01
  1.8701677e+00
 -1.2138603e-01
 -7.0189238e-02
  1.0610247e+00
 -2.5625467e-01
  9.2356670e-01
 -6.8128997e-01
 -6.2835664e-02
  3.1817445e-01
  1.6150235e+00
 -1.2151733e-02
 -5.5056181e-02
  2.8376362e-01
  2.9286811e-02
  1.2078979e-01
  2.7009632e-02
  1.2412271e-01
  1.4609368e+00
  2.6259053e-02
 -8.5997082e-02
 -1.7731711e-01
 -7.8487262e-02
 -1.1672659e-01
 -2.3985611e-02
 -1.7042892e-01
  8.6110607e-02
  2.5399661e-01
 -1.6952020e-01
 -4.4269137e-02
 -1.2642930e-01
 -6.8271033e-02
  2.5118569e-02
 -1.7800979e-01
  3.1414077e-02
  1.4306435e-01
 -3.3113503e-01
 -3.7848350e-01
 -3.7766063e-01
  1.3736011e+00
  7.0773351e-01
 -3.0976531e-01
  2.7490604e-01
 -8.0489898e-01
 -3.3034959e-01
 -1.3737203e-01
 -2.5617936e+00
  8.8177018e-02
 -1.2693832e+00
 -1.2830228e-01
  1.0467402e+00
 -2.7463165e-01
 -9.0926504e-01
 -2.6186898e-02
  5.8962669e-02
 -6.0389763e-01
  1.2552948e-01
  5.3651822e-01
  2.1313014e+00
 -1.8421486e-01
 -9.2898977e-01
 -2.8200078e-01
  4.4605207e-02
 -1.2474908e-02
  1.4188252e-01
  3.6014840e-01
  1.9016911e+00
  1.8889786e+00
  6.1056092e-02
 -1.1031066e+00
  8.1937037e+00
  3.1008887e-01
 -3.7845120e-02
  1.6878104e-01
  1.2842801e-01
 -3.0721554e-01
 -6.2685770e-01
 -1.6727991e-01
 -1.1751069e+00
 -6.2023237e-02
 -3.1581801e-01
 -3.2001761e-01
  2.7752867e+00
  6.8512738e-02
 -4.0994954e-01
 -4.2167824e-02
  9.3042636e-01
  2.4809483e-01
 -1.4529034e-02
 -3.5823199e-01
  3.0391905e-01
  7.8623869e-02
  3.0983055e-01
 -1.0678986e+00
  9.3705827e-01
 -4.5917141e-01
 -5.6773983e-03
 -3.6184379e-01
 -6.9949353e-01
  1.2665207e+00
 -8.2682317e-01
 -1.5271699e-01
 -4.2428049e-01
  1.6953062e+00
 -5.6184858e-01
  1.9214870e+00
 -1.1352662e+00
 -7.7697858e-02
  1.4428607e-01
  3.8196552e-01
 -2.7275610e-01
  5.4484469e-01
  3.3568820e-01
 -3.3715817e-01
 -1.6101199e-01
 -9.7697988e-02
 -1.6764176e-01
  2.0403159e-01
  1.4184524e+00
  5.5163300e-01
  1.0913938e+00
 -5.6875002e-01
 -1.2739052e+00
  6.0857004e-01
 -3.9955288e-02
 -3.7065904e+00
 -2.3079004e+00
 -8.4488159e-01
  5.5676382e-03
  2.4004693e-03
 -4.6811996e+00
  1.2236085e-01
  2.6008210e-01
 -1.8008877e-01
 -8.2554244e-02
  1.1036206e+00
  2.1858275e-01
  5.5291617e-01
 -7.3966011e-02
  8.2346302e-01
  6.4481622e-01
  9.1131061e-02
  1.0314219e+00
 -2.7979025e-01
  2.4545474e-01
  4.8573577e-01
 -1.1920892e-01
  7.1262676e-01
  1.6023352e+00
 -7.6843715e-01
 -2.8345591e-01
  3.3217776e-01
 -8.7430549e-01
 -1.6268548e-02
  5.6408386e+00
 -3.0645970e-01
  1.6815489e-02
 -1.6861422e-02
  1.5549930e-02
 -2.0440860e-02
  1.9758472e-02
  2.0166953e-01
  1.9157318e-02
 -3.4667954e-02
  2.8696719e-01
 -6.1348028e-02
  5.1099770e-02
  5.1525362e-02
  6.2811100e-03
 -2.4106798e-01
  3.5220187e-02
 -9.3849011e-02
 -2.4793968e-01
  1.3253140e-01
  3.2219425e-02
 -3.7088934e-03
  4.6311721e-02
  7.9391107e-02
 -5.4866441e-02
 -2.5313592e-01
  3.4812960e-01
  4.8855332e-01
 -5.3031170e-01
  8.1606872e-02
  2.2818975e+00
  6.7162794e-01
  2.5338793e+00
  1.3680968e-01
 -2.7859673e-02
  1.1468383e-02
 -1.5149528e+00
  5.1344121e-01
  5.7888144e-01
 -5.7384259e-01
 -1.6581692e+00
  2.7432098e+00
  1.7752306e+00
 -5.9507465e-01
 -2.4642240e-01
 -1.1678652e+00
  3.3393618e-01
  2.6905733e-01
 -3.5139616e+00
 -7.0972311e-01
 -9.5441699e-01
  1.6753812e-01
 -1.2175233e+00
  4.4824961e-01
  2.3042165e-01
 -8.0130205e-02
 -6.9510996e-01
  5.1946282e-01
 -1.0101180e-01
  5.6500447e-01
 -5.5345511e+00
 -2.2256646e-01
 -4.6573323e-01
  3.4071249e-04
 -4.4333249e-01
  5.5146670e-01
 -6.7959750e-01
 -7.6704109e-01
 -1.1869252e+00
 -4.1315636e-01
 -3.7809715e-01
  5.9609339e-02
  3.8997363e-02
 -5.6895226e-01
  6.0374588e-01
 -5.3033516e-02
 -1.5378937e+00
 -9.3297231e-01
 -1.3294275e-01
 -1.3134656e+00
 -1.1061538e+00
  5.5221825e+00
  2.8836018e-01
  3.0449361e-02
  4.6643314e-01
 -1.1815845e+00
  2.3952384e-02
 -2.0653138e+00
  3.6653069e-01
 -1.9324699e-01
 -2.3017567e-01
  5.1012987e-01
 -1.3613127e+00
 -5.1066726e-01
  7.0615566e-01
  5.0400203e-01
 -7.4278035e+00
 -3.8610537e-02
  6.1613236e-02
 -4.3520564e-01
  2.4296153e-01
  1.8130326e-01
  1.3253380e+00
 -2.1405134e-01
 -1.7322753e-01
  3.5138562e-01
  6.0129905e-01
  2.3918610e-02
 -1.2367550e+00
 -2.0331322e-01
 -3.6905121e-02
  9.5922256e-01
 -8.7814713e-01
 -1.7070919e-01
  1.0370221e+00
 -1.1229516e+00
  9.9411970e-01
 -7.7799684e-01
 -8.5788496e-02
 -9.0190631e-01
 -9.5937884e-01
  6.8136108e-01
 -4.5146197e-01
 -3.3200175e-01
  1.5585535e+00
 -1.3605510e-01
 -3.4919116e-01
 -4.2112857e-01
  1.3841093e+00
  1.9999240e-01
 -2.1988900e-01
 -1.8980940e-01
 -1.3757329e-01
 -5.0323039e-01
 -2.0431447e+00
  1.2615476e+00
  1.3938239e-01
 -2.0467517e-01
 -1.6413243e+00
 -3.5393110e-01
 -1.5810970e+00
  1.4956708e-01
  8.5038424e-02
  9.4571936e-01
  4.0062118e-01
  2.6532063e-01
 -1.0608129e-01
  4.6732798e-02
  1.0735366e-01
 -3.2483090e-02
 -6.9607934e-03
  1.5251879e-01
 -2.5241488e-01
  2.5399065e-02
  5.3650208e-02
  1.8188444e-01
 -6.2976419e-03
  7.1726106e-03
 -3.8442079e-02
  1.3951152e-02
  4.7498971e-02
 -2.5038707e-01
  2.4895882e-03
 -1.7315170e-03
 -8.5121885e-02
 -9.2006050e-02
 -1.0221912e-01
  6.2380053e-02
 -6.5912589e-02
  6.5671384e-01
 -6.7705011e-01
  5.8137602e-01
  5.2522075e-01
 -1.0364499e+00
  3.6042657e+00
  7.4674718e-02
 -6.6138662e-02
 -1.2450207e-01
 -1.9913554e-01
 -5.6402296e-01
  2.2422624e-01
  3.7630543e-01
  1.3518729e+00
 -1.0233991e+00
 -3.7326798e-01
 -2.1302271e+00
 -2.6150259e-01
 -6.1828205e-03
  1.1849438e-01
 -1.1331093e+00
 -1.3182066e-01
 -8.4447533e-01
  2.9307821e+00
 -3.7302297e-01
  1.4269894e+00
 -1.9960769e+00
 -7.0480865e-01
 -2.1860096e+00
 -8.1243914e-01
 -3.6863616e+00
 -1.0790007e+00
  1.1016101e-01
  1.5681897e+00
 -7.7491182e-01
 -9.4465472e-02
 -5.9762633e-01
  3.8404368e-02
  1.3635819e+00
 -5.7493048e-03
 -1.1832511e-01
  1.4538376e-02
 -3.1162161e-01
  4.3643713e-01
 -1.8696293e-01
 -4.1293794e-01
 -1.7753686e-01
 -3.9950192e+00
  5.3735369e-01
  5.8220506e-01
  3.1512433e-01
  1.4842131e+00
 -7.6490022e-02
  1.3356462e+00
 -1.0576347e-01
 -9.4948560e-01
  9.2497611e-01
  6.6201732e-02
  3.9685318e-01
 -6.9768510e+00
 -1.1972785e+00
  2.9486230e-01
  6.5481341e-01
  1.0144138e-01
  2.3315799e+00
 -3.9876702e-01
 -6.3927025e-01
 -2.7297455e-01
  5.5616673e-02
  6.1664104e-01
 -5.7183731e-01
 -9.2296678e-01
  1.2927808e-01
 -1.9173498e-01
  2.1319152e-01
 -6.9763309e-01
 -1.4003755e+00
  2.1350322e+00
  7.1101665e-02
  1.8361372e+00
  2.0713012e-01
 -8.1827275e-02
 -4.5623714e-01
  4.3617125e+00
  3.4496330e-02
 -1.1608599e+00
  2.4749376e-01
 -1.0039868e-02
  4.5566586e-01
  6.9633347e-01
 -7.4939752e-01
  6.3488007e-01
 -2.1023193e-01
  1.6281259e-01
  4.9253258e-01
 -3.7206694e-01
 -1.1528312e+00
  5.0454980e-01
 -9.8420960e-01
  6.3791692e-01
  1.1038831e+00
 -1.5778039e-01
 -1.9767521e-01
 -3.8421617e+00
 -1.9184038e-01
  9.6967411e-01
 -5.3281552e-01
 -3.0076846e-01
  6.3508518e-02
 -1.5245343e+00
 -8.2751578e-01
  1.6956650e+00
 -9.5923561e-01
  1.2495540e+00
 -5.6725800e-01
  1.9297150e+00
  9.9715179e-01
  1.9079421e-01
 -3.2433709e-03
 -1.3493426e+00
 -1.8904287e-01
 -2.7402055e-03
 -1.1157533e-01
 -3.8528893e-02
 -3.3427805e-02
  8.3813667e-02
 -8.9528784e-02
 -2.2846892e-01
  1.4559366e-05
 -1.5019479e-01
  8.2976267e-02
  2.9503023e-02
 -3.0607828e-01
  1.0053796e-01
  3.5259377e-02
 -4.5888396e-03
  3.8057972e-02
  3.0250166e-02
  5.0681904e-02
 -6.7781091e-02
 -1.1172988e-01
 -5.8298867e-02
 -1.7829432e-01
 -1.0856517e-01
 -3.8452709e-01
 -6.7478883e-01
 -3.8254493e-01
  1.0215329e-01
  1.4480694e-01
 -1.1685951e+00
  5.7938629e-01
 -4.7444177e-01
 -6.4469761e-01
 -3.1723323e-01
  1.7338453e-01
  3.8854213e+00
  2.2082512e+00
 -1.5566349e+00
  8.8763821e-01
  4.6500063e-01
 -6.3476425e-01
  8.3335882e-01
  3.6512470e-01
 -6.7875087e-03
  2.4854712e-01
  1.2684382e+00
  1.6708936e-01
  1.8765333e+00
 -1.3201179e-01
 -4.0538874e+00
  4.8410094e-01
  3.5206509e-01
  1.1511649e+00
  5.3209573e-01
 -1.5819980e-01
  1.3589220e-01
 -1.8176479e-02
 -5.2114373e-01
  7.0149623e-02
  7.3213720e-01
  3.7512597e-01
  1.0494679e+00
 -4.0035960e-01
  1.9575354e-01
  1.2370214e-01
 -1.1268513e+00
 -1.2712642e+00
 -2.1934405e-01
  2.8675184e-01
 -2.3261113e-01
  1.5823200e-01
  2.8419685e+00
 -1.2608260e+00
 -1.3934684e-01
  3.9127821e-01
 -8.4421158e-01
 -8.9466703e-01
 -4.9655411e-01
 -6.1014265e-01
  6.8833895e-02
  6.9581890e-01
  1.8571624e-01
 -1.2105691e-01
 -2.3709006e+00
 -8.6357135e-01
 -6.8078190e-01
  1.5672077e-01
  1.4427431e-01
 -3.0744455e+00
 -1.0295502e-01
  1.5046971e-01
  5.4275620e-01
  1.0111726e-01
  1.5462573e-01
 -2.0095298e-02
  1.8331494e+00
  8.7214249e-01
  4.0697929e-01
  6.4359534e-01
 -5.5587500e-01
  5.7452619e-01
  1.4486965e+00
 -1.1218548e-01
 -1.0193537e+00
  2.0692252e-01
  3.9199281e-01
  2.2091582e-01
  2.0728340e+00
 -8.4390484e-02
  2.6444048e-01
  1.1509186e+00
  1.1501827e+00
  9.9704272e-01
 -3.3761808e-01
  2.5192504e+00
  8.4955788e-01
 -8.0260737e-03
  4.0763956e-01
  1.0317238e-01
  6.7876134e+00
 -5.2466905e-01
  2.5640208e-01
 -1.5644437e+00
  1.7049168e+00
  1.5924156e+00
 -3.5319778e-01
  3.0757269e-01
 -6.3919157e-01
 -1.0464896e+00
 -5.6390494e-01
  4.8066217e-01
  1.7589540e+00
 -2.9076445e-01
 -4.1982698e-01
  3.7721235e-01
  9.2805408e-02
  1.0427234e+00
  1.9726580e-01
 -4.4660801e-01
 -1.5326323e-01
 -4.7558850e-01
  6.5137821e-01
  6.0596444e-02
 -1.9362661e+00
 -3.7905138e-02
  4.8431288e-02
  4.7494839e-03
 -8.7527826e-02
 -2.5709394e-02
 -5.1890019e-02
  7.9338811e-03
 -2.3326393e-02
 -1.5362132e-01
  1.2896655e-01
 -1.4883091e-01
  8.9239024e-02
  2.9181220e-02
 -1.2366659e-02
 -2.8401893e-02
  1.9103000e-02
  2.0249553e-01
 -1.3950298e-02
 -4.6447955e-02
  3.6062822e-02
 -1.5168160e-02
 -3.1003021e-03
  2.0258500e-01
 -3.0465606e-01
 -8.2397974e-01
 -2.6280281e-01
 -8.4473377e-01
 -6.8515366e-01
  8.6492902e-01
 -1.3793603e-01
  1.7547700e-01
 -8.4355050e-01
  4.6067357e-01
 -2.9317394e-02
  4.8191959e-01
  3.6904818e-01
  2.3057523e+00
  5.5459563e-02
 -5.9897447e-01
 -2.1882802e-03
 -1.0516903e+00
 -1.6773136e+00
 -9.8124403e-01
 -2.5501451e-01
 -1.7221675e+00
  2.7104184e-01
 -2.5190172e-01
  1.5449657e+00
 -4.8795989e-01
  1.4508975e+00
  1.7752221e+00
  2.4266553e+00
  4.9854729e-01
  1.9517654e+00
  1.3149801e+00
  1.8295555e+00
  2.8537780e-01
 -2.6211473e-01
 -1.0152391e-01
  7.2112780e+00
  2.3932151e-01
 -8.1536561e-02
  1.8970563e-01
 -5.6645572e-01
 -9.7314470e-02
 -1.9318029e+00
 -1.2445889e+00
 -1.8052289e-01
 -1.5200402e+00
  2.3643870e-02
 -1.8731302e-01
 -2.1654375e-01
 -3.9774612e-01
  2.8956041e-01
  9.1602951e-01
 -7.7771202e-02
 -1.8898399e+00
  1.1539202e+00
 -5.0195777e-01
 -1.0736021e+00
  2.6470500e-01
 -4.9492252e-01
 -2.9620811e-01
  1.1802415e+00
 -7.0698315e-01
 -8.4967151e-02
 -7.3076046e-01
 -5.3290772e-01
  1.2850941e+00
 -2.8521383e-01
 -2.4831283e-01
 -7.4465942e-01
  7.1917146e-01
 -1.0069950e-01
 -5.0390697e-01
 -1.2795512e-01
 -6.1398830e-02
  9.2730433e-02
 -2.2669931e-01
 -1.9191980e-01
  6.4252788e-01
 -1.0533794e+00
 -6.4347285e-01
 -8.3654553e-01
 -4.7705707e-01
  1.7027500e+00
  2.9057726e-01
 -1.5739563e-01
  9.4276440e-01
 -2.3913569e+00
 -1.7653493e+00
 -7.9004806e-01
 -6.1517996e-01
 -1.0538791e+00
 -2.1932600e+00
 -2.0217724e+00
 -2.6019400e-01
  8.5563086e-02
  6.4268816e-01
  2.6048741e-01
  3.3667266e-01
  3.5745102e-01
  6.9599491e-01
 -2.1874455e-01
  1.5369521e+00
  2.0046072e-01
 -3.5303101e-01
 -3.4696805e-01
  2.8020117e-02
  7.9231101e-01
 -5.9202588e-01
  2.7721431e+00
  2.0078168e+00
 -2.2125800e+00
 -5.2134591e-01
  5.5959421e-01
  2.2094941e-01
  8.3118671e-01
 -2.9767141e-01
  1.6348752e+00
 -1.4175335e+00
 -2.7800616e-02
 -4.0184546e-01
  5.0731713e-01
  6.6115864e-02
  1.3850965e-03
 -1.2623237e-01
 -1.8223612e-01
  7.8030147e-02
  5.8706298e-02
 -1.8223478e-01
  1.1111739e-02
 -2.7564473e-02
 -1.4474039e-01
  2.7142899e-02
  1.5367635e-01
 -2.6362726e-01
 -5.6580067e-02
 -2.4917802e-02
  4.1827168e-02
 -5.5975758e-02
  1.6889192e-02
  5.9280624e-03
 -5.2042596e-02
  6.3847966e-02
 -5.0825734e-02
 -2.1400798e-02
 -1.3066803e-01
  7.2781287e-02
  1.3542728e+00
  7.7316338e-01
 -5.5793089e-01
 -1.8943456e+00
  2.0477159e+00
 -1.5351073e-01
  2.9239261e+00
  1.2435362e+00
 -2.9712638e-01
 -1.6990609e-02
 -1.9709496e-01
 -1.7777334e+00
 -3.5134219e-02
 -1.4202892e+00
 -3.6282151e+00
 -4.0762120e-01
  6.3828409e-01
 -1.2138484e-01
 -3.0392867e-01
  1.0618570e-01
  1.4930271e+00
  8.1791960e-02
  1.9200952e+00
 -2.0872363e-01
 -4.1711922e+00
  2.3691925e-01
  3.5355130e-01
 -6.1262184e-01
 -3.5467607e-01
  3.1270883e+00
 -6.8583322e-01
 -1.2279469e+00
  5.7357883e-01
  2.5729516e-01
 -5.6733882e-01
 -2.3822005e-01
  8.9083797e-01
  1.6596586e-01
  7.6126480e-01
  1.4561852e-02
  4.5848274e-01
 -1.4888542e+00
  6.3064802e-01
 -6.2364912e-01
 -4.0741730e-02
 -2.6352495e-01
  1.7723583e+00
 -3.7656739e-02
  2.9665911e-01
 -7.0250154e-01
  2.0275576e+00
 -9.7980842e-02
  2.4803510e-02
  3.5183734e-01
 -4.3790881e-02
  3.4426120e-01
  9.0574276e-01
  2.6991123e-01
 -1.6859058e+00
  2.6168359e-02
 -4.3220510e+00
 -9.2490524e-01
 -2.4594161e-01
  6.9175675e-03
  1.8536336e+00
 -8.6077750e-02
 -1.8399745e-02
  1.8980362e+00
  1.8024877e-01
  3.6691697e-03
  2.2997183e-01
 -1.2750326e-01
 -8.5002685e-01
  1.5195113e+00
  8.8367665e-01
  1.5365983e-02
  3.5477917e+00
  5.3600628e-02
  4.0564111e-01
 -5.3718615e-01
  8.3918106e-03
  1.8357822e-01
 -8.3944917e-01
  8.1575252e-02
  2.6344424e-01
  5.6022990e-01
 -7.9671830e-02
  6.6331249e-01
 -7.3662990e-01
 -8.4313035e-01
 -6.5913685e-02
 -4.3557480e-02
 -1.8414761e-01
 -1.0800545e-01
 -5.5973142e-01
 -7.3664390e-02
 -4.3178979e-02
 -3.2656725e-02
  6.4736009e-01
 -8.8440776e-02
 -4.4987950e-01
 -7.9539341e-01
 -1.5750667e+00
  1.0751946e+00
 -1.8103439e-01
 -2.4084729e-01
 -3.1312032e+00
 -1.0101219e+00
 -6.3681448e-01
  4.7753912e-01
 -1.1688514e+00
  3.9624390e-01
  9.1694796e-01
  2.3848283e+00
 -9.7787195e-01
  5.7173228e-01
  1.1903942e-01
  2.6642185e-02
  3.1122630e+00
 -7.4120976e-02
 -9.5650703e-03
 -2.1051366e-02
 -7.2728850e-02
  2.8236611e-02
 -6.2028371e-02
  4.6064902e-02
  9.4994314e-02
 -1.5476179e-01
  1.0699686e-01
  4.1544653e-02
 -4.8911393e-02
  7.2877914e-02
  1.8319918e-01
  2.9104179e-02
  3.0017434e-02
 -1.1201672e-01
  7.5828694e-02
 -3.8304798e-02
 -2.1122782e-03
  6.3827775e-02
 -2.2218430e-01
 -1.2025163e-01
  1.0418636e-01
  2.2242290e-01
 -3.2462505e-01
  4.9415246e-02
 -4.0880737e-01
  9.1465488e-02
  3.2165051e-01
  1.1288605e+00
 -3.7034008e-01
  4.6261644e+00
 -3.0672902e-01
 -4.1280556e-02
  2.5619023e+00
  3.4749588e-01
  1.6298363e-01
  3.9294191e-02
 -1.0428537e+00
 -7.2577113e-01
 -9.3490189e-01
  1.9974829e-01
  2.1685800e-02
  8.1078959e-01
  2.0901532e-01
  3.9868128e-01
 -2.6854602e-01
 -1.7845131e+00
  1.1805173e+00
 -5.8344179e-01
 -3.0387104e-01
 -1.7534247e-01
 -3.3696384e+00
  3.9341030e-01
 -1.1330754e+00
 -2.2219672e+00
 -8.5404836e-02
  3.6428353e-01
 -6.3018541e+00
 -5.5786796e-02
 -6.9158584e-01
 -1.6059020e-01
 -2.5469002e-01
 -1.1528242e-02
  1.0036190e+00
 -3.7907568e-01
  1.4632277e-01
  7.4797446e-01
  2.9506695e-01
  8.4793532e-01
  1.8083314e+00
  1.7082110e-02
  7.5664937e-01
  3.1519751e-04
  4.7408196e-01
 -6.5666908e-01
  1.4279830e+00
 -2.4191065e-01
 -2.4182330e-01
  1.2142297e+00
 -3.6322418e-01
  2.6613855e-01
 -5.1956673e+00
 -2.8891605e-01
 -1.4593357e-01
 -2.7163172e-01
 -2.5008863e-01
  1.0620670e+00
 -2.2944188e-01
 -4.9036312e-01
  4.5197579e-01
  3.4040716e-02
 -3.3681011e-01
  8.4916808e-02
 -1.9140550e+00
 -2.7391750e-01
  1.2542490e+00
  4.0603980e-01
  7.9314041e-01
  1.8012081e+00
  1.4452238e+00
 -4.3335157e-03
  3.3918732e-01
  9.9666947e-01
 -1.4413689e-01
  2.3419988e-01
  4.7483263e+00
  2.4247375e-01
  1.1876407e+00
 -7.8310691e-02
  3.5425932e+00
  1.5462776e-01
  1.9195981e+00
  2.0400174e+00
  2.1633625e+00
  1.3279386e+00
 -5.5560548e-02
 -1.7128274e-01
  4.7274923e-01
 -2.4749446e-01
 -8.8523738e-02
  5.1462848e-02
 -8.1832212e-01
 -1.1253980e+00
  4.6704967e-02
 -1.0090544e+00
  3.7266269e+00
  2.5508511e-01
 -3.8125286e-01
 -1.9011325e-01
  2.4445350e+00
 -2.4772155e+00
 -1.3456349e+00
 -1.8949516e+00
 -4.7051600e-01
  1.5330195e-01
 -1.0112576e+00
  2.0978430e-01
 -3.8401288e-01
  1.3883815e+00
 -5.5180490e-02
  2.7387065e-01
 -5.3217788e+00
  6.1047524e-02
  7.5034879e-02
  6.3122883e-02
  8.8335618e-02
  1.0820770e-01
  2.0288497e-01
  1.6537613e-01
 -9.1111675e-02
 -1.5036646e-01
  2.0417619e-02
 -1.5939640e-01
  1.8807636e-01
  2.0072842e-02
  8.7594159e-02
  1.0601360e-01
 -6.3655935e-02
 -2.3227423e-02
 -8.4877320e-02
 -9.5101558e-03
  2.3782416e-01
 -5.8867615e-02
 -9.6612580e-02
  7.8666672e-02
  4.4747766e-02
 -4.7912885e-02
  1.9631581e-01
 -4.1208068e-01
  4.8605151e-02
 -7.1560711e-02
 -8.5146897e-02
  5.0326250e-02
 -4.2801762e-01
 -7.7975690e-01
 -3.2652289e-02
 -4.2941967e-01
 -1.7436399e+00
 -1.1410661e+00
  4.9395084e-01
 -2.4624726e-01
 -4.3590105e-01
 -4.8639873e-01
  1.7175308e+00
 -6.3100433e-01
  3.6760446e-01
  3.3189034e-01
  7.2328442e-01
 -4.5340586e-01
  4.1466131e+00
  7.6511967e-01
  1.5045979e+01
  4.8688679e+00
  2.1486511e+00
  1.9277835e+00
 -3.2255751e-01
  2.0430140e+00
  3.6392829e+00
  2.0974621e-01
 -2.5345212e-01
 -5.5006891e-02
  2.2974472e+00
 -3.3876833e-02
 -2.3576236e-01
 -1.1201377e+00
 -1.0375667e-01
 -3.3752260e-01
 -3.3657651e+00
 -2.5007539e+00
 -5.0071973e-01
 -2.2465255e+00
  2.0876680e-02
  9.9119389e-01
  5.2641678e+00
  2.2189836e-01
 -4.3276310e-01
 -5.9183067e-01
 -1.5649894e+00
 -3.6794450e+00
 -1.4015350e+00
 -3.2772809e-01
  4.0885925e-01
  8.0461603e-01
 -2.2443885e-01
 -1.4749473e-01
  1.4308720e+00
 -5.2188957e-01
 -6.0641801e-01
  5.7312453e-01
 -5.1895285e-01
  1.2378396e+00
 -1.1219345e-02
  5.1188844e-01
  1.7484051e-01
 -1.0185062e+00
 -9.7885475e-02
 -9.9367037e-02
 -6.7662110e+00
 -9.6842533e-01
 -2.3759522e+00
 -6.9611710e-01
 -2.9526420e+00
 -4.0373743e-01
 -6.1424594e+00
 -1.8002850e+00
 -3.4637036e+00
 -2.5033979e+00
  1.1488441e-01
  9.1440782e-02
  2.1711328e+00
  3.8555861e-02
 -2.1836562e-01
 -2.1779339e+00
  2.8485274e+00
 -6.6627836e-01
 -3.2441850e+00
 -5.3673851e-01
 -3.4431536e+00
 -2.5381415e+00
 -5.7786292e-01
  1.4857767e+00
  2.4293969e+00
  9.5876122e-01
 -2.4741387e+00
  5.5649668e-01
  4.7868633e-01
 -2.8435302e-01
  6.7610240e-01
 -1.1559062e-01
 -9.9495634e-02
  6.8355985e-02
 -1.0560522e+00
 -7.2137344e-01
 -6.2660986e-01
 -4.2714506e-01
  3.6670575e+00
  7.1963489e-01
  1.6093531e+00
  1.2201221e+00
 -1.4412078e+00
  2.4991832e+00
  9.6174550e-01
 -1.3397422e+00
  2.5561495e-02
 -9.9203074e-01
 -5.5140786e+00
 -1.0189516e-01
  1.7864378e-02
  1.1589039e-01
  1.8703135e-02
 -3.1915981e-02
 -1.0622894e-01
 -4.8401579e-02
 -7.5524691e-03
 -1.3213691e-01
 -7.8525454e-02
  1.3093357e-01
 -3.2391738e-02
 -1.0000499e-01
  2.0654678e-01
  5.8385640e-02
 -1.1082795e-02
 -4.6711694e-03
  2.9422629e-01
  1.0596710e-01
  2.7553104e-02
  1.2319928e-02
  3.5285622e-02
 -4.0101834e-02
  3.8713496e-02
 -2.8996825e-01
  1.1617380e-01
 -1.7810959e+00
  2.5784817e-01
  3.9147127e-01
 -2.3152612e-01
  1.0115944e-01
 -6.0139555e-02
 -2.1636372e+00
 -3.7760267e-01
  2.3589183e-01
 -8.7177962e-01
  2.1701434e+00
  3.5866717e-01
 -6.2513524e-01
  7.5026953e-01
  3.9676017e-01
 -1.2453271e-01
 -1.4471993e-01
  9.5444404e-02
  1.7001140e+00
 -1.4786044e-01
 -6.8514533e-03
  8.2869607e-01
 -7.1454787e-01
  7.6548409e-01
 -4.0734339e+00
 -2.0624125e+00
 -8.5050648e-01
 -5.1609671e-01
  1.0541291e+00
 -2.4171280e-02
  1.6574341e+00
 -4.6622214e-01
  8.6695373e-01
  6.0294294e+00
 -4.3996236e-01
 -2.9526350e-01
  6.5725690e-01
  6.3302779e-01
  4.9978483e-01
 -1.0420440e+00
 -3.7051776e-01
  8.4992900e-02
  2.1006539e-01
  4.2637953e-01
  2.4161208e-01
 -6.4460945e-01
  4.0139250e-02
  7.9043448e-01
 -1.0861269e-01
 -1.5913087e+00
 -1.9570728e-01
 -1.0224432e+00
 -1.4124368e+00
 -2.8985423e-01
 -8.1582285e-02
 -4.1392010e-01
  6.1032072e-02
 -1.4476012e+00
  8.2234174e-01
  9.0045184e-01
  2.8536847e-01
  8.2851666e-01
  1.7150801e-01
  6.3956958e-01
 -1.8350038e-01
 -7.9377687e-01
 -1.4480224e+00
 -1.0049751e+00
 -9.4968051e-02
 -4.4615662e-01
  6.6677153e-01
  6.7219722e-01
  1.7225240e+00
  3.1964543e-01
  1.6160382e+00
 -1.3495810e+00
  1.8865585e-01
 -7.9093587e-01
  1.1376499e+00
  5.3058580e-02
 -2.2168332e-03
 -4.6805400e-01
  3.3909019e-02
  6.0668999e-01
 -2.8203228e-01
  2.2647424e+00
 -4.4101954e-01
 -2.9238865e-01
 -2.0448574e-01
  3.4023693e-01
  1.0307825e+00
 -2.2940710e-01
  3.7469354e-01
  1.0610793e+00
 -2.8726440e-02
 -2.8058954e-02
 -5.1059997e-01
 -7.7095024e-02
  3.4911230e-01
 -2.7987850e-01
 -6.7706555e-01
  2.5001507e+00
 -3.3988300e-01
 -1.5530430e-01
  1.0981961e-01
 -2.3679910e+00
 -5.6610161e-01
 -3.7332416e-01
 -4.9365556e-01
  2.3165295e+00
 -4.3653786e-01
 -5.3574488e-02
  3.4239924e+00
  2.0307298e+00
  2.6218193e+00
 -2.8561381e-01
  4.2940870e-01
 -3.7771084e+00
 -2.6938203e-04
  2.8940255e-02
 -3.0293134e-01
 -5.1763549e-02
 -7.3654741e-02
  6.7194812e-02
 -1.0432153e-01
 -2.3934305e-02
  4.8184514e-02
 -5.2197941e-02
  3.6861081e-02
  3.6624053e-01
 -1.7259713e-02
  9.0288214e-02
 -2.2957392e-01
  6.4651489e-02
  6.2214736e-02
 -3.8843732e-02
  1.9668804e-01
  5.2509341e-02
 -3.7587756e-01
  3.0932370e-01
 -3.4150008e-02
  1.1940914e-01
 -1.0865576e+00
 -5.3963995e-01
  6.6411859e-01
  1.6354211e-01
 -5.5256045e-01
  1.6411382e+00
 -2.4312285e-01
  1.1278596e+00
  2.1943657e-01
  1.0557104e-01
 -6.4954787e-01
 -2.5725527e+00
 -2.2567557e-01
  6.4785159e-01
 -7.6621395e-01
 -7.6078331e-01
 -1.6724339e-01
 -4.9451351e-01
  2.6566982e-03
 -6.5716243e-01
 -8.0376156e-02
  1.1406656e-01
  1.0222065e+00
 -7.2661400e+00
  2.8698599e-01
  3.5351324e+00
  1.0399073e+00
 -2.9966563e-01
  1.8109416e+00
 -2.4237038e-01
 -4.8706174e-02
 -1.0101367e+00
  2.1418028e-01
 -5.8677576e-02
 -1.4273806e-01
 -2.5607935e-01
  1.4594554e+00
  1.9027050e+00
  2.3105235e+00
  8.7004714e-02
  3.9895449e-02
  5.6020004e-01
  8.5020041e-01
  7.0661791e-02
  8.2885349e-01
  1.9340199e-01
 -1.8504003e-01
 -2.3722663e+00
  4.5664018e-01
  1.1832600e-01
  3.7795460e-01
  1.5811588e+00
 -2.3977072e+00
 -1.6226698e-01
 -8.1467181e-01
 -1.2361724e+00
  6.9557011e-02
 -5.6613766e-02
  6.7704089e-02
 -3.4313074e-01
 -1.5042172e-01
 -1.7042748e+00
  7.5851552e-02
  4.4550124e-01
  3.5256703e+00
 -1.1170796e-01
 -7.1345598e-01
 -1.0497484e-01
  6.1564226e-02
 -3.2781008e-01
  7.4911201e-01
 -3.3271956e+00
 -5.1676176e-02
 -2.7042413e-01
  3.8342440e-01
 -1.0554099e-01
 -6.1167872e-01
 -1.3933182e+00
  1.1199526e-01
  2.1977614e-01
  6.8009896e-03
  1.7415956e-02
 -8.5454360e-02
 -6.9744684e-02
  1.3147175e-02
  5.8417663e-02
 -4.7994259e-01
  4.3702868e-01
 -1.4594256e+00
 -1.6882037e-01
  1.8034354e+00
  1.0848228e+00
  1.9920524e+00
  9.5619351e-02
  4.0619683e-01
  1.8898172e+00
  3.7230439e-02
  1.7403849e+00
 -3.7726486e+00
 -8.0600165e-02
  1.7721371e-01
 -4.7916317e+00
 -1.0731045e+00
 -1.8963704e+00
  7.9262447e-01
 -1.4135282e+00
  2.3278533e-02
  6.8858451e-01
  8.8405108e-01
 -9.4270778e-01
 -5.1331591e-02
  6.1383289e-01
  8.2619858e-01
 -9.8339707e-02
 -4.3781623e-01
 -5.7128602e-01
 -3.1815646e+00
  3.5754073e-02
  5.3072023e-01
  3.2751355e+00
  5.0862592e-02
  6.4694099e-02
 -1.0203808e-03
  1.3121531e-02
 -2.9377542e-02
  1.2497969e-01
  4.8518680e-02
 -1.7627714e-02
 -9.2296809e-02
 -5.2232910e-03
 -3.8326900e-03
  1.7935270e-01
 -7.3522635e-02
 -1.2375137e-01
  7.3691756e-02
 -8.9992933e-02
  4.7910210e-02
  4.1066650e-02
 -1.4841193e-01
 -9.8521605e-02
  1.5072971e-02
  8.7007165e-02
  1.1062178e-02
 -1.1334823e-01
 -1.5002126e-01
  9.6380597e-01
 -1.2939442e+00
  1.1012015e+00
  5.7577752e-02
  1.4959229e+00
 -1.9933108e+00
 -1.8792053e+00
  4.4970593e+00
  4.0788829e-02
 -6.5940410e-02
 -1.2932054e+00
  3.5312477e-01
 -4.5738178e-01
 -7.8134578e-01
 -6.1517990e-01
 -7.8198552e-01
 -7.3616457e-01
 -1.9973548e-01
 -1.4950740e-01
  8.3341080e-01
  1.7907616e-01
  3.5815038e-02
  1.7655613e+00
  1.7265283e-01
  4.3146424e-02
  4.9181667e-01
 -2.6997659e-01
  6.0602522e-01
  1.4760108e-02
 -6.4473325e-01
 -2.9829010e-01
 -4.1877115e-01
 -2.0983443e-01
 -1.9984332e-01
 -3.1769118e-01
  1.5921807e-01
 -1.7508756e-01
  7.7523994e-01
  8.2336023e-02
  3.2872435e-01
  2.4331956e-01
  6.8727136e-01
 -1.2474279e-01
  2.7615595e-01
 -4.0780035e-01
  4.8216574e-02
  1.4070952e-02
 -3.7359986e-01
 -1.5109251e-01
  8.6547351e-01
  7.4180746e-01
  1.2699088e-01
  4.3712693e-01
 -2.8345731e-01
 -7.9626501e-02
 -2.9392773e-03
  1.7935255e-01
 -8.0348272e-04
 -1.0658740e+00
 -8.7444699e-01
  3.2328638e-01
  2.3544896e-01
 -1.9497193e+00
  8.7734580e-01
 -8.4694082e-01
 -4.3064046e-01
 -6.9984907e-01
  4.5972708e-01
  6.0598243e-02
 -5.7586026e-01
 -4.7777853e+00
  5.9434885e-01
  2.0524208e-02
 -3.9821675e-01
 -1.3704393e+00
  3.1563938e-01
  1.4022379e+00
  5.2014345e-01
  1.1052321e+00
  1.1487793e-01
  8.1182820e-01
  1.5010303e-01
 -7.4644029e-02
 -2.7373895e-01
 -5.4704356e-01
 -3.4548607e-01
 -7.8008193e-01
 -1.3131198e-01
  9.6649373e-01
 -2.1134949e+00
 -7.2448039e-03
 -1.0190458e-01
 -2.0077160e-01
  3.9169690e-01
  2.7612743e+00
 -4.1296536e-01
 -4.3012518e-02
  2.5859568e-01
 -2.8314847e-01
  5.5776536e-01
  3.0675489e-01
  7.1734065e-01
 -1.7258825e+00
 -7.9982930e-01
  5.9652793e-01
  1.6799833e-01
 -5.4696053e-01
  1.4420122e-01
 -3.6790550e-01
  2.7260116e-01
 -4.3040532e-01
  1.6141327e-01
 -2.3606010e-01
 -5.7078284e-01
  7.3249346e-01
  3.4763142e-01
 -1.2444460e-01
  3.5364142e-01
 -8.5361952e-01
  1.6569462e-01
 -1.5256804e-01
 -7.2915204e-02
 -2.1320932e-01
  1.7485364e-01
  1.1794230e-01
  1.2784186e-01
 -9.1965613e-04
 -1.4470401e-01
 -6.8843409e-02
 -2.5704470e-02
 -3.7443820e-02
  1.8506372e-02
 -2.4105489e-02
 -3.6375254e-01
 -1.8520495e-03
 -6.4545289e-02
 -9.4728932e-02
 -1.4062600e-01
  1.8898796e-02
  7.3178269e-02
  9.3501598e-02
 -5.7724722e-02
 -1.7644939e-01
  2.3422486e-01
  4.7408140e-01
  1.8268114e-01
  6.9216654e-02
  7.1470037e-02
 -1.5648307e-02
 -2.7059767e-01
  2.5244811e-01
 -7.1945065e-01
  9.2586422e-01
 -8.2185990e-01
 -2.2943568e-01
  5.7317201e-02
 -1.2749283e-01
  8.6840200e-01
 -1.2996583e-01
  2.5437045e-01
 -7.2785729e-01
  1.3305198e-01
  1.2844974e+00
 -7.9310608e-01
  4.8470119e-01
 -4.8542047e-01
 -1.0615124e+00
  2.2682221e-01
 -3.0231947e-01
 -4.8872419e-03
  1.4192392e+00
  1.0957932e+00
  6.0751802e-01
  6.8179232e-01
  1.3747282e+00
  8.1320858e-01
  9.9094860e-02
  1.2311072e-01
  2.0892723e+00
  6.8324208e-02
 -9.5111363e-02
 -4.2842761e-01
  7.6769084e-02
 -2.4752726e-01
 -4.4849986e-01
 -2.4942208e-02
  1.7550150e-01
 -1.0785772e-01
  5.0391954e-01
  3.1752655e-01
  1.8110547e-02
  5.4971868e-01
  1.2600973e+00
  2.4971122e-01
 -1.1487368e+00
  1.9442667e+00
  1.6304977e-02
 -1.1030016e+00
  1.3331079e-01
  2.5149462e-01
  1.5105832e-01
 -5.1425415e-01
  8.5968357e-01
  2.7875093e-01
  1.2779963e+00
  8.9767152e-01
  1.5525386e+00
  1.4680698e+00
 -2.0916688e-01
  5.6122565e-01
  1.9438568e-01
  1.3141297e+00
  2.0580892e-01
 -3.5189340e-01
  2.9621408e+00
 -7.1933210e-02
 -3.8202944e-01
 -1.0201569e+00
 -1.8750978e-01
  1.4810109e-01
 -1.7483555e+00
  3.4480444e-01
 -1.4640868e+00
  2.3733379e-01
  8.7323166e-02
 -6.5096909e-01
 -4.9920365e-01
 -2.4706031e-01
  1.0201440e+00
 -1.4480044e-01
  3.3524117e-01
  1.6402156e+00
  1.1863641e+00
  2.9986513e+00
  7.6685590e-01
  7.2892857e-01
  4.4479877e-02
 -3.5204981e-02
  2.5712299e+00
 -1.0278788e+00
 -3.9850691e-01
  8.6097634e-01
  1.4526769e+00
  4.4661778e-01
  2.3122864e+00
 -5.8177257e-01
  7.1300716e+00
  5.2139550e-01
 -2.6349905e-01
 -4.0802845e-01
  5.3740830e+00
  5.5642599e-01
 -8.2366037e-01
 -4.6055800e-01
  3.6967993e-01
 -4.2311642e-01
  7.5385630e-01
 -8.2280904e-01
  1.7000020e-01
 -6.9605154e-01
 -1.0959758e+00
  8.8802598e-02
 -8.0082595e-01
 -1.1455334e-01
  6.4487928e-03
 -7.4832603e-02
 -6.2705547e-02
 -8.6059585e-02
 -2.8991466e-02
 -8.7093435e-02
  1.1677905e-02
  1.4859763e-01
  8.9391276e-02
  6.2779427e-02
 -1.1893260e-01
 -6.8178654e-02
  3.1916581e-02
  1.5022163e-02
 -3.1831346e-02
 -1.4001852e-02
  3.7604906e-02
 -7.0548818e-02
 -1.0354713e-02
 -5.6136496e-02
 -9.9334620e-02
  4.3761868e-02
 -5.2290056e-02
  1.5141760e+00
 -1.0714982e+00
  2.2020340e-02
 -1.6433877e+00
  1.3109523e+00
 -2.3521917e-01
  2.6184378e+00
 -3.3833928e-02
  5.8017975e-01
  3.0116016e-01
 -9.7969122e-02
  1.5954108e+00
 -8.4999835e-01
 -6.7348057e-01
  1.0910898e+00
  6.6243255e-01
 -3.0302130e-02
 -1.1557614e+00
  3.2335955e-01
 -2.7905285e-01
  1.1992546e+00
  6.7109692e-01
 -8.7783706e-01
 -2.1622891e+00
  1.4600699e+00
  2.3742778e+00
 -6.5827197e-01
 -3.3507222e-01
  1.5820251e-01
  6.4714766e-01
  3.7558597e-01
  1.2518922e+00
  1.7195890e+00
 -1.6322814e-01
 -8.9271434e-02
 -1.0166327e+00
  2.8485501e-01
  5.7006902e-01
 -2.4402659e+00
  4.5133942e-01
  6.3391352e-01
 -2.4955775e-01
  1.2373025e+00
  4.5341370e-01
  6.8221593e-01
 -1.7854673e-01
  2.0388808e+00
 -2.0716171e+00
 -1.2709343e-01
  2.1702800e+00
  3.3068278e-01
 -3.5410631e-01
  1.3327032e+00
 -4.1428229e-01
  5.0494128e-01
 -5.3124481e-01
 -4.0012595e-01
  4.2189440e-01
  3.0098863e-02
  3.5653126e-01
  1.2518269e-01
  3.3464429e-01
 -5.6809294e-01
  2.7785397e-01
 -1.3269420e-01
  4.1679141e-01
  1.5767406e-01
  5.7665521e-01
 -1.2334785e+00
 -6.2586892e-01
  3.5833809e-01
  3.1931932e+00
  1.6146828e-01
 -5.3093177e-01
 -3.2984594e-01
 -1.5843344e+00
 -4.6434918e-01
  1.1415843e+00
 -3.1086338e-01
  4.3013949e-02
  7.6980954e-03
 -5.4245818e-01
  2.8004277e-01
 -2.3955832e+00
 -2.7228343e-01
  3.8269690e-01
 -3.1010729e-01
 -2.0597793e-01
 -9.7602481e-01
 -1.4578171e+00
 -9.0891622e-02
 -8.5913616e-01
 -3.2997632e+00
  3.1710142e-01
  6.9138967e-02
 -4.9602551e+00
  1.1502866e+00
 -2.4879045e+00
  5.1564163e-01
 -2.9937625e+00
 -5.9533870e-01
 -2.3901691e-01
  1.8567765e+00
 -5.2892226e-01
  9.6852243e-01
  9.2586309e-02
 -1.5010928e-01
  1.5422404e+00
 -5.4977395e-02
  7.1998030e-01
 -5.5085832e-01
  2.3769929e-01
  2.7495825e-01
 -5.1250631e-01
  5.7772845e-02
 -4.2025051e-01
 -4.8115041e-02
 -4.7843557e-02
  6.6981560e-01
  7.4997473e+00
 -6.0829848e-02
  1.2349191e-01
 -3.0787677e-02
 -8.2279362e-02
 -2.9769434e-02
  5.9045672e-02
 -1.5768532e-02
 -1.2243398e-01
 -1.7844416e-02
  1.2580185e-01
 -1.0146434e-01
 -2.6086983e-01
  7.0304573e-02
 -5.9358496e-02
 -4.8387591e-03
 -9.6999139e-02
  5.2279821e-03
  2.8346481e-02
  2.8752625e-01
 -1.5695592e-02
  7.9627670e-02
 -3.6029500e-01
  2.4443103e-02
  9.9974379e-02
  1.3134410e+00
 -9.1555256e-01
  1.0173776e+00
 -8.0262321e-01
 -1.6738882e+00
 -9.4421560e-01
 -1.4453353e-01
 -9.2905772e-01
 -2.9167025e+00
  8.6606383e-02
  4.2740098e-01
 -1.1546341e+00
  1.5280875e+00
  8.8855244e-02
 -9.3137282e-01
 -4.1575766e-01
 -5.9111512e-01
 -1.9142029e+00
 -4.7206071e-01
 -2.4526911e+00
 -4.6921480e-01
 -2.2833465e-01
 -8.7617600e-01
 -8.6555821e-01
  1.0844133e-02
  1.1112612e+00
 -1.0090134e+00
  3.6935219e-01
  4.6773586e-01
 -1.2228932e+00
  9.4123974e-02
  1.6696179e-01
 -1.6882151e+00
 -7.6695073e-01
 -7.4678391e-02
  1.0618843e+00
  4.3467778e-01
 -1.4437222e-01
  7.4368399e-01
  4.5344818e-02
  1.8058447e+00
  7.3050040e-01
  3.1566527e-01
  1.3077959e-01
  3.0430931e-01
 -2.2664702e-01
 -9.6484482e-01
  6.7535615e-01
 -5.2943701e-01
 -2.2111078e-01
  1.8726970e-01
  4.6550598e-02
 -8.9987725e-02
  5.2279437e-01
 -7.9150164e-01
  8.3437562e-01
  9.7261064e-02
 -1.5874273e-01
  2.6418486e-01
 -4.0677562e+00
  8.7263942e-01
 -3.7838414e-01
  8.8511598e-01
  1.2300971e+00
  1.9616748e+00
 -9.3787932e-01
  5.9672791e-01
  2.9581967e-01
  1.0595654e+00
  4.3449295e-01
 -8.8154781e-01
  5.1756463e+00
 -1.2699799e-01
 -9.0916052e-02
  9.4317186e-01
 -7.1429652e-01
 -7.0777304e-02
  1.2498542e+00
  1.1965849e+00
  5.2122200e-01
  9.4112313e-01
 -1.7332685e-01
  3.6826155e-01
  3.3430080e+00
 -3.3325812e-01
 -9.0337670e-01
 -6.8296754e-01
  2.1504198e-01
  1.4494540e-01
 -3.8607860e-01
  4.1954622e-01
  1.1676225e-01
 -7.7606696e-01
 -4.6663433e-02
 -1.2799920e-02
  1.9431151e+00
 -2.3358734e-01
 -2.7800736e-01
 -7.3079753e-01
 -1.6752937e-01
 -1.4724427e+00
  1.3873911e-01
 -3.9311592e-02
 -2.8273747e+00
 -4.7649264e-01
  1.1893001e+00
  5.2420425e-01
  2.6263115e+00
  2.3917119e-01
  7.2752371e-02
 -2.2140780e-01
  2.3241800e-01
  2.0787509e-02
  4.2798322e-01
  5.3061932e-01
  1.4810796e-01
  2.9119728e+00
  1.0844578e-01
 -4.5345023e-02
  2.1368089e+00
  4.9744170e-02
  8.3420612e-02
  1.7019817e-01
 -8.3804056e-03
  3.5910759e-02
 -1.5256272e-02
 -2.4992112e-02
  2.0238303e-01
 -2.6356356e-02
  6.1276745e-02
 -5.2376468e-02
 -1.4493182e-01
  1.5507733e-02
 -5.0419223e-02
  4.1066614e-01
  3.5637893e-02
  1.9104755e-01
 -1.0475936e+00
 -9.7006429e-03
 -1.4983959e-01
 -1.9809818e-01
 -2.2156687e-02
  3.0889865e-02
 -1.6870223e-01
  7.4480301e-01
  2.6647072e+00
 -7.3378950e-01
  8.1901252e-01
  3.0880427e-02
 -1.0435278e+00
 -9.5081490e-01
 -1.6252102e-01
 -1.0009811e+00
  4.8405421e-01
 -9.1644511e-02
  6.3676944e+00
 -1.0889310e+00
  4.6823341e-01
  2.6222169e-02
  3.2215193e-01
  8.3468184e-03
 -6.2520343e-01
  3.6743093e-01
 -1.2021702e-01
 -3.0269784e-01
  5.7942241e-01
 -6.6097856e-01
 -3.2795634e+00
 -3.4311235e-01
 -4.8979875e-01
  9.9903190e-01
  1.3000424e+00
 -2.9981181e-02
  4.6720285e-02
  7.6238662e-01
  2.0835368e-01
 -1.4183469e-01
 -2.1291973e-01
  1.6520372e-01
  1.1541891e+00
 -1.8726450e-01
  4.3924528e-01
  1.2649244e+00
  4.8516154e-01
 -9.9954164e-01
  4.5774144e-01
 -3.7225160e-01
 -2.1032274e-01
  8.9331686e-01
 -2.5335181e-01
  2.3364857e-01
  4.9339638e+00
  8.3934838e-01
  7.5191543e-02
  3.0837062e-01
  1.3351200e+00
  1.6327475e+00
  3.0459391e-02
  1.0121040e+00
  3.8804999e-01
 -1.7649372e-01
 -4.3689829e-01
  4.3783009e-01
  1.2979551e-01
 -1.5842432e-01
  8.4969640e-02
  6.1544901e-01
  1.1067288e+00
  2.8977036e+00
  8.0610573e-01
  1.2514393e+00
  1.4008658e-01
  5.3105229e-01
  7.9874802e-01
  4.0916193e-01
 -3.2154231e+00
  6.4794570e-02
 -1.2919572e-01
  5.4204017e-02
 -1.3456680e-01
  4.0666422e-01
 -7.4150693e-01
 -2.3066422e-01
 -2.8782053e+00
  3.7594062e-01
 -2.1671216e-01
 -5.3797215e-02
 -2.7874510e+00
  6.9850487e-01
  5.7486433e-01
  6.2214965e-01
 -9.0649527e-01
  6.9742554e-01
 -1.9177465e-02
 -2.0925424e+00
 -4.6791306e-01
 -4.2836651e-02
 -2.8543404e-01
  3.2208744e-01
  3.5868984e-01
 -1.0945688e+00
  1.3609232e+00
  3.5920161e-01
  8.1450081e-01
 -7.3050195e-01
  1.0632439e+00
  1.1202734e-02
  1.5551785e+00
  5.7764298e-01
 -1.0516150e+00
  1.2597525e-01
 -7.5785321e-01
 -6.2178111e-01
  4.6769044e-01
 -3.7534291e-01
 -1.3714836e+00
  5.7114923e-01
  3.3960870e-01
 -1.9638421e-01
 -5.0901937e-01
 -6.9361299e-01
  2.9822159e-01
  2.1019979e-01
  6.1970520e-01
  3.3457529e-02
 -2.0484525e-01
  1.1354630e-01
  3.2042503e-02
  7.0480660e-02
  1.1100602e-01
  5.3211786e-02
  2.6479533e-01
 -1.2182001e-01
 -1.2027455e-02
  2.5592300e-01
  3.6781535e-02
 -9.9913813e-03
  1.3438272e-01
 -5.4760847e-02
  7.6524951e-02
 -3.2826778e-03
  4.6517813e-01
  1.1066606e-01
 -2.1865107e-02
 -5.9892483e-02
 -2.3380078e-02
  1.1719994e-01
 -6.8727694e-02
  2.2224425e-01
  1.0353972e+00
  5.2683562e-01
  6.2848455e-01
  3.1988513e+00
 -1.3146055e+00
 -3.5072227e+00
  2.1888213e-01
 -7.9795152e-01
  1.7387243e-01
  6.6190332e-02
  3.4791473e-01
  2.0357966e-01
 -2.5475222e-01
 -5.3689331e-01
 -4.6299130e-02
 -1.2067952e+00
 -1.9839351e-01
  3.8776856e-02
  5.3169274e-01
  4.3545583e-01
 -5.1358062e-01
  3.9245989e-02
 -9.0138829e-01
  3.9345345e-01
 -3.9511684e-01
  6.7583121e-02
 -3.1093344e-01
  4.1996032e-01
  1.1090353e-01
  8.5816938e-01
 -2.7791861e-01
 -1.6191586e+00
 -3.4619924e-01
  3.0301341e-01
  1.2051250e+00
  8.8999145e-02
 -2.2108380e-01
  4.4214347e-01
 -3.5245422e-01
  4.8937339e-01
  4.6981341e-01
 -3.8071677e-01
  8.8045418e-01
  8.9011908e-01
 -5.0264066e-01
 -3.0322909e-02
  1.0526834e+00
  9.6399568e-02
 -7.5701481e-01
 -1.3264626e+00
 -7.4307501e-01
 -3.1039929e-01
  7.1490628e-01
  3.2473639e-01
  6.8446957e-03
 -1.2784125e+00
  9.9961959e-02
 -3.5655642e-01
  7.1315312e-01
 -4.6815777e-01
  2.6167470e-01
  9.9870926e-03
 -1.7942071e-01
 -2.1243296e+00
 -1.4312182e-01
 -1.7419908e+00
 -7.3448205e-01
  8.9856349e-02
  1.5717873e-01
 -2.8887939e-01
  2.1926808e-01
 -4.6557048e-01
  2.0927781e-01
  1.1012470e+00
 -1.1624648e-01
 -7.5785989e-01
 -8.7820989e-01
 -7.6352634e-02
 -2.6155961e-01
 -1.3814227e-01
 -6.8436939e-01
  8.5122997e-01
  2.7648749e+00
  2.9987475e-01
  3.3366686e-01
  2.9927760e-01
 -7.1616036e-01
  8.7295675e-01
  7.2068185e-01
 -2.6135463e-01
 -1.1065779e+00
  3.9900604e-01
  2.3928631e-02
  7.8417450e-02
  4.3062692e+00
  7.2227728e-01
  1.4443758e-01
  2.8272010e-02
  3.4809062e+00
  1.1229287e+00
  3.8489745e+00
  2.3186319e-01
  2.2241132e+00
 -2.6078084e-02
 -1.1207680e-01
  3.7285343e-02
  2.3311510e+00
 -4.6356473e-02
  1.0261668e-01
  3.7277547e-01
  7.0387393e-02
  8.7991416e-01
 -1.2509096e+00
 -7.4191654e-01
 -4.4551328e-01
 -1.1597086e+00
  8.9867301e-02
  6.0201186e-01
 -9.4913924e-01
 -3.0319626e-04
  1.2145635e-01
  1.3871133e-01
 -8.3603993e-02
  7.6697551e-02
  1.0568918e-02
  2.0866890e-01
 -2.3255621e-01
 -5.5380717e-02
  3.5509285e-02
 -2.4874734e-02
 -2.6407817e-01
 -2.3248915e-01
  2.4515145e-02
 -1.2550654e-01
 -9.1794550e-02
  1.9552395e-02
 -1.0925677e-01
 -8.1999652e-02
  2.2688872e-01
  1.5917474e-02
 -1.0198167e-01
  7.4284315e-02
  2.2933718e-02
  1.8842474e+00
  2.1381943e+00
 -1.4037886e+00
  5.2558303e-01
 -1.8009278e+00
 -4.1257176e-01
  1.1870060e+00
  3.1617248e-01
  2.8068998e-01
 -7.5014019e-01
  3.5116798e-01
 -5.4322333e+00
  2.5530997e-01
  3.8893220e-01
 -1.1064587e+00
  7.5468993e-01
 -1.5643740e-01
 -3.1489554e-01
  8.1983882e-01
 -6.6985631e-01
 -2.0722362e-01
  2.1660332e-01
 -9.5812684e-01
 -3.8048482e+00
  2.6115968e+00
  1.9594175e+00
 -1.2287756e-01
  5.4637700e-02
  1.5385286e+00
 -9.1819453e-01
  1.7169790e+00
 -4.1125834e-02
  5.0728953e-01
 -8.7685548e-02
  8.5860258e-01
  1.3605082e+00
  1.0881501e+00
  7.2736740e-01
  1.4905715e-01
  8.4998339e-02
  6.8960708e-01
  1.2987193e+00
  1.0313483e+00
 -6.3777536e-02
 -1.0497282e-01
 -5.4464284e-03
  1.6996384e-01
  1.3939965e-01
  1.9464904e-01
  2.0714307e-01
 -2.6733795e-01
 -1.4614769e+00
 -7.0855147e-01
  2.7764100e-01
  1.5828288e-01
  2.4083268e-02
 -6.3690788e-01
  5.6719458e-01
 -2.8701541e-01
 -7.1694016e+00
 -4.2153466e-01
 -6.9925374e-01
  2.0135920e+00
  1.0256183e+00
 -5.7001910e+00
 -8.8645256e-01
 -9.7994280e-01
  2.3287773e+00
  3.1237853e-01
 -8.7032402e-01
 -2.8913957e-01
  9.5333034e-01
 -1.1569262e-01
  6.0262084e-01
 -5.4088926e-01
 -1.0798338e-01
 -7.5756282e-01
  6.8331346e-02
  6.4731085e-01
  6.3339162e-01
  1.1091284e-01
  1.1521341e+00
 -4.4102408e-02
 -4.9006781e-01
 -8.2512528e-01
 -2.1499126e+00
  7.2882198e-02
  7.3347795e-01
  4.8899180e-01
 -1.7676681e-01
  4.6931148e+00
  1.3193777e-01
  6.0629666e-01
 -3.3353239e-01
 -5.9000754e-01
 -1.0598750e+00
  2.6551780e-01
  7.0128101e-01
  1.1331347e-01
  2.8222439e-01
  1.4831847e+00
  2.9905105e-01
 -1.2057420e+00
 -7.3153919e-01
 -2.4749368e-01
  1.1624865e-01
  4.3330356e-02
  3.4789207e+00
  9.9250335e-01
  5.6912094e-01
 -4.3409923e-01
  5.1975751e-01
  4.2423701e-01
  1.9443484e-01
 -5.2666360e-01
 -2.5714722e-02
 -7.7870393e-01
  9.9628404e-02
  4.0545470e-01
 -1.5550058e+00
 -1.0393375e-01
 -5.4913580e-02
 -4.1564506e-02
 -8.5677758e-02
 -4.5455983e-03
 -7.0950717e-02
  1.2531762e-01
 -4.7865145e-02
  2.7386004e-01
 -7.8080513e-02
  1.7504865e-01
 -4.6251644e-03
  2.9599008e-01
  2.1074811e-02
 -1.3713603e-01
  5.5962663e-02
 -2.8578550e-02
 -2.2865331e-02
  7.1029454e-02
  1.6018730e-02
  8.9022536e-03
  9.8421231e-02
  2.1428151e-01
 -1.3229661e-01
  1.0328808e-01
  1.1643063e+00
  3.4845307e-01
 -1.2483776e-01
  1.3799854e-01
  1.6673232e+00
  3.0633650e+00
  3.9435077e-01
  1.6439172e+00
 -4.0861359e-01
  2.7906868e-01
 -4.0327463e+00
 -7.6292974e-01
 -2.7061424e-01
  5.2108377e-01
  1.0443028e+00
 -1.8291905e+00
 -1.8161550e+00
  2.0703430e-01
 -1.8798706e-01
 -5.1839542e-01
 -8.9617632e-04
  3.6241758e-01
 -7.8422159e-01
  1.0644908e-01
  4.6975318e-01
  4.8609769e-01
 -5.6740686e-02
  8.1811422e-01
 -8.4956393e-02
 -1.8333232e-01
  2.5941077e-01
  1.5463367e+00
 -1.4421441e-02
  2.6490104e-01
  4.5691791e-01
  1.7556725e-01
 -1.6751589e+00
  1.1512147e-01
  1.0021013e+00
  8.2380104e-01
  1.2167381e+00
  1.5039178e-02
 -5.0763148e-01
 -4.3396977e-01
  1.1412471e-01
 -2.4522354e-01
 -4.9591489e+00
 -1.1091553e-01
 -1.0487005e-03
 -5.4857004e-01
 -2.1090462e+00
 -8.1845403e-01
 -1.8413186e-01
  3.0178213e-01
  8.7235051e-01
  3.1048137e-01
  4.5527077e-01
  8.5365361e-01
  5.5082202e-01
 -1.3743584e+00
  9.8734128e-01
  8.9677286e-01
  8.7797314e-01
 -5.6685138e+00
  1.5850918e+00
  1.1019391e+00
  2.2831212e-01
  9.0859991e-01
  5.2613658e-01
  1.2868622e-01
  9.9436617e-01
 -1.2540063e-01
 -2.2484601e-01
 -1.8118435e-01
  2.4606828e-03
  7.2438192e-01
  3.7889678e-02
  1.1801483e-01
  3.4597576e-01
  2.2066897e-02
 -7.9101163e-01
  4.0614805e-01
  1.3487506e+00
  4.6391946e-01
  1.5375268e+00
  2.6412541e-01
  1.1873699e+00
 -8.6645728e-01
  1.4505590e-01
  4.2732769e-01
 -9.2145689e-03
  1.3645899e+00
 -4.1447958e-01
 -7.7290632e-02
  1.7080518e+00
  5.1723820e-01
 -2.9194798e+00
 -9.0795308e-02
 -6.5790904e-01
  5.1709980e-01
  1.8846501e-02
 -2.9416008e+00
 -4.9383163e+00
 -3.6882717e-02
 -1.9472137e-02
  9.6857131e-02
 -4.8801470e+00
  9.5145571e-01
 -2.5946330e-02
 -5.3547257e-01
  5.1324850e-01
  1.8701719e-02
 -3.2144392e-01
 -7.4793351e-01
 -5.4157466e-01
  1.1071953e+00
 -2.1785146e-01
  6.3101906e-01
  2.4150515e+00
 -6.6057742e-02
 -3.6673803e-02
 -6.3384205e-02
 -1.3262700e-01
 -2.5504924e-02
 -2.9362684e-01
  1.1960937e-01
  5.5870883e-02
 -5.2097399e-02
 -1.5213433e-02
 -1.5837771e-03
 -8.0658551e-03
 -1.8071368e-01
 -1.3197662e-01
  7.4446388e-02
  6.0986869e-02
 -6.9551758e-02
  9.6257865e-02
  4.0283091e-02
  7.9870313e-02
 -4.7327202e-02
  9.7723696e-03
 -4.7812322e-03
  7.4138656e-02
 -8.0926341e-01
 -4.0055859e-01
  3.7959684e-02
 -1.8010991e+00
  6.4129889e-01
  4.5181160e+00
  2.6859951e+00
 -7.3863393e-01
 -1.5589629e+00
 -1.7545993e-02
  3.9831311e-01
  1.4110172e+00
  1.7144129e+00
  3.3265236e-01
 -3.8191563e-01
 -2.7687427e-01
  1.3609028e+00
 -3.1975445e-01
  2.9139560e-01
 -1.5188293e+00
 -1.2258646e+00
  4.1593376e-01
 -1.5407339e+00
 -7.2091323e-01
  2.2092159e-01
 -2.2626152e+00
  5.5864435e-01
 -3.7686580e-01
  1.0721424e+00
 -6.3385677e-01
  2.0298408e-01
 -3.3060865e+00
 -1.6733801e-01
 -2.3965922e-01
 -5.5627012e-01
  3.9520720e-01
  6.1022246e-01
  5.8817375e-01
  5.3188469e-02
 -1.8345879e-01
 -1.5175529e-01
  4.5746338e-01
  3.7522447e-01
  4.9850231e-01
 -1.8008676e-01
  6.2142637e-02
 -9.9549550e-01
 -2.1556494e+00
  2.5028723e-01
 -9.0830594e-01
 -1.6131666e+00
  1.7941536e-01
  1.0533875e-01
  4.9205905e-01
 -3.6547282e-01
  1.7534494e+00
  6.0708904e-01
  6.9326890e-01
 -4.9387035e-01
  2.6203716e+00
  1.8403552e-01
  4.6745783e-01
 -7.8583699e-01
 -6.6469914e-01
 -3.6333065e+00
  1.7628954e-01
 -1.5420777e-02
  5.4025596e-01
 -5.9436136e-01
  7.6683623e-01
 -9.5863199e-01
 -1.5147699e+00
 -1.4191806e-01
  3.8313508e-01
  2.0627819e-01
 -7.0984805e-01
  1.0471020e-01
  1.0755150e+00
 -2.4325708e-01
 -4.0405571e-01
  3.6303991e-01
 -1.9677113e-01
  1.8672533e-01
 -1.6622056e+00
  1.3739970e-02
  9.1677564e-01
 -4.0339530e-01
  1.6645278e-01
  4.1018629e-01
  3.9520627e-01
 -8.4116590e-01
  8.8423729e-02
 -1.3296025e-01
 -8.3844930e-01
 -4.8080266e-02
  1.9300586e+00
  5.2376211e-01
  1.2888725e+00
  3.1309383e+00
  3.1880710e-01
  1.2041202e+00
  2.7740316e+00
  3.4856945e-02
 -1.4485281e+00
 -2.3955691e-01
 -1.0412016e+00
  2.3774511e-01
 -2.5363603e+00
  1.4319523e-01
  1.3549086e-01
 -3.9195508e-01
 -5.8101863e-01
  4.7164485e-01
 -1.2808958e+00
  9.2806107e-01
 -1.3028572e+00
  1.1404715e+00
 -4.1897914e-01
  8.1018996e-01
  1.1666037e+00
  2.2789229e-02
 -2.4337633e-01
 -2.1525326e-01
 -7.4049411e-03
 -6.9571927e-02
 -1.5007019e-01
 -2.2979572e-02
  6.2341072e-02
 -5.7925142e-02
 -4.3042256e-03
 -5.2433599e-02
 -2.0168234e-02
  1.4979068e-02
 -2.3083981e-02
  1.0333554e-01
  4.8027962e-02
 -1.1462530e-02
 -2.1738200e-02
  1.7298397e-02
  2.4555791e-02
  5.0800011e-02
 -3.0729737e-02
  1.2924075e-01
 -1.0030685e-01
  5.9658349e-01
 -1.9036227e+00
  1.0540836e+00
  1.8581274e-01
  2.0212331e+00
 -1.7063506e+00
  2.0782118e-01
  1.1327879e+00
 -4.9394980e-01
  3.1446514e-01
  2.1120021e-01
 -1.0325954e-01
 -1.8507715e+00
  1.7432544e-01
  1.1581499e-02
  2.3138203e-01
  1.4139539e+00
  6.0182225e-02
 -5.8779713e-02
  2.2834831e-01
 -1.3827219e+00
 -1.3885920e-01
  1.9532000e+00
 -2.6406428e-01
  2.1964567e+00
 -7.8333730e-01
  7.1486980e-01
 -2.8425986e-01
  4.8149847e-03
  3.9243391e-01
 -7.6590955e-01
 -7.2009139e-02
  3.2508862e-01
  4.8338133e-01
  2.6285729e-01
 -1.2572566e+00
  2.5396642e-01
  3.2276250e-02
  3.4417557e-03
  5.4046098e-02
  2.5530618e-01
  1.2800440e-01
  9.0297925e-01
  1.0289570e+00
  8.3758354e-01
 -3.3025950e-01
 -8.6625171e-01
 -1.3421019e+00
  1.1869858e-01
 -3.9518023e-01
 -1.0170548e+00
 -2.1729622e+00
 -7.0497751e-01
 -9.7388697e-01
  3.4324806e-02
 -3.9923435e-01
 -9.1638041e-01
  1.2001041e-01
 -3.0141914e-01
  1.0688920e+00
  2.1737954e-01
 -3.5325485e-01
 -5.7367742e-01
 -6.7823857e-02
 -7.2647795e-02
  3.8743722e-01
  3.6560357e-02
 -1.5095725e+00
  5.5953723e-01
  3.5643712e-01
 -3.0988553e-01
 -6.8312329e-01
  1.3535422e-01
  7.2678280e-01
 -7.1779579e-01
  1.1066490e+00
 -1.2486367e-01
  1.3424103e+00
 -6.8492830e-01
  2.1931130e-01
  1.7405319e-01
  2.8185889e-01
  1.2635203e-01
  1.9308003e+00
 -3.5187222e-02
 -9.5719939e-01
 -1.2552621e+00
 -6.7603505e-01
 -6.2946987e-01
 -9.4303149e-01
 -6.7781463e+00
 -2.3727288e+00
  9.6733534e-01
  2.3443682e-01
 -1.2719685e-01
 -3.0908265e+00
 -2.1786779e-01
  3.2043001e-01
  3.5155580e+00
  1.3748162e+00
 -6.2855870e-01
  1.0913453e+00
  3.4618869e-02
  1.9582181e+00
 -4.5345408e-01
 -4.2227969e-01
 -5.6179143e-02
  6.4127737e-01
  7.2214633e-01
 -3.5935143e-01
 -2.4198069e-01
  6.4229411e-01
  1.1238871e+00
  1.4989567e-01
 -5.7159197e-01
 -4.6266511e-01
 -1.2336316e+00
  1.3471994e-01
 -1.0744531e-01
  3.6997502e+00
 -2.9905071e-02
  1.5592316e-01
  2.4276018e-01
 -7.1445473e-02
 -3.7666115e-01
  1.7519228e-01
 -4.3042161e-02
  8.6017415e-02
  9.1827109e-02
 -5.3456565e-03
  4.6792123e-03
 -7.3781043e-02
 -4.5173880e-02
 -3.3849964e-01
  3.8491420e-02
  3.3214483e-02
 -1.9821495e-01
 -3.8376011e-02
  2.4550281e-01
  2.1648843e-02
  4.6116482e-02
 -7.3173039e-02
 -9.3900226e-03
 -6.9238521e-02
 -9.9753875e-01
 -2.2363459e-01
  1.4406893e-01
  4.5594811e+00
  8.8284254e-01
  8.1870571e-02
  2.6891627e+00
  5.1967402e+00
 -2.9483376e+00
  4.6126211e-01
  3.4288391e-01
 -3.2257276e+00
 -4.3309277e-01
  1.3992733e+00
  3.6601779e-01
 -3.9175457e-01
 -1.5627760e-02
 -6.0421133e-01
  9.9093479e-01
 -3.2119355e-01
  1.1269951e+00
 -4.2571598e-01
 -8.3025521e-01
 -7.3856630e+00
 -1.9804136e-01
  1.0351475e-01
  6.4319086e-01
  1.8699735e+00
  1.8288227e+00
  1.4784009e-02
  3.7547824e-01
 -9.1276228e-02
 -3.6727771e-01
  2.5725099e-01
 -3.4996416e-02
 -1.7197028e+00
  4.4656664e-01
  1.5931754e-01
 -1.9721295e+00
 -2.3095965e-01
 -2.5958973e-01
 -1.5677208e+00
 -8.4454022e-02
 -2.0471556e+00
 -1.0382653e+00
  3.8491017e-01
  6.5550041e-01
 -2.0886104e+00
 -4.6795085e-02
  7.3330760e-02
  3.7621874e-01
  3.3493495e+00
  1.6982926e-01
  5.9656960e-01
  8.2280511e-01
  1.1288682e+00
  6.9168341e-01
 -3.5715561e-02
 -2.2991399e-01
 -2.9247332e+00
  1.9582702e-01
  1.2501457e+00
  1.5450195e+00
  5.8903915e-01
  4.2943602e+00
  3.8200906e-01
  9.0561628e-01
  3.0028996e-01
  4.8511216e-01
  1.8424772e-01
 -6.2729108e-01
 -1.3641784e+00
 -2.3117608e-01
  3.9474079e-01
  2.5531909e-01
  1.4711574e+00
 -5.8574235e-01
  2.6647532e-01
  8.6381096e-01
  2.0806868e+00
  1.1292444e+00
  4.6712971e-01
 -1.1833292e-01
 -4.7850647e+00
 -8.0972835e-02
  1.3566889e-01
  1.4840950e+00
  8.0327076e-01
  1.9968352e+00
  3.7531084e-01
 -2.8317443e-01
  2.1755033e+00
 -8.6139399e-01
  2.5333872e-01
 -1.8938255e-01
 -5.0255060e+00
  4.5167219e-02
 -3.3836381e+00
 -3.2651985e+00
 -4.1409421e+00
 -3.1560092e+00
 -3.3812017e+00
 -1.1371868e+00
 -3.0024173e+00
 -3.2757833e+00
  1.4696488e-01
 -4.3117529e-01
  2.7299485e+00
  3.3650810e-01
 -2.8752482e-01
  1.8435657e+00
 -5.1934814e-01
 -3.4364858e-01
  1.6358458e-01
 -1.0434260e+00
  1.4378445e+00
  1.3053234e+00
 -9.1178048e-01
 -2.2059807e-01
 -5.0426918e-01
  1.7221858e-01
  3.1102933e-02
 -6.7585339e-03
 -5.7539493e-02
  1.2012345e-01
 -1.0490414e-01
  2.4987787e-03
 -5.3271770e-02
  2.4050906e-02
  2.2693200e-01
  1.5658815e-01
  4.9607441e-02
 -1.1916299e-01
  2.0990420e-02
  2.7777473e-02
  9.3254343e-02
 -5.5051103e-02
 -3.7770212e-02
 -6.1900369e-03
  2.6667623e-02
  5.4403801e-02
  4.4150773e-01
  4.1948933e-02
 -5.0305072e-02
  1.0834367e+00
 -1.2468795e+00
  3.3955493e+00
  2.5085643e-01
 -1.8235540e-01
  2.0001183e-01
  9.9754566e-01
  4.0592513e+00
  4.4196153e+00
 -2.3252784e-01
 -1.2102494e-01
 -4.1244235e+00
  2.4108908e+00
  2.4777730e-01
 -4.1004169e-01
 -4.9657151e-01
 -2.1036445e-01
  1.0332491e-01
  6.1934632e-01
  1.2749791e-02
  1.8966167e-01
  3.0140430e-01
 -5.2468634e-01
  8.0322444e-01
  7.6589562e-02
  1.0053700e+00
  2.3088448e+00
  5.6818998e-01
 -5.4259354e-01
  1.8092595e+00
  3.8990569e-01
  1.6852380e+00
  1.7855991e+00
 -1.1349567e-01
 -1.6910547e-01
 -2.5500603e+00
 -9.9255584e-02
  7.6176155e-01
  1.2273829e+00
  1.2012146e+00
  1.0072688e+00
  1.3711625e+00
  1.4650301e+00
  5.4653502e-01
  5.3386199e-01
 -1.2579796e+00
 -3.2875186e-01
 -2.5636301e+00
  2.3632476e-01
 -3.7203392e-01
 -2.9570654e-01
  1.0689076e+00
 -6.4288390e-01
  7.8570664e-01
 -1.8275680e-02
 -6.5302789e-02
  3.3611199e-01
  2.0201795e-02
  1.0766779e-01
  2.9514977e-01
 -9.2091024e-01
 -1.1304862e+00
 -1.4230379e+00
 -2.6705146e+00
 -4.1864967e+00
  7.5185508e-01
  2.5518468e-01
  3.8872966e-01
 -5.1300448e-01
 -3.4270293e-01
 -4.6854442e-01
  1.6862395e+00
 -4.7180641e-01
  9.5591117e-03
 -3.4849826e-01
 -5.2089226e-02
 -1.2217077e+00
  2.3068655e+00
  6.4345127e-01
  3.4622931e-01
  1.0582100e+00
 -1.3365546e+00
  6.2512141e-01
 -1.9006087e+00
 -1.3501680e-01
  1.2156675e+00
  7.9815745e-01
  1.1488825e+00
  8.3126694e-02
  3.3782437e+00
  1.5342273e+00
  2.3454943e+00
  6.1825043e-01
  6.0284364e-01
 -2.4396278e-01
  1.5602382e+00
  2.2787078e-01
  3.3888909e-01
  4.6561423e-01
 -8.2270354e-01
  4.8044160e-01
 -5.0660360e-01
 -1.8754388e-01
  1.1264646e+00
  1.4033341e-01
  6.8109155e-01
  7.7722275e-01
 -1.7753370e+00
  1.1973693e+00
  3.2768545e-01
 -6.6191179e-01
 -1.2008343e+00
  6.6773504e-01
 -1.0949451e-01
 -1.1467273e+00
 -1.6243653e+00
 -1.9662483e+00
 -3.3579761e-01
 -4.9752882e-01
 -2.7852182e+00
 -1.7795969e-02
  9.3599632e-02
 -2.0870218e-01
  3.7587091e-02
 -1.2717341e-01
  4.5183975e-02
 -6.8643413e-02
 -1.0082044e-01
 -2.2026103e-02
  5.8505323e-02
 -2.4187303e-01
  8.6517036e-02
  7.4638225e-02
  9.9262439e-02
  6.0294617e-02
 -1.1055326e-01
 -2.4536415e-03
 -1.3336896e-02
 -2.5303450e-01
  2.5636432e-01
 -1.4508585e-02
  6.4343229e-02
 -1.8816596e-01
 -6.0628117e-03
  1.6862473e-01
  2.2179461e+00
  3.9396620e-01
 -1.3150041e-01
 -9.1694456e-01
 -5.9146181e-02
  1.0039278e-01
 -5.5116922e-01
  4.5827910e-01
 -2.2993475e-01
 -1.4158644e-01
  4.6228285e+00
  1.8926153e+00
  1.8222721e+00
  2.0846286e+00
  8.9882988e-01
  4.3209162e+00
  3.6704538e+00
  1.1307563e+00
 -3.6563367e-01
 -6.5691316e-01
  1.3716983e+00
 -3.4362447e-01
  3.8812954e+00
  2.5031054e+00
  5.8024111e+00
 -2.3533949e-01
  7.3544890e-01
  1.3459247e+00
  2.3572052e-01
 -1.3502735e+00
  3.9791247e-01
 -2.0118190e-01
  3.8090211e-01
 -2.4671388e-01
  6.3276047e-01
 -3.9523894e-01
  6.2361639e-02
 -9.8163523e-02
 -5.3627849e-02
 -1.3559204e-01
  8.4946357e-02
 -1.6869128e-01
  2.0058118e-01
  4.0583023e-01
  4.1487944e-01
  1.2815534e-01
  1.3814998e-01
 -8.9511150e-01
  9.3323964e-01
  8.0337954e-01
  2.3509793e-02
  1.4129052e-01
 -1.0199801e-01
 -1.0486802e+00
 -7.4494973e-02
 -1.2342398e+00
 -2.7522975e-01
 -2.8670555e-01
 -4.3295779e+00
 -1.6325434e+00
 -9.6572208e-01
  4.8238719e-01
  5.5856574e-01
  3.6442502e+00
  1.3263592e-02
 -2.4194386e+00
  5.9691329e-02
  1.4000989e+00
  1.1286217e-01
 -3.4789231e-01
 -3.8179880e-01
 -4.8018339e-01
 -5.0658542e-01
  2.5121307e-01
  2.9323125e-01
 -1.0158534e+00
  4.3210111e+00
 -8.7604904e-01
  1.9222246e+00
 -1.8576429e+00
 -7.8640589e-03
 -2.4466259e-02
 -4.2537725e-01
 -7.0358402e-01
  2.9731673e-01
  6.2850304e-02
 -5.1912224e-01
  2.5782979e-01
  2.2698352e-01
  4.3922690e-01
 -2.1048543e-01
  2.8050616e-01
  7.3686875e-02
  5.5288516e-02
 -2.0694993e+00
 -3.8992919e-02
 -6.0392326e-01
  4.1901821e-01
 -1.7737917e+00
  2.0911279e-01
  1.1684700e+00
  1.7693841e+00
  3.8973179e+00
  1.8798153e-01
  9.4483536e-01
 -6.6928482e-01
  2.2750771e+00
  1.8638441e-02
  9.5643008e-01
 -2.6601866e-02
 -2.0817494e+00
 -1.1476121e+00
  6.6343740e-02
  1.2202353e+00
  1.3687998e-01
  3.8006443e-01
 -4.9281603e-01
 -2.2200291e-01
  1.4493012e-01
  5.6284422e-05
  2.4016261e-01
 -3.3961050e-03
  2.8628689e-01
 -5.7182893e-02
  4.7448095e-02
  3.4699969e-02
  1.2948385e-01
 -3.5150468e-02
 -7.3559985e-02
  1.4443451e-01
  2.5993085e-01
  1.6694923e-01
  7.1482480e-02
  9.6268170e-02
 -6.2584914e-02
  7.7924794e-01
  8.1285626e-02
  4.5532588e-02
 -6.5138228e-03
 -5.5890819e-03
 -1.4906235e-02
  7.1530819e-02
 -1.9878575e-01
 -1.1981821e+00
 -5.8532167e-02
 -4.1884761e+00
 -2.8176627e+00
 -1.6874115e+00
 -8.1734732e-02
 -3.9202777e-01
 -3.4168048e+00
 -3.7075776e-01
 -3.6253914e-01
 -2.5652193e-02
  4.4980955e-01
  6.2430091e+00
 -8.1761020e-01
  2.1007870e-01
  4.8744804e-01
  1.1090055e+00
  5.2603108e-01
  3.8812524e-01
  9.8515224e-01
  3.1164500e-01
  7.9081672e-01
  1.0543135e+00
 -7.7036314e+00
  3.7157121e-01
 -3.2012340e-01
  2.1236219e-01
 -4.1582662e-01
  5.4012787e-01
  4.0150058e-02
 -6.7064136e-02
  1.1672144e+00
 -1.6163206e-01
 -4.5557991e-02
  4.2556763e-01
 -3.0734522e+00
 -2.3382504e-01
  1.4179130e-01
  1.0394903e+00
 -1.5835451e-01
  9.3646325e-02
  3.9628038e-01
 -2.1602997e-01
 -2.2036597e-01
  2.2391107e-02
  5.7163998e-02
 -1.1465943e-02
 -1.9810523e+00
  4.8940817e-01
 -7.2580659e-01
 -2.5433311e-01
 -1.1217868e+00
 -4.4790596e-01
 -1.8939989e+00
  3.8353691e-01
  1.4085171e-01
 -3.4857211e-01
  2.6303443e-01
 -2.2280329e-01
  3.7969925e+00
 -4.9768828e-02
 -8.7063856e-02
 -1.1387150e+00
 -4.1129779e-02
 -6.4240204e-04
 -1.1665682e-01
  1.3885287e+00
 -1.4636669e-01
 -2.7744374e-01
  7.0616305e-02
 -7.1158397e-01
  7.7386272e-01
  5.5097044e-03
  8.4151998e-02
  4.1310653e-01
  7.2278935e-01
 -7.5726241e-01
 -1.9878358e-02
 -7.5315452e-01
 -5.3972013e-02
  2.3769966e-01
  1.0812979e-01
  3.8119626e-01
 -1.2023067e+00
  3.1885168e-01
  2.3791561e-01
 -4.4513264e-01
 -1.9039519e-01
  1.0677365e-01
 -2.2775318e-02
  4.4130844e-01
 -4.0571642e-01
 -4.9699184e-01
  1.0101143e+00
  8.2360640e-02
 -4.3186073e+00
  8.7846316e-02
  6.6098410e-01
 -6.0077798e-01
  1.5248445e-01
 -5.8367074e-01
 -5.9203911e-01
 -1.3585372e+00
  8.2450849e-01
  1.5598880e+00
 -6.0426927e-01
  3.5382919e-02
  6.5437126e-01
 -3.0726437e-02
  3.0696923e-01
 -3.0525960e-04
  3.6903549e-02
  2.4635088e-01
  9.1439128e-02
  1.0900123e-01
  3.3368472e-02
  5.2434602e-04
  3.0959323e-01
 -7.6363403e-01
 -1.3989465e-01
 -3.6912102e-02
  2.5325865e-01
  6.7075990e-02
 -8.4383721e-03
  5.1972792e-02
  3.4763750e-02
  7.6083958e-02
  4.0270057e-02
 -2.4043053e-02
 -2.3107190e-02
 -3.7769552e-02
 -2.9211083e-01
 -3.0925062e-01
  3.5355330e-02
  5.9449095e-02
 -6.9916084e-02
  7.5382911e-02
 -4.9315214e-02
  4.9341466e-02
  1.7997804e-01
  1.8981571e-01
  2.8692475e-01
  2.5234810e-01
  2.6219657e-01
 -2.1609953e-01
  2.5102422e-01
  1.7230463e+00
 -7.2504514e-01
  4.4707659e-01
 -1.7610380e-01
  6.3909966e-01
  1.6637178e-01
  4.5857817e-01
 -4.6009704e-01
 -3.0708936e-01
 -2.9423065e+00
 -7.5502902e-01
 -3.5663940e-02
 -1.1175925e-01
  8.0887866e-01
  4.8205802e-01
 -1.9581730e+00
 -3.0530310e-01
 -1.9055252e-01
  1.2332889e+00
  8.5371122e-02
 -1.7861733e-01
 -8.5916525e-01
  6.7296499e-01
  1.0825820e+00
  6.5325534e-01
 -4.8486274e-01
  1.2679410e+00
  3.7128615e-01
 -2.2765833e-01
 -6.1791420e-01
 -4.0465534e-01
  8.0773807e-01
 -4.6004242e-01
  2.3993680e+00
 -3.4737551e-01
 -6.1315194e-02
 -3.4689620e-01
  1.5117811e-01
 -3.6619490e-01
 -9.2660421e-01
 -6.3515317e-01
  4.7945011e-01
 -4.7574726e-01
  3.3234492e-01
 -3.9779064e-01
 -7.7641606e-01
  3.2689281e-02
 -6.5105742e-01
  1.0876437e-01
  2.7577274e+00
 -5.0403404e-01
 -1.1700553e+00
  9.0740710e-01
 -4.1297096e-01
 -1.6523741e-01
 -1.2505057e-01
  2.9093835e-01
  1.3317323e+00
  4.1164547e-01
 -4.4946593e-01
  2.2786881e-01
 -1.7177602e+00
  1.1094033e-01
 -8.5557258e-01
 -2.0688221e+00
 -1.9856858e+00
 -7.2371799e-01
  3.6878664e-02
 -1.3889430e-01
 -4.0061212e+00
  5.6413120e-01
  1.4043318e-02
  4.7409081e-01
 -2.3284602e-01
  3.2843721e-01
  1.7919958e+00
 -3.1950071e-01
 -1.7572504e+00
 -5.5049592e-01
 -4.1875854e-01
  2.0728335e-01
  9.9668646e-01
  7.4606204e-01
 -5.8811164e-01
 -1.1433221e-01
 -2.3307055e-01
  1.8265667e+00
 -2.4314578e-01
  5.0495200e-02
 -9.4973963e-01
  1.0786080e+00
 -1.8197647e-01
  5.0351000e-01
  2.5294454e+00
 -7.9560250e-01
  1.1356949e-01
 -3.9284688e-01
 -8.2778615e-01
 -2.1833682e-01
 -2.6152450e-01
 -3.8229924e-01
 -9.4537240e-01
 -2.5348714e-01
 -1.5650268e-01
  3.4487101e-01
  3.7003931e-01
 -2.6288107e-01
  2.5552002e-01
 -1.3630785e+00
  3.0261251e-01
  1.1456671e-01
 -5.2204013e-02
 -6.9180436e-02
  1.0544329e-01
 -9.9468105e-02
 -4.4659328e-01
 -1.0256943e+00
  7.0464951e-01
 -3.4599293e-02
  1.9649228e-02
 -1.7259851e-02
  1.8393594e-01
 -5.9364460e-02
  5.0100662e-02
 -1.4846975e-01
  4.4782791e-02
  2.3571113e-02
  6.7708276e-02
  1.2795168e-01
 -8.3043538e-02
 -1.3009923e-02
 -6.2847532e-02
 -4.0140241e-02
 -1.5179174e-01
  9.7338952e-02
  1.6364355e-01
 -1.3783503e-01
  1.2503867e-01
 -3.4859758e-02
 -1.2219628e-01
 -6.4045757e-02
  2.7661834e-02
 -7.1639341e-01
 -9.0431559e-01
  2.9903451e-01
 -1.5363898e-02
 -3.2785438e-02
 -7.4802734e-02
  4.2262644e-01
 -3.8097414e-01
  5.9764776e-02
  5.6732976e-01
 -8.5533574e-02
  1.9903904e+00
  2.0668824e+00
  1.3981900e+00
 -4.7475475e-01
 -6.2379371e-02
 -9.6813357e-01
 -1.3886179e+00
 -4.8753521e-01
 -2.0036715e-01
 -4.6258187e+00
 -3.1608805e-01
 -9.2806399e-02
 -2.4685965e+00
  6.0704857e-01
 -4.6517830e+00
  3.3833103e+00
  1.2242536e-01
 -6.3432652e-01
  5.1207680e-01
  7.1832234e-01
 -8.0495441e-01
 -6.9598019e-02
  4.7514784e-01
  9.9128407e-01
  1.1903368e+00
 -2.0670177e-01
 -6.9714673e-02
  5.5008441e-02
 -4.5631435e-02
  2.6498610e-01
  4.3741199e-01
 -5.0782301e-02
  4.3812457e-01
  2.9694548e-01
  1.1956781e-01
  5.5084932e-01
 -1.5076799e+00
 -2.3746903e-01
 -1.4298857e+00
  1.4051782e+00
  1.4245975e+00
  6.1306047e-01
  8.2436079e-01
  4.5218569e-01
  1.1055893e+00
 -8.8270113e-02
  1.0045584e-01
 -1.9399634e-01
  3.5755069e+00
 -7.7119160e-01
  7.5842030e-02
 -1.8437747e+00
  2.6235488e-01
  7.6487744e-01
 -2.6427743e-01
  1.7391102e+00
 -7.6980907e-03
 -7.6992607e-01
  5.5639058e-02
 -5.4044831e-01
 -3.4044889e-01
  9.5237845e-01
 -8.2800686e-01
 -2.8230509e-01
 -1.0375535e+00
 -5.2964234e-01
 -1.2428756e+00
  4.9573964e-01
  6.8961346e-01
  9.1323668e-01
  4.5626813e-01
 -1.5996970e-01
  1.5668000e+00
  3.5410011e-01
  5.5462372e-01
  6.0869229e-01
 -7.5201994e-01
  5.9228933e-01
 -1.4849295e-01
 -6.9452934e-02
  6.5701790e-02
  4.5522353e-01
  5.7066210e-02
  1.6486694e-01
  4.2711124e-01
 -5.4590559e-01
 -3.3537504e-01
 -1.8206686e-02
  1.1499642e-01
 -1.1466134e-01
 -6.3149428e-01
  1.0825840e-01
  2.3409648e+00
  2.4615209e-01
 -3.3991751e-01
  5.5575673e-02
 -8.5198431e+00
  1.3967451e+00
  1.8981355e-01
 -8.5283928e-02
  1.5646670e+00
  1.4515874e+00
  2.1379288e-01
  1.1197210e-03
  2.1676102e-01
 -1.0704180e+00
  1.3567669e+00
 -2.4637935e-01
  4.2215270e-01
 -2.5718293e-01
  1.0341004e-01
 -1.0960449e-02
 -7.9261675e-02
  9.1174841e-03
  4.6593010e-02
 -2.5197525e-02
  1.9822365e-01
  1.2663227e-01
 -1.1582717e-01
  4.3748144e-02
 -1.0005557e-01
  6.7236848e-02
  1.2762150e-01
  1.5028292e-01
 -6.6537835e-02
  1.7720303e-01
 -1.6935194e-01
 -1.6591053e-01
  4.0543463e-02
 -1.5290694e-01
  1.3682473e-01
  4.7646485e-02
  4.3797400e-02
 -3.2034889e-01
  1.2137687e+00
 -1.1462487e+00
 -1.3907170e+00
 -8.5361284e-01
 -1.4460019e+00
 -1.6570305e+00
  3.7393603e+00
 -6.5568551e-02
 -2.5955155e-01
  3.7178636e-01
 -2.1000309e+00
 -3.1491013e+00
 -4.9374871e+00
 -1.4670342e+00
 -3.1680503e-01
  7.1529126e-01
  5.2928013e-01
  2.2241066e-01
 -1.1620474e+00
 -6.3344769e+00
  7.3787159e-01
  8.4339821e-01
  2.0061116e+00
 -1.1499996e+00
 -3.7138584e+00
  5.7931000e-01
  3.0111369e-01
  3.8797042e-01
  1.2379548e-01
 -3.8418311e-01
  1.3460057e+00
 -9.4708896e-01
 -6.8520236e-01
 -2.0850797e-01
  2.9873317e-01
  2.0684275e-01
 -1.1067452e-01
 -1.2744065e-01
  3.9605239e-01
 -3.5469612e-01
 -4.5422751e-01
 -3.2149914e-01
  5.6894809e-02
  5.2069741e-01
  2.9472116e-02
 -9.4578075e-01
 -4.3931127e+00
  5.0184810e-01
 -1.2478722e-01
 -6.4698005e-01
 -4.7670028e-01
  5.4901195e-01
 -1.1429965e-01
 -3.5201371e-02
 -3.6537118e-02
 -2.2165444e-02
 -4.9907979e-01
 -6.9087881e-01
  8.0379686e+00
 -1.0155392e-02
  1.4956549e+00
  5.8272356e-01
 -1.7000742e-01
 -1.5057255e-01
 -6.1896610e-01
 -6.9965047e-01
 -2.9387233e-01
  6.9208914e-01
  5.1300842e-01
  7.7622704e-02
 -1.7070753e-02
  2.5011149e-01
  5.5459481e-01
 -9.6896905e-01
  2.4432099e-01
 -1.3044809e-01
  4.1599041e-01
 -1.1262703e+00
 -7.6063037e-02
 -2.7624775e-02
 -5.5103362e-02
 -3.2585230e-01
  2.6907461e+00
  3.5354006e-01
 -1.1450459e+00
 -1.2558422e+00
  8.2320213e-02
  4.2290577e-01
  8.5542107e-01
 -6.1358905e+00
 -1.0702851e+00
 -2.7370596e-01
 -2.2112415e+00
  5.5008477e-01
 -7.9018216e+00
 -1.8921201e-01
 -3.1365508e-01
 -1.0379107e-01
 -5.3721690e-01
 -2.8209767e-01
  3.1615981e-01
 -8.1474859e-01
  9.3709692e-02
  5.8080298e-01
  5.7784125e-02
 -2.8080440e-01
  2.3935659e+00
 -4.0882826e-01
 -4.4730684e-01
  2.0952243e-01
 -5.1729059e-01
 -6.1231151e-02
 -3.2294858e-02
  2.4921615e-01
  1.3055894e-01
  5.8108962e-01
  1.0217651e+00
  4.1605541e-01
 -3.4062765e+00
 -8.9756399e-03
  1.2841563e-02
 -1.2152018e-01
  1.1766905e-01
 -1.2971757e-02
 -3.3386033e-02
 -3.7162099e-04
  2.7486786e-01
  1.7614080e-02
  4.9369209e-02
 -1.8668449e-02
  1.0068857e-01
  1.8566976e-01
 -1.8969046e-02
 -1.0217483e-01
  3.1865187e-02
  9.3786724e-02
  7.2226822e-03
  3.4569342e-02
 -3.3143256e-03
 -1.1816346e-01
  3.5033241e-02
 -2.9529553e-02
 -3.6161337e-02
 -8.4044772e-01
 -6.7314959e-01
 -7.2519839e-01
  1.2314981e+00
  5.3248906e-01
 -6.8650670e-02
  1.1654192e+00
  3.8744658e-01
  7.3814154e-01
 -2.5735736e-01
 -3.2375592e-01
 -5.1060672e+00
  5.1400399e+00
  3.7756166e-01
  1.2040681e+00
  5.0938505e-01
  5.4358039e+00
  7.3867045e-02
  1.1936267e-01
  2.4606660e-01
  2.6730173e+00
  2.5911558e-01
 -6.4271635e-01
 -1.4313580e+00
  9.4771230e-01
  1.2280828e+00
 -2.3583507e-02
  6.3562298e-01
 -5.5253494e-01
  6.3697040e-02
  8.1622380e-01
  5.0902051e-01
 -4.8980725e-01
  3.2192814e-01
  3.8647171e-02
  1.3912491e+00
 -3.9331220e-02
 -4.4730362e-03
 -1.0289123e+00
 -5.3920579e-01
 -3.8545364e-01
 -1.0046443e+00
 -6.6147405e-01
  4.5835748e-01
 -6.7731923e-01
 -4.5806819e-01
 -3.0418423e-01
  2.9935224e+00
  4.2109001e-02
 -1.3169608e+00
  1.7478782e-01
 -9.2382139e-01
  1.2675349e-01
 -7.0717007e-01
  1.2835145e-01
 -1.9770220e-01
 -1.4179709e+00
 -6.8821423e-02
 -8.6690128e-01
  3.6531971e+00
  6.8806082e-01
 -4.9706277e-01
 -4.6306077e-01
 -3.3179939e-01
 -1.8813776e+00
 -1.6464400e+00
 -3.6999345e-01
 -1.8934691e+00
  5.4457062e-01
 -1.0160464e-01
  5.4268628e-01
  1.2621669e+00
  1.0230740e+00
  2.8626978e-01
  1.2147178e-01
  1.0369204e+00
  1.3609821e+00
 -2.0940681e+00
  4.3685570e-01
  2.2921480e-01
  7.3880088e-01
 -8.4899612e-02
  3.1569633e-01
  2.1347377e+00
  2.5054449e-01
  3.2537684e-01
 -1.1861329e+00
  3.3419635e+00
 -2.0005691e-01
  8.4305638e-01
  1.6236477e+00
  2.0977730e-01
  9.6409582e-02
  4.0649745e-01
  1.3437220e-01
  3.2170587e+00
  8.5866630e-01
  1.3689764e+00
 -3.4092773e-02
 -9.2915958e-03
  7.9276729e-01
 -8.1947201e-01
  3.5641643e-01
 -3.4152286e+00
  3.0983305e-01
  2.7727851e-01
 -4.2081633e-01
  2.7926240e+00
  5.5062217e-01
  6.1407232e-01
  2.2760938e-01
 -5.2424703e+00
 -6.3501693e-02
 -5.5437058e-02
  1.1058475e-01
  4.6166360e-01
 -1.3848188e+00
  4.7261351e-01
  1.7342767e-01
 -4.3930898e+00
 -6.2668279e-02
  1.1927862e-01
  6.2339671e-02
  3.6808521e-01
 -8.0451734e-02
 -5.9846774e-02
 -1.3040298e-01
  4.9777642e-02
  1.6847855e-01
 -1.5429050e-01
 -1.6847827e-01
 -9.0136014e-02
  3.4178424e-01
 -1.9003202e-01
 -3.6271151e-02
 -2.0297119e-02
  1.4581516e-01
 -1.4781602e-01
  1.5485860e-01
  1.0371387e-02
 -2.5239998e-02
  1.7169107e-01
  6.2370706e-02
  1.1431970e-01
 -7.3862422e-01
 -5.8213860e-02
  3.1271679e+00
 -6.2604457e-01
  2.5499001e-01
 -2.3025897e+00
 -6.7324835e-01
  2.6337109e+00
  1.2779073e+00
  3.7876186e-01
 -2.0648313e-01
 -1.2216237e+00
  1.5164886e+00
 -1.6976768e-02
  4.1287799e+00
  9.8971945e-01
  7.6788908e-01
 -2.4901154e+00
 -2.4336922e-01
  1.3239554e-01
  6.8650258e-01
 -2.7193886e-01
 -5.9672531e-02
  4.1385598e+00
  7.1542901e-01
 -1.8368835e+00
 -2.1033740e+00
  2.8356764e-01
 -1.6083471e+00
 -1.1751066e+00
 -1.2201792e+00
 -4.8144588e-01
 -1.3692796e+00
  1.6834311e-01
  5.4380190e-01
  4.0064607e+00
  1.9949015e-02
  6.4364260e-01
  5.7169259e-01
 -5.1265204e-01
  6.2391289e-02
 -5.9372997e-01
 -2.3442677e-01
  4.1229618e-01
 -4.4061508e-02
 -9.0274267e-02
 -4.8218706e-01
  3.5412419e+00
 -3.0176960e-02
  7.7104431e-01
  3.7539452e-01
  5.1310289e-01
 -1.1277527e-01
  4.4730794e-01
  5.1575743e-02
  1.3415443e+00
 -4.1741291e-01
 -6.3165301e-01
  2.1106909e-01
 -8.9032298e-01
 -1.7388287e+00
 -1.2333205e+00
 -1.6866559e-01
 -6.4746672e-01
  1.7802192e+00
 -8.4878579e-02
  5.5606508e-01
 -2.6445469e-02
 -1.8966372e-01
 -1.9035050e-01
  1.0073516e-01
 -3.2495868e+00
  1.6425526e-01
 -1.0328159e-01
 -5.1825821e-01
 -2.1279815e-01
  1.6322021e-01
 -1.0414377e+00
 -1.0202257e-01
  1.4239217e-01
  1.1995801e-01
  5.4518931e-02
  7.7134985e-01
 -1.6283029e+00
  3.2166518e-02
 -1.7328337e-01
 -3.1506132e-02
 -1.3428873e+00
 -2.7719998e-01
 -3.1359723e+00
  1.7467115e+00
 -1.0894248e+00
  6.4478740e-02
  4.3797636e+00
  1.5925671e-01
 -1.5249052e+00
 -2.0757127e-01
  5.9735808e-03
 -2.3160970e-01
  1.8511562e+00
 -1.6715943e+00
  6.2885068e-02
 -6.7684567e-01
 -4.1050882e+00
 -2.1176729e+00
 -1.8128031e-01
  9.5157218e-01
  1.2679598e+00
 -5.7007360e-01
  3.0390982e-02
  3.0694615e-02
  6.0878730e-01
 -8.9181924e-01
 -2.6999857e+00
 -7.8223519e-02
  1.5061571e-01
 -4.0600675e-01
 -2.3144817e-01
  8.9079291e-03
  4.7481424e-01
 -6.4727463e-02
 -3.6992021e-03
  1.6849712e-02
 -9.4210252e-02
 -5.1191520e-02
  5.2187973e-01
  2.1588918e-02
 -1.0845231e-01
  3.3291009e-01
  5.7098571e-02
  1.2614177e-01
  2.0417232e-02
 -7.6466682e-04
  6.7106768e-02
 -1.0673758e-01
 -4.8925679e-02
  2.8474579e-02
  1.2136161e-01
  1.8848374e-01
 -2.0779900e-02
 -4.1947130e-02
  5.6389540e-02
 -2.6314015e-02
 -1.0019334e-01
 -3.1815967e-01
 -1.0743445e-01
 -1.5140395e+00
 -8.9929730e-01
 -9.7885087e-02
 -1.0493335e+00
  9.8247218e-01
 -1.6516707e+00
  3.1827848e-02
  3.9133275e-01
  2.0439820e-01
  2.2653487e+00
  2.4455013e+00
  8.2423897e+00
  2.8227293e+00
 -3.4263883e-02
  9.7737086e-01
 -1.0275496e+00
 -1.3441029e-01
  2.0715474e-01
  1.1645118e+00
 -9.2304289e-01
 -8.4538406e-01
 -3.3443842e+00
  4.0115262e-03
  5.6982608e+00
 -1.8908942e-01
  3.2375357e-01
  1.1384784e+00
 -3.0059275e-01
 -1.5090483e+00
 -5.2609497e-01
 -1.3874754e+00
 -5.7899660e-01
 -5.1727239e-02
 -1.6358122e+00
  1.4683843e-01
  5.2037418e-01
 -4.0694818e-01
 -7.1721959e-01
  3.9075905e-01
 -3.0386242e-01
  2.8876522e-01
 -1.3181989e+00
 -9.6830308e-02
  5.2416039e-01
 -8.6408406e-03
  7.6244324e-01
  9.8115824e-02
  4.5403677e-01
 -3.3911401e-03
  5.0975555e-01
 -7.0842367e-01
 -5.5377852e-02
 -1.2933187e+00
  5.3411692e-01
  9.1556147e-02
 -2.1018609e-01
  7.9063676e-02
  4.0425694e-01
  3.1354979e-02
 -3.1177998e-02
 -9.2838830e-01
 -3.5916941e+00
 -3.9871964e+00
  9.9140435e-01
  6.1992264e-01
 -8.9846104e-01
 -5.2568001e-01
 -5.6208533e-01
  3.3815745e-01
  1.1599253e+00
 -3.0515599e+00
 -1.4475892e-01
 -1.4211304e-01
  3.2651359e-01
  6.1049201e-02
  2.3137863e+00
 -2.1718407e-01
 -2.9146701e-01
 -1.6005438e-02
 -8.6594987e-01
  1.6038334e-01
 -4.3253226e+00
 -1.7292106e-01
  1.0071961e+00
  2.7608055e-01
 -1.8178838e-01
  1.7699746e-02
 -8.0352731e-02
 -5.9182417e-01
  1.6285776e-01
 -6.2067024e-02
 -3.4274006e-01
  3.0921587e-01
 -2.2923293e+00
  5.5031544e-01
  1.8974781e-02
 -1.1273876e-02
 -3.1383404e-01
 -6.3585557e-02
 -8.7150179e-02
 -5.3763688e-01
 -4.8216397e-01
 -3.8580999e-01
 -5.6249869e-01
  1.7090972e-01
  3.8550525e+00
  2.0263412e+00
 -6.2477463e-01
  1.1919397e+00
  1.0020809e+00
 -1.9935575e-01
 -3.8383819e-02
 -2.9006368e-01
  2.5237125e-01
 -2.0099773e+00
 -2.2772059e-01
  2.1149971e-01
 -3.4704609e+00
 -9.2774229e-03
 -1.7093161e-02
  3.3630911e-02
 -6.8376452e-02
  6.5037534e-02
  3.3742916e-02
 -7.4904770e-02
  4.3275705e-01
  1.1657882e-02
 -2.0305952e-02
 -6.4528234e-02
 -5.4778263e-02
 -1.2414353e-01
  7.3936559e-02
  2.5921073e-02
 -1.8845545e-01
  5.7777669e-02
 -2.6665297e-01
 -2.5438530e-02
 -1.1776333e-01
 -4.6430923e-02
 -2.4846285e-03
 -1.1191134e-02
  1.1721021e-01
 -6.7159200e-01
 -4.4908816e-01
 -1.2059578e+00
 -3.9725488e-01
  2.6957056e-01
 -2.2318511e-01
 -8.3608794e-01
  5.9264112e-01
 -6.5098697e-01
 -1.4927517e-01
 -4.1453835e-02
 -2.9674003e+00
 -4.3368825e-01
  5.7542257e+00
 -4.8460811e-02
  7.9499644e-01
 -2.3586430e-02
  2.4536738e+00
  1.1277305e-01
  1.0357029e+00
 -3.3959849e+00
  3.8620245e-01
  1.1494556e-01
  4.7287673e-02
  3.1831783e-01
  1.3710769e+00
  2.5486434e-01
  1.7157079e-01
  4.2643065e+00
 -2.7734566e-01
  1.7467377e+00
  8.2440311e-01
  2.9778147e+00
 -4.3659073e-01
 -2.5300810e-01
  4.4142766e+00
 -2.7507550e-01
  1.0939042e-01
  5.5691010e-01
 -1.5498602e-01
  1.0090137e-02
  2.4885358e-01
 -5.2365440e-01
  4.3438304e-02
 -4.3610671e-01
 -3.7703037e-02
  1.0231940e+00
 -1.0238892e+00
 -9.0365881e-01
 -1.6717225e-01
 -1.2748966e+00
 -6.2646639e-01
 -1.0529834e+00
 -2.6706249e-01
 -7.5062400e-01
 -9.8865265e-01
 -3.1399729e+00
 -3.6007252e-01
 -5.3362375e-01
  2.7842553e+00
  2.8895751e-01
  8.7301042e-03
 -1.8194009e+00
 -1.7275755e+00
 -2.7757549e-01
  8.8826078e-01
 -9.0766454e-01
 -2.5584587e-01
 -1.9595358e+00
 -9.9105731e-02
 -8.4303087e-01
 -4.0189266e+00
 -7.2555318e-02
  4.8793927e-01
  8.4889564e-04
  6.1130524e-02
 -1.5203969e-01
 -3.5583922e-01
 -2.4382795e-01
 -1.3119790e-01
 -8.8658816e-01
 -1.3527934e-01
 -2.5608751e-01
  5.5611820e+00
  1.1366313e+00
  2.1579154e+00
 -9.0673614e-01
 -1.5330246e-01
  8.9668840e-01
 -4.1173071e-01
  4.2976522e-01
  7.6669268e-02
  1.0926680e-01
  3.3693773e-01
 -1.1699322e+00
 -4.6830277e+00
  2.0294239e-01
  8.2455105e-01
  7.6230919e-01
  1.1492534e+00
  2.1464255e-01
  8.7402248e-01
 -3.6757559e-01
  4.2847177e-01
  1.2060159e+00
 -1.6291262e-01
  6.5131672e-02
  3.1034400e+00
 -7.1128315e-01
 -2.9361320e-01
  9.9478945e-02
  8.1166959e-01
  3.3695629e-01
  7.0137644e-01
  2.4821076e-01
  7.2004271e-01
 -1.8265337e-01
  7.8243273e-01
 -1.4233123e-01
  4.4780311e-01
  7.5303607e-02
 -7.2494987e-04
  4.7853041e-02
  6.3550361e-02
 -6.2068794e-02
 -9.1091171e-02
  5.8715433e-02
  1.9694240e-01
 -9.1221444e-03
 -3.3501443e-02
  1.4767236e-01
  1.0471200e-02
  6.1747402e-02
 -2.2853926e-02
  2.3325281e-02
 -3.0102698e-02
  7.8180470e-03
  1.4352764e-02
 -9.1474324e-02
 -5.2928507e-02
 -2.2281648e-03
  1.3499835e-02
  1.7564451e-02
 -5.6457832e-03
 -6.3180113e-01
  3.4660804e-01
  5.8898848e-01
 -1.7346473e+00
 -1.3438468e+00
  3.4212497e-01
  3.4934676e+00
 -1.2566348e+00
  4.8652938e-01
 -8.1889801e-02
  6.0806841e-01
 -1.1640676e+00
  2.1850150e+00
 -4.0289702e+00
 -5.0820976e-01
 -9.4685152e-02
 -1.5343677e+00
 -7.0888605e+00
 -2.6443757e-02
 -1.4163814e-01
 -7.4010342e-01
 -4.0559775e-01
  2.4170578e-01
 -8.9191872e-01
  4.1913411e-01
  2.5984225e-01
  3.5827804e-01
 -1.5392847e+00
 -1.3408712e-01
 -1.8909601e+00
 -5.8034801e-01
 -1.5158084e-01
 -3.3193789e-02
 -5.6915963e-01
 -1.0059185e-01
  1.3972496e+00
 -4.3941379e-02
 -5.8750522e-01
 -1.0197552e-01
  2.7263492e-02
  8.3962166e-01
 -5.7694364e-01
 -8.6919171e-01
 -1.9055185e-01
 -2.3364507e-01
 -3.7751961e-01
  3.2046136e-01
  1.7964933e+00
  9.4526768e-02
  1.1128184e+00
  7.8256726e-01
  1.0279614e+00
  1.1492722e+00
  3.1342930e-01
  3.2329839e-01
  1.3027477e+00
  1.7953466e+00
  2.7194746e-02
  4.5345137e-01
  4.2816477e+00
 -2.0041250e-02
  6.7183569e-02
  7.3328590e-01
 -5.7591897e-02
 -3.1441360e+00
 -2.5421351e-01
  8.8166517e-01
  1.0902915e-01
  5.7665449e-02
 -1.3657761e-01
 -1.3172537e-01
  4.8832104e-01
  6.1243111e-01
 -5.7148260e-01
  7.4168265e-02
  5.3294826e-01
 -4.6778318e-01
 -8.7333053e-01
 -1.0551015e-01
  8.6299890e-01
 -1.0980328e+00
  9.8437703e-01
 -1.0789207e-01
  4.4854927e+00
 -1.9302949e-01
 -1.3487737e+00
 -1.2606165e+00
  4.2680860e-01
 -1.7892022e+00
  2.4848792e-01
 -2.1099796e+00
 -1.1972695e-01
 -2.5786579e-01
  1.6062528e-01
  5.3755111e-01
  2.5966673e+00
 -8.2084787e-01
  6.4435887e-01
 -2.2747405e-03
 -8.2085609e-01
  6.3774556e-01
 -7.8536701e-01
 -1.3965796e+00
 -8.8172078e-01
 -8.8926084e-02
 -1.1996404e-01
  3.3553249e-01
 -9.8823301e-02
  5.9880698e-01
  1.7398603e-01
 -7.5642087e-02
  8.9713536e-02
 -3.0948377e-01
 -1.6085328e-01
 -1.9301011e-01
  4.2073193e-01
  2.0573364e-01
 -1.9412366e-01
  1.6402169e-01
 -1.1199888e-01
 -1.4648881e-02
  3.1729844e-01
 -1.5583208e-01
  4.1399632e-02
 -1.7502885e-01
  3.7136927e-02
 -1.6980213e-01
  1.5786774e-01
 -4.1335085e-01
 -2.7998384e-02
 -2.9177070e-02
 -6.2407281e-02
 -7.4876927e-02
  1.4025901e-01
 -1.7511751e-01
  9.0105824e-02
  1.9225639e-01
  1.0093205e-01
 -1.8158831e-01
 -8.1295036e-03
  1.6735487e-01
  1.3428017e-01
 -1.2060975e-01
 -9.7239353e-03
 -6.9596700e-04
 -2.5478959e-01
  1.3780357e+00
  3.0155969e+00
  6.0568787e-03
  5.2559576e+00
  5.7841831e-01
  5.9710908e-01
  5.5617034e-01
  1.6945294e-01
  6.3177533e-02
  1.1221068e+00
  4.8147613e-01
 -1.3530995e+00
  1.4223636e+00
 -5.7432514e-01
 -1.7616086e+00
 -1.1977977e+00
  1.6011745e-03
  3.9569534e-02
  5.0828977e+00
  2.5247893e-01
  2.3070996e-01
 -5.0722923e+00
 -2.0180161e-01
 -2.9183466e+00
  3.8934544e-01
 -6.3987881e-02
 -1.5631107e+00
 -3.2888204e-01
  8.8853174e-01
 -4.7110924e-01
 -5.8364850e-01
 -2.2133429e-01
 -7.9460222e-01
  4.0760927e+00
  8.5795891e-01
  2.1615021e-02
 -2.0952351e-01
 -5.4792041e-01
  3.1767152e-02
 -5.7025141e-01
  2.0945477e-01
 -1.7133914e-01
  8.4972405e-01
  1.1837172e-02
 -6.1461288e-01
  2.7474935e+00
  8.4163301e-02
  2.9313055e-01
 -1.4452081e+00
  1.3605077e-02
  7.7671535e-02
  5.2987444e-01
 -2.5455780e-02
 -8.0463670e-02
  1.1170825e-01
  3.4537262e-01
  4.3148896e-01
  2.7310243e+00
 -3.9465940e-01
  4.6993753e-01
 -3.7718135e-01
 -3.5125056e-01
 -5.3494205e+00
 -2.3096664e-01
  2.6252508e-01
  5.6372863e-01
  1.4638476e-01
 -1.1957072e-01
 -1.5095925e-01
  4.8653603e+00
  4.9093053e-01
 -5.2580470e-01
 -7.3718894e-01
 -4.9601164e-01
 -2.7156633e-01
 -1.7399094e+00
 -2.2718622e-01
 -6.6109431e-01
 -4.2990571e-01
 -1.3164381e+00
 -1.0628166e-01
  2.6730163e+00
  2.9304188e-01
 -3.0616051e-01
 -6.7796451e-01
 -1.0880926e+00
 -1.0437431e+00
 -1.0787450e+00
  2.5078845e+00
 -7.5031668e-01
 -4.4688693e-01
  3.9365152e-01
  5.0042380e-02
 -1.8245193e+00
 -2.4255286e-01
 -2.0451127e-01
  1.5286003e+00
  2.5029905e+00
 -7.6466091e-02
 -8.9890462e-01
  3.6505121e-01
 -2.9758563e+00
 -3.0999409e-02
 -8.8771254e-01
  2.3702796e-01
 -2.0514817e+00
  5.6381893e-01
  6.4789516e-01
 -5.6471723e-01
  3.2115218e-01
 -6.0430479e-01
 -1.3738635e+00
 -6.7224956e-01
 -4.7419959e-01
 -1.5407680e+00
 -3.6206119e-02
  1.1037809e-01
 -5.2296939e+00
 -1.7986616e-01
  1.8658631e-02
  1.4946230e-01
  8.9568198e-02
  8.4443919e-02
  1.2304334e-01
 -1.0612190e-02
 -2.0930593e-01
 -2.2900609e-02
 -4.9560692e-02
  1.7859060e-01
 -6.4406119e-02
  3.9479315e-02
  1.7665771e-01
  1.9193714e-02
  2.7293301e-01
  2.4815191e-01
  7.6037809e-02
 -1.9597402e-01
  1.1200419e-01
  3.8725454e-02
  2.2225729e-01
  3.0481238e-02
  1.7421554e-01
 -3.0379769e-01
 -1.2887254e+00
 -5.9677136e-01
 -5.1043503e-02
  2.1605568e-01
  3.6597079e-01
 -4.7813934e-01
 -9.3413192e-01
  1.2201910e+00
 -8.3816916e-02
 -5.0705051e-01
 -6.2877339e-01
 -2.2081278e-01
  1.5188726e+00
  2.7245162e+00
 -2.9717812e-01
 -2.7271991e+00
  6.0887265e+00
 -2.3510955e-01
 -7.1514651e-02
  8.7302752e+00
 -2.2293508e+00
  1.1346168e-01
 -3.8715652e-01
 -3.1596828e-01
 -3.9565930e+00
  1.4021763e+00
  2.9188464e+00
  2.5814271e+00
  4.5412822e+00
  5.7293477e+00
  7.1117455e-01
  2.5617027e+00
  1.1485551e-01
  4.1940457e-01
 -3.9376032e-02
 -3.0958864e-01
 -6.3037747e-01
  5.6002605e-01
  2.1424014e-03
 -1.4173397e-01
  1.2488722e+00
  3.4074824e-02
  9.0782523e-01
  8.4714401e-01
  8.3470422e-01
  5.7046921e-03
  1.0853819e-01
  7.0499313e-01
 -8.8842088e-01
 -1.1171441e+00
 -1.0000097e+00
 -4.2950895e-01
 -1.8811913e+00
 -9.8822403e-01
 -1.9237353e+00
  7.5049445e-02
  3.0636501e-01
 -3.3095112e-01
 -2.9394785e-01
  3.1475177e-01
 -1.6857876e+00
 -1.0557889e+00
 -1.6790091e-01
 -4.6697223e-01
 -1.1245524e+00
 -7.3654836e-01
 -6.0130000e-01
 -1.3856299e+00
  4.6416391e-02
  9.9857934e-02
  1.3335589e+00
 -6.9858879e-01
  6.0469466e-01
  1.1338696e+00
  2.9619023e-01
  4.8176751e-02
 -1.6643803e+00
  3.1512308e-01
  8.4828091e-01
  5.6992030e-01
  5.8358365e-01
  6.2276149e-01
  4.9870214e+00
  3.9360944e-02
 -5.4744419e-02
  3.8458893e-01
 -3.4921017e-01
  5.2425510e-01
  4.9372733e-01
 -7.6509607e-01
  5.4060310e-01
  2.0405278e-01
 -4.4092181e-01
 -3.0380103e-01
 -4.6827941e+00
  1.2867442e+00
  1.7259787e-01
  5.7762939e-01
  1.6959114e+00
  8.1314042e-02
  2.6801474e+00
  2.0394912e+00
  2.1213775e+00
  1.7616765e+00
  7.3481160e-01
 -3.8810074e-04
  2.4587595e+00
  2.6510018e-01
  1.4201696e-01
  8.8126212e-01
  2.2046986e+00
  1.2314432e+00
  1.4704849e-01
  7.4754828e-01
  1.7869376e+00
  9.5940456e+00
 -1.8490985e-02
 -6.8671912e-01
 -3.3984807e+00
  3.1985972e-02
  1.4352702e-01
  5.9981417e-02
 -1.6703206e-01
 -5.3194752e-03
  3.5984449e-02
 -2.3868445e-01
 -1.5000921e-02
  1.8919313e-01
  1.3820191e-01
  1.0071375e-01
  8.7450594e-02
  6.5397799e-02
 -9.5344752e-02
  1.6174485e-01
  3.0272556e-03
 -8.3676931e-03
  9.3060821e-02
  1.2135670e-01
 -2.3341721e-01
  3.9470393e-02
 -1.7160932e-03
 -1.2019583e-01
  1.2349944e-01
  5.8295574e-02
 -8.6560845e-01
 -8.0008255e-03
 -1.1016854e+00
 -1.3558705e+00
 -1.2795926e+00
  8.8960670e-02
 -1.4729314e+00
 -1.1089594e+00
 -2.5317866e-01
  4.9099028e-01
 -3.9337397e+00
 -4.9618020e+00
 -2.6474924e+00
 -1.0788736e+00
  1.3427317e+00
 -7.4853292e+00
  2.9939048e+00
  2.9793444e-01
  1.2129006e-01
 -7.5946897e-01
 -2.1985532e-01
 -1.3849889e-01
  4.7752123e+00
  3.2277730e-01
  1.7224478e+00
  1.1379218e-01
  9.0673178e-01
 -3.4572682e+00
  1.3815993e-01
 -1.6943879e-01
  4.2454740e-01
  3.5014668e-01
 -2.8988880e-01
  7.4300155e-02
 -7.7543366e-01
 -8.6868453e-01
 -8.1513472e-02
 -1.0060124e+00
 -4.9052659e-01
  5.7101583e-01
 -8.4304273e-01
 -4.0773535e-01
 -2.3410022e+00
  5.2546638e-01
 -2.8147960e-01
 -5.1916420e-02
  2.5413575e+00
  5.9597349e-01
 -4.0895471e-01
  4.7052389e-01
 -2.2804521e-01
 -1.5670082e-01
  7.4814993e-01
  4.2428431e-01
 -3.0965108e-01
 -7.1893543e-01
  9.4606966e-01
  2.0585173e-01
  1.1687172e-01
 -6.3018912e-01
  3.6917403e-02
  3.3010009e-01
 -8.9221555e-01
  3.0208260e-01
  1.2308814e-01
  3.3168727e-01
 -1.9187683e-01
 -9.6736476e-02
  2.5880769e-01
 -1.3843274e-01
  7.0162708e-01
  2.5528342e-01
 -1.0220816e+00
 -1.1893269e-01
  4.2853040e-01
  3.3686197e-01
 -2.2611406e+00
  6.3390089e-03
  1.3383094e-03
 -7.3999777e-02
 -4.5734638e-01
 -3.1316721e-01
 -1.5492396e+00
 -3.6015195e-01
  3.2090310e-03
 -1.5807794e-01
  1.4374262e+00
  6.4472124e-02
  2.3104085e-01
  9.0672457e-01
  1.0687032e-01
  3.3768791e-01
 -7.0090428e-02
  8.7067243e-03
 -7.8129973e+00
  2.4756724e-01
 -2.7840130e+00
 -2.0588806e+00
 -1.6770117e+00
  1.1785821e-01
 -1.6075655e+00
 -1.5914998e+00
 -2.3845403e+00
 -2.1088916e-01
  1.0308574e-01
  4.9799481e-01
  4.3924489e+00
 -6.2496280e-03
 -1.9940054e-01
  3.5054725e-01
  3.2816610e-01
 -1.1635047e-01
  1.7594929e-01
 -2.2866476e-01
 -8.4865868e-01
 -5.1031518e-01
  9.7213334e-01
  2.2153709e-02
 -3.4853063e+00
 -5.4368567e-02
  9.6513471e-03
  4.6510929e-03
  1.1546686e-03
 -5.3170491e-02
  4.6636578e-02
 -4.1848861e-02
  2.3144083e-02
  1.2950661e-02
  7.0711169e-03
 -2.0537324e-02
 -4.5871884e-03
 -3.7801482e-02
  1.5377120e-02
 -1.4136738e-01
 -3.1493157e-03
 -4.2583629e-01
  5.8417362e-01
  1.5924887e-01
  1.5030052e-01
 -5.8963288e-02
 -2.5439882e-01
 -4.2905312e-02
 -4.1288212e-02
  4.8230737e-01
  6.6085303e-01
  1.8895652e+00
  1.0230780e+00
  2.4072582e-01
 -7.2417545e-01
 -1.4498638e+00
 -2.3035614e+00
  1.4509683e+00
  4.2167205e-02
  5.3708414e-03
 -4.2463427e+00
  1.2116040e+00
 -4.2761046e-01
 -9.0602212e-02
  6.9266737e-02
  1.0277028e+00
 -1.0194132e+00
 -8.3190000e-01
  2.3624273e-01
 -2.4091246e+00
 -5.9570944e-01
 -3.0191338e-01
 -9.5407051e-01
  9.3613040e-01
 -7.5333047e-01
  1.1452487e-01
  3.2736835e-01
  4.7442770e-01
  1.9820219e-01
 -2.2303554e-01
  8.7113041e-01
 -1.3676675e-01
  7.5872725e-01
 -1.2704327e+00
  8.0401450e-01
 -7.6085347e-01
 -5.2242279e-01
 -2.0466366e+00
 -9.0644681e-01
 -1.0534204e+00
 -1.0208460e+00
 -6.4297342e-01
 -1.2770693e+00
 -5.4526043e-01
 -6.0332483e-01
 -1.6835800e-01
 -3.9595757e+00
  9.9441266e-01
  9.8411769e-01
 -2.0323271e-01
  4.1913259e-01
  1.8852538e-01
  5.6060880e-01
  1.9759320e-01
  4.1949660e-01
  1.4902941e+00
 -6.7802703e-01
 -1.0407296e-01
  2.4445744e+00
 -9.7098380e-01
 -1.0288723e+00
 -1.8303567e+00
 -4.8646286e-01
  1.1709836e+00
 -4.2853728e-02
 -6.4511311e-01
  8.4495443e-01
 -1.0704362e+00
  3.0737957e-01
 -2.5883266e-01
  1.6623172e+00
 -9.5079094e-01
 -4.5230633e-01
  5.8661342e-01
 -1.4773239e-01
  2.2778735e+00
 -6.3543005e+00
  1.5072830e-01
  1.0746571e+00
 -4.1924391e-02
  5.2837491e-01
  1.1979654e+00
  1.4470586e-01
  1.7787026e-01
 -8.5809433e-01
  2.1695951e-01
  1.3300255e-01
 -1.3618375e-01
  3.0802932e-01
  7.7716607e-01
  6.6695027e-02
  9.2647564e-01
  7.0311433e-01
  6.8399101e-01
  3.3969817e+00
  3.2290742e-02
 -6.0194767e-01
 -3.6848616e-02
 -1.0440989e-01
 -1.2458071e+00
 -7.3415957e-02
  9.7048664e-01
  3.6582825e+00
  3.9903587e-01
 -1.0404491e+00
 -3.8914400e-01
  6.0834241e+00
  8.7913565e-02
  4.2583626e-02
 -9.9869758e-02
 -1.1745757e+00
  2.5617144e-01
 -1.0745075e+00
  1.5055442e+00
 -3.6007297e-01
 -2.4053998e+00
  3.0708537e-01
  1.0481078e-01
  3.3111899e+00
 -1.6960077e-02
  2.6962513e-02
  2.5519092e-02
 -4.9872667e-02
  3.1289816e-01
  1.7588973e-02
 -4.2307373e-02
 -1.0612392e-01
  8.4010951e-02
 -3.1115407e-02
  1.0381877e-01
 -9.5385507e-02
 -7.5846426e-02
  3.6682688e-02
  1.3954450e-01
 -2.0033164e-02
  8.8546596e-02
 -4.9237445e-02
 -5.1793188e-02
  1.9550639e-01
 -9.3688294e-02
  2.8112490e-02
  2.9074034e-02
 -6.6249408e-02
 -3.9998075e-01
 -8.7519765e-02
  9.9133617e-01
 -5.0157852e+00
 -1.1983171e+01
 -8.6009961e-01
  8.4076971e-02
 -3.0989969e+00
 -1.9389547e+00
 -7.7856511e-02
  2.0325089e-01
 -3.0434649e+00
  8.9794552e-01
  1.1845744e+00
 -3.9823884e-01
  3.1899402e-01
 -3.0009000e-02
  1.3450667e+00
 -5.9097834e-02
  1.9562395e+00
 -1.3015844e+00
 -4.8973641e-01
  1.4298692e+00
  7.4193794e-01
 -8.7661743e-01
 -2.2756238e-02
  1.6676933e-01
  7.5492996e-01
  7.2403159e-03
 -7.5870275e-02
  1.6646300e-01
 -1.9346114e-01
  6.1166322e-01
 -2.3542768e-01
 -4.3626982e-01
  3.3234477e-01
  5.6957036e-01
 -1.0782443e+00
  2.9752865e-01
  1.0948972e-01
 -3.0956918e-01
  3.0008546e-01
 -4.9262607e-01
  3.9029304e-02
 -1.3509061e+00
 -4.1161665e-01
  1.0699084e-01
  1.5868022e+00
 -1.7676497e-01
 -1.2827679e+00
  1.4317716e+00
 -1.7148297e+00
 -4.6171573e-01
 -8.3680496e-02
  1.1327685e-01
 -2.4464215e-01
  1.6901046e-01
 -2.4887489e-01
 -5.1665768e-02
 -6.3646013e-01
  5.5390370e-01
 -1.0248590e+00
  6.0899621e-01
  3.3295032e-01
 -1.4546071e+00
  3.4000182e-01
 -2.1109200e-01
  4.7773484e-02
  1.2670155e-01
  3.5167405e-01
 -9.9339682e-01
 -3.7751049e-01
  3.1125069e-01
  2.2289803e+00
 -5.4279047e-01
 -5.8692646e-01
  5.6401074e-01
  1.9154330e+00
  2.5550786e-01
 -6.7453039e-01
  2.5748336e-01
 -3.0601665e-01
  1.5772679e-01
  2.0787020e+00
 -1.4977933e-01
 -7.2478615e-02
  1.1698538e+00
 -1.0954352e-01
 -2.2057238e-01
 -3.3868879e-01
 -1.1594685e+00
  1.3717407e-01
 -2.8881678e-01
 -1.7491156e-01
  1.4036576e+00
  8.1289786e-01
  8.7740317e-02
  9.9419326e-01
  5.2847285e-02
  1.0607564e-01
  8.6401664e-02
 -4.2192303e-03
 -3.4387565e-01
  7.4436861e-01
 -1.0593610e-01
 -1.8587034e+00
  2.5226563e-01
  9.4219160e-01
 -1.0177413e+00
 -4.3333445e-02
  8.6288530e-01
  5.8870131e-01
  1.8859325e-01
 -2.8272226e-01
  9.7902715e-02
  5.3131640e-01
 -6.2294863e-02
 -3.9661995e-01
 -4.2208642e-01
 -2.7376769e+00
 -8.9683622e-02
 -1.3738652e-01
  2.5881112e-01
 -1.2407462e-02
  1.6554376e-01
 -1.0091554e-01
 -6.9811493e-02
 -1.0765740e-01
 -2.4404573e-01
  6.8865739e-02
  2.7038177e-02
 -1.2942483e-01
  5.8872573e-02
  7.1480602e-02
  7.6743513e-02
  5.4336101e-02
  2.2784457e-01
 -8.0144018e-02
  1.9405419e-03
 -7.2083116e-02
 -8.3173268e-02
  1.7282417e-02
  5.3272368e-03
 -4.2995475e-02
 -4.7107476e-01
 -1.5835768e-01
 -1.3856391e+00
  7.6054311e-01
  1.7379752e-01
 -1.3547404e+00
 -8.4379768e-01
 -4.7474769e-01
  1.0790085e+00
 -3.0440825e-01
 -3.8502535e-01
 -4.6378565e-01
  1.4080057e+00
  1.7489668e-02
  4.2423436e-01
 -4.7973984e-01
  6.5407538e-01
  2.5937220e-01
 -2.3644231e-01
 -1.7388202e+00
  6.8139571e-01
 -7.4181068e-01
  6.4211917e-01
  2.3457897e+00
  5.1642007e-01
  5.2026922e-01
  5.5577779e-01
  3.8149315e-01
  9.0227848e-01
 -2.1474557e-01
 -3.0673470e-02
  3.9775652e-01
  6.1959840e-02
 -7.2859126e-01
  1.3437594e-01
 -2.7576499e+00
 -9.3016356e-01
  3.0723810e-02
 -1.5315310e+00
  2.1642753e-01
  3.8343069e-01
 -3.5832933e-01
  1.5161365e-01
 -7.4492085e-01
 -1.1255572e+00
  4.5578784e-01
 -6.5338606e-01
 -1.4628196e+00
 -3.1339866e-01
  1.7628807e-01
  4.5111442e-01
 -3.8082379e-01
  7.6591986e-01
  2.4677613e-01
  5.2168602e-01
 -1.8201200e-02
  6.7844170e-01
  5.2388504e-02
  7.7063173e-02
 -9.4103390e-01
  7.6870430e-01
 -4.0670690e-01
 -1.0090978e+00
  1.5912412e-01
  1.4759030e+00
 -6.8824929e-01
  5.9755528e-01
 -1.2839879e+00
 -1.1313148e+00
  1.3153473e-01
 -5.9430987e-02
  2.2405288e-01
  8.6449522e-01
  5.8599439e-02
  6.0926288e-01
  2.1975520e-01
 -8.1549019e-01
  2.7681510e+00
 -4.9748257e-01
 -5.4358679e-01
  3.3373490e-01
  8.0823235e-02
 -7.8054890e-02
 -2.0234346e+00
  2.4140845e-01
  4.8765701e-01
 -4.6082786e-03
 -8.3145624e-01
 -2.4131250e-01
  7.5271480e-02
 -2.6188464e+00
  4.8408979e-01
  2.9106831e-02
 -9.0963644e-01
 -2.1239029e-02
  4.3719083e-01
  2.5188732e-01
 -7.0138943e-01
  4.9003905e-01
 -1.9370434e-01
  1.8850590e-01
 -7.7873009e-01
 -5.5801362e-01
  2.7962031e+00
  4.9380973e-02
  2.0118745e-01
 -1.1432482e+00
 -2.2713006e-02
  1.3375598e+00
  3.1790054e-01
  1.1482114e+00
  3.8018453e-01
 -1.4284031e+00
 -1.9635551e-01
 -1.7184328e-02
 -1.3709543e+00
  1.3229462e+00
 -6.0839784e-01
  7.0428997e-02
 -4.5202994e+00
 -3.0131426e-02
 -6.6914158e-03
 -2.9572044e-02
 -5.9124805e-02
 -2.4434301e-01
 -1.9323211e-02
  3.5457227e-02
  1.0281996e-01
 -7.9147175e-02
 -2.0850614e-02
 -1.8793523e-02
  2.0851612e-01
  9.7870015e-02
  3.5425305e-02
 -3.8257066e-02
 -1.6722793e-02
  1.7753571e-01
 -5.4697089e-02
  3.8710471e-02
  2.4888333e-02
  7.6448079e-03
 -2.5102139e-02
  1.4865485e-01
  8.4939346e-02
  1.3960920e-01
  2.5978959e+00
 -7.7200931e-01
 -2.0175125e-01
  7.4449664e-01
 -2.0854954e-02
 -5.6838810e-01
 -5.5697703e-01
  6.5347493e-01
 -9.7894214e-02
 -2.1544304e-03
  1.0497978e+00
  1.0439410e+00
  3.1333590e+00
 -9.7328112e-02
  6.4559519e-02
  1.4209894e+00
 -1.3750908e+00
  3.0486643e-01
  9.8034334e-01
  4.1324684e-01
 -7.4233502e-02
  5.3961176e-01
  2.6401899e+00
  7.2983432e-01
 -1.5027871e+00
 -1.0613890e+00
  9.2595559e-01
 -2.2708027e-01
  3.1573829e-01
  2.8792244e-01
  1.4554383e-01
 -3.7922576e-01
  1.4525872e-01
 -1.0664117e-01
 -1.4324353e+00
 -2.8560814e-01
 -4.8835003e-01
  1.5900723e+00
  1.7028433e-01
 -6.3006532e-01
 -3.4768441e-01
 -4.0244856e-01
 -3.2754534e-01
  7.1892577e-01
 -2.5304201e-01
 -4.5598626e-01
  1.5725436e+00
 -5.9277475e-01
 -9.4970512e-01
  3.9660785e-02
  3.1791055e+00
  1.5541034e+00
  6.7618686e-01
  4.2895472e-01
  6.4386970e-01
  6.7141593e-01
 -6.4320529e-01
 -2.3178352e-01
 -3.0434628e+00
 -6.2876709e-02
  2.6890364e-01
  1.7536920e-01
 -1.1604718e+00
 -1.8434237e+00
  4.7682738e-01
 -1.4933018e-01
  8.8806772e-01
  1.1441311e+00
 -1.8910259e-01
 -2.3080054e-01
  1.2118302e+01
  1.3798120e+00
  6.4809680e-01
  3.9372009e-01
  4.7274294e-01
 -7.5739425e-01
  5.7414064e+00
 -6.1150128e-01
  1.0871682e+00
  3.3264297e-01
 -3.2827511e-01
 -1.0432792e-01
 -1.8060396e+00
  4.9179199e-01
 -9.2977092e-02
 -3.2119593e-01
  3.7688842e-01
 -7.7962242e-02
  1.2503399e-01
 -1.4902211e+00
  4.7983998e-01
 -7.7915305e-01
  1.8493953e-01
 -3.5617244e-01
  2.8128424e+00
  8.0147809e-01
  9.0930676e-01
  6.0143602e-01
  9.1803938e-01
  3.6732534e-01
  4.5393357e-01
  2.6732244e+00
 -3.3528676e+00
  5.6117213e-01
 -7.6812971e-01
  6.1768657e-01
 -2.2175346e-01
 -4.0310096e-02
  4.4248110e-01
 -4.5949936e-01
  7.2708499e-01
  1.0318563e+00
  8.7161142e-01
 -4.5871958e-01
 -2.1481393e-01
  1.3362859e+00
 -4.1477320e-01
  6.9363880e-01
 -7.5547504e+00
  8.6153753e-02
 -1.5572741e-02
 -1.8172500e-03
  1.3040745e-01
 -1.6919242e-01
 -1.5655254e-01
 -1.1436801e-01
  3.9414078e-02
 -3.6791071e-02
  3.2430086e-03
  8.4417708e-02
 -1.4442183e-02
  5.3664859e-02
  1.7937880e-02
  4.6105925e-02
  3.8725011e-02
 -1.2802449e-01
  2.7604844e-02
  5.7928942e-02
  1.6589850e-01
 -3.1211486e-01
  7.2499610e-02
 -4.4477254e-02
  7.2933048e-02
 -2.9478905e+00
 -2.5867791e+00
 -1.0188687e+00
  4.4986632e-02
  8.1473913e+00
  7.1994919e-01
  2.7720904e+00
  6.3951278e-01
  9.9357963e-02
 -5.6207055e-01
 -1.2218690e-01
  8.2720637e-01
  5.6125820e-01
  7.4275300e-02
  5.2247834e-01
  1.3962717e+00
  8.9667088e-01
  2.8257731e-01
  7.3330276e-02
  2.2849849e-01
 -9.0060219e-02
  1.7450011e-01
 -2.7160954e-02
 -1.8663290e+00
 -1.2699185e-02
 -1.5374664e+00
  8.6286807e-01
  7.3157080e-02
 -2.4466287e-02
  9.3673849e-01
  4.5037456e-02
  2.7257794e-01
  2.0042976e-02
  3.1915006e-01
 -6.9542277e-01
  8.0696958e-01
 -1.3384852e-01
  8.0728948e-02
  4.4118136e-01
  9.5050879e-02
  9.4055854e-02
 -3.8997754e-01
 -8.7376750e-01
  2.5508907e-01
 -9.4328791e-02
 -1.0810409e-01
 -2.8477854e-01
 -9.1704702e-01
  2.2261447e-01
  7.1112251e-01
 -2.7559879e-01
 -1.4506162e+00
 -9.4283980e-01
  4.9686059e-01
 -1.1135365e+00
  1.4107560e-01
  1.3808839e-01
  4.8136529e-01
  3.4781468e-01
  2.8137331e+00
 -1.8282786e-01
  8.1562772e-02
  7.6397020e-01
  4.3016297e-01
 -1.4010427e+00
  5.2470243e-01
 -5.5601068e-02
 -1.1308894e-01
 -1.5377083e-01
 -1.8043211e+00
 -6.6413254e-02
 -1.1322257e-01
  7.3881334e-01
  2.4653758e-01
 -1.3739128e-01
 -3.2197201e-01
 -2.5949782e-01
 -8.5789555e-01
 -8.0242455e-01
 -1.1737978e+00
 -1.3359375e+00
 -3.0675137e-01
  9.9106729e-02
  4.9851494e+00
 -4.0036339e-01
 -5.3260535e-01
  1.5356129e-01
 -1.8035392e-01
 -1.9901185e-01
 -9.9336010e-01
 -4.7897440e-01
  5.8235899e-03
  2.5975978e-01
  2.9394034e-01
  2.6475760e-01
  2.6574967e+00
 -5.4724220e-02
  3.8134229e-01
  7.6905721e-01
 -4.9922940e-01
  1.4448184e-01
  1.0995455e+00
  1.1167647e+00
 -3.7785926e-01
  2.4258506e-01
 -5.5053569e-02
  4.7306129e-01
  3.6297331e+00
  2.9321983e-01
 -3.5558179e-01
  1.5723121e-01
  2.1162902e-01
  5.9072285e+00
  1.1310289e+00
 -4.7086671e-01
 -1.7351763e-01
  1.8023922e+00
  3.5783544e-02
 -6.5723181e-02
  2.5901420e+00
 -9.2066061e-03
  1.4486827e-01
 -8.5467368e-02
  4.8874669e-02
 -3.6463359e-01
  2.7627435e-01
 -6.0369217e-01
  1.8616252e-01
  4.5643281e-04
 -6.2727973e-02
  4.7307961e-02
  8.0688775e-02
  6.2211465e-02
  8.8962749e-02
 -2.2375733e-01
  2.4673729e-03
 -7.6417625e-02
  1.6782781e-01
 -8.5920528e-02
 -1.0858867e-01
  2.4632005e-02
  1.1104912e-01
  4.0292639e-02
 -8.9505084e-02
  2.4278410e-01
 -4.5457560e-01
 -9.7406268e-01
 -8.1011307e-01
  8.4814203e-01
  1.0014333e+00
  9.1382670e-01
 -2.3841727e+00
 -1.3520442e-01
 -3.1918946e-01
  2.9832488e-01
  3.6219656e-01
 -1.4711998e-01
 -9.9950236e-01
  4.8339665e-01
 -3.2989110e-04
  2.4751744e+00
  2.7191707e-01
  7.7650324e-02
  1.5921086e+00
 -3.3996210e-01
 -7.2536059e-02
  2.0939338e-01
 -5.7841063e+00
 -2.9630274e-01
  2.6358137e+00
  4.3305683e-01
  1.9913203e-01
 -7.1209455e-01
 -6.2517709e-01
  1.1862547e-01
 -2.5622889e-01
  1.0717513e-01
  7.5846744e-01
  2.2871390e-01
 -6.0689564e+00
 -1.1666177e-02
 -3.5543829e-02
  8.0969222e-02
 -2.7398245e+00
  4.7832608e-01
  6.7816287e-01
 -7.1625447e-01
 -3.4490269e-01
  5.2742846e-02
  6.3201897e-02
  4.0790743e-01
  1.5091901e+00
  1.3629613e+00
  7.8628677e-01
 -9.7910658e-02
  1.4789939e+00
  1.7314115e-01
  1.0977565e+00
 -1.1630429e-01
  4.5363545e-01
  1.6389705e+00
 -2.9665518e-01
 -7.1217632e-01
  8.2225531e-01
 -1.0446882e-01
  1.8937448e-01
 -8.6531043e-02
 -2.7381179e-01
  9.9811651e-02
 -6.8158484e-03
 -5.6474455e-02
 -1.1336115e-01
 -6.4186090e-01
 -1.9902670e+00
  1.8252090e-01
  4.2180619e+00
  1.0710859e-01
  2.9743320e-01
 -1.3703779e+00
  6.6991642e-02
 -1.6039519e+00
  3.6855629e-01
  1.0704782e+00
  2.2484842e-01
  4.5241803e-01
 -3.9400762e-01
  8.2104594e-01
  5.1638865e-01
  1.2709285e+00
  1.0064909e+00
  7.2133881e-01
  1.1547610e+00
 -5.6236392e-01
 -1.2529510e+00
 -1.1597483e+00
  4.0618339e-01
  8.2770246e-01
 -1.3908279e-01
 -2.9997379e-01
  8.0269098e-01
 -1.0645217e-01
 -3.2609689e-01
 -4.8385340e-01
  8.8446301e-01
 -9.3293315e-01
 -3.5954604e-01
 -5.5126134e-02
 -1.8844383e+00
 -9.0170741e-02
 -3.6306840e-01
  9.3922365e-01
 -6.9558375e-02
 -5.0129950e-02
 -3.2415068e-01
 -2.4844392e-01
 -7.0766032e-01
 -7.4897319e-01
  5.6750178e-01
 -1.3668318e-01
 -3.8495523e-01
 -5.4949445e-01
  4.4262242e-01
  2.0724210e-01
  2.8712046e+00
  1.0226814e-02
  6.9062151e-02
 -1.5682414e-02
 -7.7550337e-02
  1.4969306e-01
 -1.5890536e-01
 -1.0784920e-01
 -2.5729311e-01
 -1.5978445e-01
 -6.0789485e-02
  2.7744344e-01
 -2.9002838e-03
 -1.8981347e-02
 -1.8128604e-02
  2.5934133e-01
 -9.0507858e-02
  7.4311690e-03
 -6.4045885e-03
  7.5819224e-02
 -6.1026551e-03
  2.8834882e-01
  6.5151237e-02
  1.1132383e-01
 -7.4882388e-02
  4.1037613e-01
 -2.3513830e+00
 -3.5348568e+00
  1.1882502e+00
 -2.1763384e+00
  4.2879927e-01
  4.4073641e-01
 -2.2909806e+00
 -2.0314716e-01
 -2.8005370e-01
 -6.8305230e-01
 -2.8398197e+00
 -1.0030259e+00
  5.8448899e-01
  2.9074869e-01
 -3.7257689e-01
  1.2377399e+00
 -1.8306018e+00
 -1.4885416e+00
  5.0720293e-02
 -5.6443173e-01
  1.1343068e+00
 -3.7665838e-01
  3.5276893e-01
  1.7998667e-01
 -4.9518347e-01
 -6.4525950e-01
  9.5166981e-01
 -6.9181627e-01
 -2.1637252e-01
  4.2378461e-01
 -9.3109369e-01
 -4.9921533e-01
  7.2500527e-02
  4.7146223e-02
  3.1468284e+00
 -2.1468706e-01
 -7.5281727e-01
 -6.7563307e-01
 -2.7863830e-01
  4.6886894e-01
  2.9527405e-01
  5.2084766e-02
  5.9773648e-01
 -1.3509400e-01
  1.0820983e-01
  1.2598562e+00
 -6.6427869e-01
  3.1919050e-01
 -1.9723481e-01
 -1.0572615e+00
  6.8605441e-01
 -1.4858003e-01
 -7.7318633e-01
  5.8072925e-01
 -6.2391084e-01
  1.7175098e-01
  3.7124476e-01
 -3.8824230e-02
  7.2731161e-01
 -3.0695361e-01
  5.5768174e-01
 -1.5374509e-01
 -7.8665819e-03
 -6.9743919e-01
  7.9965335e-01
 -3.6437115e-01
  1.0935498e+00
 -6.0635656e-01
  9.0484232e-01
  2.3993620e-01
  6.7364401e-01
  1.7975682e-02
 -1.2140910e-01
  7.6046842e-01
  2.1597862e-03
  1.8092223e-01
  5.8263415e-01
  2.0727639e+00
  7.5014353e-01
  7.0576316e-01
 -2.8651473e-01
  3.9568236e-01
  3.2819939e+00
 -1.6236454e-01
 -2.4068773e-02
  2.1553922e-01
  6.1136484e-01
  4.5656139e-01
 -7.2749227e-02
  1.2961955e+00
 -1.4640002e-01
 -7.5301957e-01
 -3.0183879e-01
  7.0880008e-01
 -2.1466899e+00
  5.0335512e-02
 -7.8056413e-01
  9.9107623e-01
  1.9392689e-01
 -2.6533547e-01
  1.6762193e+00
 -8.8945913e-01
  3.3546898e-01
 -1.3537835e+00
  2.0639351e-02
  9.5400870e-01
 -3.0346701e+00
  1.2536771e+00
  1.6217150e-01
 -1.4559590e+00
  1.5894687e-01
  2.6893678e-01
  3.1235215e-01
 -3.0394037e+00
 -1.1333036e+00
 -4.4155002e-01
  7.0773971e-01
 -1.1325897e-01
 -4.6119986e+00
  2.5420194e-03
 -5.3059410e-02
  4.4321585e-03
 -1.2523367e-01
 -1.5556674e-01
  1.1439183e-01
  1.6027924e-02
  1.8900394e-02
 -2.8586251e-01
 -3.8173282e-01
 -1.0103998e-01
 -4.2471360e-02
  5.5896647e-02
 -5.5145215e-02
  1.2210635e-01
 -4.5689285e-02
 -2.0449391e-01
 -4.6684649e-02
  5.6204434e-02
  1.8185779e-01
  1.1421185e-02
 -1.5036687e-01
  2.3146883e-01
 -4.7360200e-02
  2.1144712e-01
  1.8834262e+00
  9.2743762e-02
  1.4415889e+00
  1.5105165e+00
  1.9595578e+00
 -4.3377094e+00
  6.4069730e-01
  1.6820277e+00
  2.3314416e-01
 -3.4830555e-01
 -5.3829374e+00
  1.2092861e-01
  2.9238108e-01
  3.2228634e-01
 -9.1614589e-02
  8.4704810e-01
 -1.6300757e+00
  7.8323764e-01
 -3.0512206e-02
 -1.2152646e+00
  1.8973568e-01
 -5.5451465e-01
 -6.1214609e+00
 -7.6606351e-01
  7.6853842e-01
 -1.0976318e-02
  6.5583214e-02
 -3.3208394e-01
  7.4585211e-01
 -3.3846948e-01
  3.4288418e-01
  1.1714264e+00
 -8.8040185e-01
  3.3875608e-01
 -7.1247606e+00
  7.1719497e-01
 -2.1567993e-01
  3.5486862e-02
  3.6061987e-01
 -1.7073408e-01
 -7.6662505e-01
  1.1445643e+00
 -4.9795446e-01
 -7.3648071e-01
 -4.0880620e-01
 -4.2331901e-01
 -8.8275719e-01
  2.6765850e-01
 -1.3124397e-01
  5.5664665e-01
  3.1025410e+00
  4.8911935e-01
  1.3524170e+00
 -1.7122233e-01
  1.2356203e+00
  6.2876016e-01
  3.4878674e-01
  3.1272221e-01
 -4.8265009e+00
  3.3873564e-01
 -1.0907008e-01
  3.7164459e-01
 -1.4478523e-01
 -2.1650748e+00
 -2.3186235e-01
 -1.4598315e+00
 -2.1436080e-01
 -3.8762143e-01
  8.8356979e-02
  2.0102611e-01
 -3.5342851e+00
 -5.0175923e-01
  1.4587799e-01
 -5.5816913e-01
 -8.0283809e-01
  1.5360432e+00
 -1.7192379e+00
  4.4041324e-01
  1.9773091e-01
  3.1567240e-01
 -6.4154208e-01
  6.7606878e-01
 -3.2587614e+00
 -1.0674556e-01
 -6.6757703e-01
  6.6978365e-01
  1.1972667e+00
  1.1856449e-01
  2.5597468e-01
  2.2539682e+00
 -8.2642192e-01
 -1.6523857e+00
 -8.6322196e-02
  1.9772066e-01
 -7.4286759e-01
 -4.5639011e-01
  1.4699382e+00
  8.6938125e-01
  1.6645488e+00
  1.7536044e+00
 -1.5264232e+00
 -2.5098410e+00
  9.2617768e-01
 -2.4538022e-01
  2.7297747e-01
  7.8344071e-01
 -5.6830329e-01
  1.3844781e+00
  1.2790646e-01
 -7.2682071e-01
 -2.6966217e-01
 -1.0319806e+00
  1.6049743e-01
  2.1471933e-01
 -8.9791620e-01
  1.2687030e+00
 -2.7796492e-01
 -1.5106905e+00
 -4.3966830e-02
  2.9931468e-01
 -5.0596118e-02
  1.3735305e-01
 -2.8608143e-02
 -4.1795604e-02
 -2.0559631e-01
  3.1217935e-02
 -2.8455853e-02
 -3.2676393e-01
  9.2081003e-02
  3.3103865e-02
  4.3000087e-02
  2.3108068e-01
  7.5204909e-02
  9.9832080e-02
 -1.0424645e-01
 -1.9014245e-01
 -1.2846667e-01
  1.2570777e-02
  6.7484140e-02
  4.1574910e-02
 -1.8515803e-02
 -5.1703874e-02
  2.9427361e-02
  1.8959047e-01
  3.2081673e-01
 -2.4545576e-01
  1.0558903e+00
  3.6632578e+00
  1.2860945e+00
  7.2633356e-01
  2.7974975e+00
  3.3193104e+00
  3.4569231e-01
 -5.9978485e-02
  2.7681265e+00
  2.1657766e-01
  1.0694488e+00
  5.9860408e-02
  3.8941886e+00
  3.7515190e-01
  1.3709584e+00
 -7.9836881e-01
 -3.1502748e-01
 -5.7329768e-01
 -3.6028033e-01
  2.9251769e-02
 -2.0220268e+00
  6.2841684e-01
 -2.1397140e+00
  5.5624473e-01
  2.7194852e-01
  9.6566901e-02
  5.6914926e-01
  3.4751020e-02
  3.9045030e-01
  7.9140759e-01
  1.4068416e+00
  4.0964898e-01
 -3.8724279e+00
  5.5378005e-02
 -1.3930061e+00
 -5.2392995e-01
 -8.6690575e-02
 -6.5708071e-01
 -9.4554818e-01
 -3.5121602e-01
 -8.9094207e-02
 -7.3994797e-01
 -1.0172162e-01
 -1.5257012e-02
  4.0906701e+00
  2.7988662e-03
  5.5606961e-01
  1.2894588e+00
 -7.1996611e-01
 -5.2722517e-02
  1.0784861e+00
  6.3821781e-01
  1.3832921e-01
  3.1783307e-01
 -2.9057193e-01
  4.8515823e-02
  1.5714126e+00
 -4.6259314e-03
 -2.9150927e-01
  6.8393379e-01
  1.0078753e+00
 -7.4764514e-01
 -2.3460871e-01
 -4.8559520e-02
 -6.4241445e-01
  7.4921623e-03
 -4.0281162e-01
  1.6896746e-01
 -1.7294837e+00
 -8.6422807e-01
  3.9397013e-01
  3.7480959e-01
  5.0420403e-01
  7.5215316e-01
 -8.9571708e-01
 -5.1071208e-02
 -1.0618008e+00
 -1.6611616e-01
 -8.0152526e-02
 -2.7914107e-02
  1.3155276e+00
  3.8915998e-01
 -9.0549326e-01
  5.2584685e-02
 -8.4685409e-01
  2.5360009e-01
  1.1263195e+00
 -3.0802920e+00
  4.7952893e-01
  7.0168085e-02
 -1.7794300e-02
  2.6734909e-01
  4.1419864e+00
  3.2569873e-01
 -6.9760233e-01
  7.2135746e-01
 -1.6871150e-01
 -2.0643008e-01
 -1.7557785e-01
 -3.0543268e-01
  1.0081433e+00
  3.7150759e-01
 -1.0763139e-01
 -1.2365635e-01
  1.6790295e+00
  4.5555925e-01
 -2.6484799e-01
  3.2899675e-01
 -4.4849572e-01
 -2.5793087e-01
 -3.7913299e-01
  5.2349341e-01
 -4.4499598e-02
 -5.0842065e-01
  2.6007465e-01
  2.6702037e-02
  8.6356765e-01
  9.2420124e-02
  2.2696523e-01
 -5.2376378e-02
 -7.2320756e-03
  2.2260031e-01
 -8.5570917e-02
  1.4089307e-01
 -1.4409107e-01
 -2.0492561e-01
  2.1068190e-01
 -1.1027398e-01
 -1.1249389e-01
 -1.7917278e-01
  9.8571509e-02
  2.3738779e-01
 -1.3562128e-01
  2.5386837e-01
  4.7568869e-02
 -6.3634492e-02
 -4.5193087e-02
 -8.3344288e-02
 -1.7440416e-01
 -5.9137303e-02
  4.7626618e-01
  1.6096535e+00
  3.6971145e+00
  2.7046764e+00
 -4.3415591e-01
 -6.3245423e-02
 -1.4161224e+00
 -1.6674385e+00
  1.2141730e+00
 -2.2391644e-01
 -1.2744385e-01
 -1.2569138e-01
  3.3376675e+00
  4.6947829e-02
 -3.4141889e-01
 -1.7493197e+00
  2.3349792e-01
  2.2194135e-01
  4.9204394e-02
 -4.9478684e-02
 -7.4235660e-01
  1.5228225e+00
 -5.7059759e-03
 -7.1597442e-02
  6.1284103e+00
 -5.8855814e-01
  7.4033189e-01
  5.1587296e-01
 -8.8341713e-01
 -8.7619281e-01
  4.0086970e-01
  9.9546090e-02
 -6.5179670e-01
 -1.7430250e-01
  4.0913898e-02
  1.2199895e-02
  4.8480596e-02
 -1.1591487e+00
 -4.6992275e-01
  3.5928544e-01
 -3.0433655e-01
  5.2373946e-01
 -3.0505863e-01
 -3.2587233e-01
 -3.1731313e-01
 -7.6761353e-01
  1.1860842e-01
 -2.5053036e-01
 -4.5420923e+00
  2.1515585e-01
  8.9500144e-02
  8.7852830e-01
 -2.1241305e+00
 -1.2080444e-01
  6.4567767e-02
 -1.3782614e-01
  3.5844743e-01
 -1.9864571e+00
  7.7782348e-03
  2.4384353e-04
 -3.5099542e-01
 -6.7409709e-02
  5.2055037e-01
  6.4804751e-01
 -3.9219266e-01
 -5.0931193e-02
  9.0571098e-02
  6.0946393e-01
  9.4713025e-02
 -3.5416475e-01
 -4.0494326e-01
  5.5298537e-01
 -4.4578042e+00
  2.6786882e-01
  3.2588038e-01
  2.8697151e-01
  1.7198584e+00
 -1.8069343e-01
  1.8980305e+00
  3.5306093e-01
  6.6634703e-01
  1.3234758e-01
 -3.1725785e-01
  5.0810289e-01
  2.7921643e+00
  1.5600197e-01
 -1.6557896e-01
 -3.2168862e-01
  2.2803406e-01
  4.8152870e-03
 -5.0714099e-01
 -9.2155075e-01
  3.6619451e-02
 -6.9326627e-01
 -1.2394330e-02
 -2.1372888e-02
  6.2392348e-01
  2.7480581e-01
  4.1907966e-01
 -6.4713940e-02
 -3.6390409e-01
  7.5067115e-01
  2.2271376e+00
 -4.7529757e-01
  1.7171279e-01
  1.5489163e-01
 -4.5613328e-01
  7.3881254e-02
  8.4168825e+00
 -5.3014880e-01
 -1.1253139e-01
 -3.4146078e-02
  8.3566189e-02
 -1.9090647e-01
 -3.0612507e-01
  1.9601376e-01
  1.9289799e-01
  6.1721532e-03
  1.3284245e-01
  3.6906213e-01
  2.1964962e+00
 -3.7548891e-01
 -1.9647494e-01
  6.1406765e-02
  1.0028443e-01
  3.4344599e-02
 -5.5823243e-01
 -5.3074189e-02
  8.0633603e-02
 -6.8768635e-02
  1.5374932e-01
 -1.5814780e-01
  1.3390097e-01
 -7.8086875e-02
 -1.0867215e-01
  1.1965251e-02
 -1.1877115e-02
 -3.9041158e-02
  3.0243091e-02
 -5.4277301e-01
  2.0079948e-01
 -2.9692758e-02
  2.6805498e-02
 -5.7198588e-02
  1.1187227e-02
  2.4059854e-01
 -2.3422010e+00
 -4.4804159e-01
  1.6451115e-02
  2.6080942e-01
 -2.1321776e+00
 -1.5503227e+00
 -1.2352374e+00
 -1.3803148e+00
 -1.0086164e-01
 -3.5803881e-01
  1.4066960e+00
 -1.2212648e+00
 -3.3038452e-01
 -1.8675040e+00
 -1.4584757e-01
  2.2984824e+00
  1.2073935e-01
  9.6546227e-01
  3.4104151e-01
  1.5491998e-01
  2.8368104e-01
  7.8621340e-01
  1.4454883e+00
  1.3931926e+00
 -6.3322669e-01
  5.8535838e-01
  1.0725128e-01
  5.7550520e-02
 -3.2618040e-01
 -1.2329526e-01
  1.6070911e-01
 -1.4147254e+00
 -3.0447349e-01
 -1.4565282e-02
 -5.2487326e+00
 -3.3415836e-01
  6.5662757e-02
  4.9816329e-02
 -2.2367132e-01
  1.5597537e-01
 -2.1704200e-01
  4.7300947e-01
 -1.4812920e+00
 -3.6968565e-01
  3.9220989e-01
  1.0642301e+00
 -6.5472275e-01
 -5.9953099e-01
  3.7741932e-01
  3.2822724e-02
 -1.5604010e+00
  6.7979079e-01
  7.9567009e-01
 -7.9077333e-02
  1.8350376e+00
  1.4049786e-01
 -1.9748360e-02
  1.8421932e-01
 -4.2669282e+00
  4.2887890e-01
 -8.7008375e-01
 -4.7187801e-02
 -1.0707438e-01
  1.0330617e-01
  8.6560436e-02
  5.1103856e-02
 -1.7425531e-01
 -4.2329007e-01
 -2.9890966e-01
 -1.8412346e-01
 -2.9013163e-01
  2.1694350e+00
  4.8135765e-02
 -3.5570958e-01
  2.6624504e-01
 -4.4142482e-01
 -6.6659218e-01
 -6.1953408e-01
 -7.6859993e-01
  6.7271280e-01
  2.4848458e-01
 -6.1623740e-01
  3.6531948e-02
 -8.7837118e-01
 -1.7277146e-02
  3.5055465e-01
  4.3765518e-01
 -9.1762197e-01
  6.8145800e-01
  4.7703218e-01
  8.8678098e-01
  1.3891193e-01
  1.4453690e+00
 -2.4254112e-01
  1.0973549e+00
  3.7398294e-02
 -1.1568410e+00
 -4.5908213e-01
 -2.5980175e-01
  9.0887614e-02
  8.8031840e-01
 -9.7033072e-01
 -3.4870191e+00
 -4.5398131e-01
 -4.1037221e-02
  1.2326760e+00
  2.5521281e+00
  1.6662832e-01
  6.2763828e-01
 -1.9944781e+00
 -6.1655980e-02
  7.9572685e-02
 -9.4640553e-01
  1.0841945e+00
 -1.1712863e+00
 -3.8165095e-01
  2.4025563e-02
  2.1747346e-01
 -6.1842585e-01
  9.6859857e-02
  2.4986967e-02
  1.7402779e-02
  7.7185005e-02
 -1.4363846e-01
 -1.0124084e-01
 -3.7078130e-01
 -1.7191781e-01
  1.1149343e-01
  9.6311241e-02
 -2.2288570e-03
 -7.3556587e-02
  2.7772211e-02
 -8.4990196e-02
 -6.9117814e-02
 -6.9256775e-02
 -1.5952802e-01
  1.0194927e-01
 -1.5542750e-01
  8.2958996e-02
  4.8064571e-03
 -2.7519157e-02
  1.7435178e-01
  1.1185516e-01
  8.5200626e-01
  1.8260534e-01
  2.0005000e+00
 -2.2285014e-01
  8.0438182e-03
  4.2789853e-01
 -1.2048370e+00
  1.5017006e+00
 -1.0353166e-01
 -5.2795939e-02
 -2.5716102e-01
 -3.0874987e+00
 -7.3628682e-01
  1.7906053e+00
  2.2441782e-01
  1.2404258e-01
  3.0089670e-01
 -3.6435133e-01
  1.9319418e-01
 -4.5283613e-01
  1.2069660e+00
  2.9112554e-01
  6.1687689e-02
 -1.6194453e+00
  7.8752029e-01
 -5.1610792e-01
  1.1203973e+00
  6.2921172e-01
 -3.1882244e-01
  8.0329072e-01
  1.1151798e+00
  2.4958575e+00
  1.8686571e+00
  2.1319595e-01
 -6.2914073e-01
 -6.5300031e+00
 -3.4336406e-01
 -1.1796595e+00
 -1.3958080e+00
  1.1616830e-01
 -8.9460009e-01
 -1.9416991e-01
 -9.0337747e-01
 -6.4618057e-01
 -2.8023100e-01
  4.5518103e-01
  1.9105300e-01
 -6.0353994e+00
 -1.2214826e-01
  9.6131468e-01
  2.1987889e-02
 -1.3053225e+00
  2.1640431e-02
  6.5122414e-01
  2.8316519e+00
 -4.5430666e-01
  2.4947518e-01
  5.9107494e-01
 -6.0501486e-01
 -3.7175925e+00
 -1.1233729e+00
 -1.4011166e+00
  1.8662232e-01
 -9.1181058e-01
 -1.2885202e-01
 -5.7841671e-01
  7.8234762e-01
 -1.3168564e+00
 -2.2930244e-01
  5.7262743e-01
 -7.1881646e-01
  3.2713170e+00
  6.3788009e-01
  6.3078046e-01
  4.4413862e-01
 -3.3456627e-01
  5.0176591e-01
  1.3474444e+00
  1.2475254e-01
 -1.0168465e-01
  2.5932941e-01
  5.3236318e-01
 -1.8080045e-01
 -5.6517024e+00
  6.8066114e-01
  7.6508677e-01
  1.8313341e-01
  3.9993638e-01
 -7.6946758e-02
  8.7620020e-01
  3.2761340e+00
 -1.8859231e-01
 -6.1856616e-01
  6.6463399e-01
  6.3244271e-01
  4.7537994e+00
 -4.9928305e-01
  3.8361475e-01
 -1.4007716e+00
  1.5360706e-01
  1.2829407e+00
  5.2775860e-01
  2.2291651e-01
 -5.6600749e-01
  1.0563673e+00
 -3.0193329e-01
  8.6289398e-02
  1.3567082e+00
  1.9851219e-02
  3.1053096e-01
  4.5226830e-01
 -1.5760428e-01
 -4.4540602e-01
 -6.5787727e-01
 -6.0198742e-01
  4.1575179e-01
  7.9032969e-01
 -6.2039018e-01
 -2.4213888e-01
 -2.3543122e+00
  1.3133280e-02
 -4.3228421e-02
 -1.1116986e-02
  3.1713411e-02
 -2.1036425e-01
  1.5022840e-01
 -3.2284024e-01
 -1.4249536e-02
  3.1929526e-02
 -1.3364951e-02
 -1.7063929e-02
  1.8172184e-02
 -5.3243525e-02
 -1.2386768e-01
  1.3474542e-01
  1.2662826e-01
 -3.8707990e-03
 -4.2039186e-02
 -2.1777414e-01
 -9.3492523e-02
  3.5684288e-02
  9.0654574e-02
  4.2086318e-02
  6.7332624e-03
 -9.8460358e-01
 -5.6680238e-01
 -3.9474975e-02
  2.5202627e+00
  2.2384951e+00
  8.4216321e-01
  2.9935682e+00
  3.7920341e+00
  1.6986365e+00
 -2.6782808e-01
 -2.1759962e-01
  1.0749513e+00
 -2.1627705e+00
  8.2914782e-01
 -3.6108455e-01
 -1.8127471e-01
 -6.8063551e-01
  3.4916642e-01
  2.8875253e-01
 -5.3568465e-01
  1.5686291e-01
 -1.1630215e-01
  3.1220220e-02
  3.4283295e+00
 -1.9181323e-01
 -7.1074319e-01
  5.2476758e-01
  2.3619239e-01
  5.2070189e-01
 -6.9827420e-01
  7.7049088e-01
  1.7621812e-01
  7.8770292e-01
 -2.3338364e-01
  6.7822939e-01
 -2.2188785e+00
  2.6882222e-01
  5.3433669e-01
 -1.2590498e-02
 -6.0893732e-01
 -1.1278324e-01
 -1.2821809e+00
 -1.2057180e+00
 -1.7402384e-01
  1.4901891e-01
  1.0024017e+00
  4.5263723e-01
 -3.7219381e-01
  1.8571150e-01
  1.0569563e+00
  1.2193025e+00
  4.7199305e-02
 -7.1492710e+00
  1.8478861e-01
  5.8440423e-01
  1.1612544e+00
 -3.9919477e-02
  6.0376835e-01
  5.3992516e-01
 -2.6280725e+00
 -8.0991966e-01
  6.4175367e-01
  5.6562030e-01
 -1.5573755e-01
 -4.5331573e-01
  1.9473420e-01
 -9.5909446e-02
 -1.0489379e-01
 -1.0154668e+00
 -4.7155492e-02
 -6.5951146e-02
  5.5276771e+00
 -5.7902920e-01
  8.2901639e-01
  1.6502492e+00
  2.7441366e+00
 -4.5857435e-01
  3.0190709e+00
  4.3040976e-01
  6.2008208e-01
  2.6820219e-01
  2.1741691e+00
 -7.5937912e-02
  1.2600908e+00
  1.7399783e-01
  4.0399671e-02
  9.2918229e-01
 -3.6807224e-01
 -7.6951438e-01
 -1.7754915e-01
 -3.1542388e-01
  1.0116693e-01
 -1.5095942e+00
 -1.2505239e-01
  6.6912925e-01
  5.2590733e+00
  4.7046977e-01
 -2.4934186e-01
  2.5448430e-01
 -2.5990298e-01
  1.5386036e-01
 -4.8764068e-01
  2.7006524e-02
  9.0265584e-01
  1.2384908e+00
 -1.7108443e-01
 -1.7769532e-01
  2.4599941e-01
  6.2708378e-01
 -7.8533417e-01
 -4.2988670e-01
 -2.0386615e+00
 -5.3065443e-01
 -1.4561629e-01
  9.3918912e-02
 -6.7938693e-02
  2.5788012e+00
  5.2791035e-01
  1.6902450e-01
 -1.4277064e+00
  9.2750885e-02
  2.0296820e-01
  5.8662236e-02
  3.1657394e-02
 -1.0543663e-01
  1.0552877e-01
  2.7950762e-02
 -9.1103725e-02
 -4.3942031e-01
 -5.4541244e-03
 -1.2655243e-02
  1.6629934e-02
 -1.2867901e-01
 -1.7018107e-01
  2.1472514e-01
  3.5877433e-02
 -1.0917927e-01
  6.3985340e-02
  9.5001966e-02
 -2.8716203e-02
 -1.2482762e-01
 -2.7221093e-01
 -4.6282016e-02
  2.0614181e-01
 -1.4002458e+00
  1.0223945e-01
 -1.1189179e+00
 -4.7518802e-01
  2.7703419e+00
 -7.4723297e-01
  5.2883685e-02
 -5.1543486e-01
  3.6928123e-01
 -1.5925254e-01
  3.6478671e-01
 -2.0191798e+00
 -4.5515366e+00
 -1.0070691e-01
 -5.6301820e-01
 -5.7827461e-01
  1.7314337e-02
  1.1868629e+00
 -2.6106289e-01
 -7.2953992e-02
 -3.2930558e+00
  3.6987835e-01
 -1.1117557e-02
 -1.7887403e+00
  7.6899856e-01
  1.1115293e-01
  3.5456932e-01
  4.0806830e-01
  1.0578049e+00
  1.2224113e+00
  7.7997845e-01
  5.4304171e-01
  2.0498224e-01
  1.0744432e-01
 -7.2579604e-01
  2.3476753e+00
  5.2571100e-01
  8.2208291e-02
  2.7697005e+00
  4.5736203e+00
 -1.1885592e+00
  1.6931660e+00
  1.8762994e+00
  7.1411139e-01
  3.0304438e-01
  3.4366983e-01
  1.1064373e-01
 -2.7963376e+00
 -6.5453839e-01
 -1.0601572e+00
 -5.2878690e-01
  1.7430236e+00
 -1.8488290e+00
 -6.0721159e-01
  1.1591829e-01
 -1.0666306e+00
 -5.0167609e-03
 -3.0175097e-02
 -4.6856043e-01
  2.8952973e+00
 -6.6658711e-01
 -1.3986262e+00
 -2.9312012e-01
 -9.7304368e-01
  1.3157036e+00
  1.2820204e+00
 -1.0393380e+00
 -3.8750183e-02
 -2.2302177e+00
  4.7536278e-01
 -7.1755975e-01
 -3.4808103e-02
 -3.9814204e-02
  6.8724674e-01
  1.8323084e+00
 -9.3019098e-02
  2.8081194e-01
 -5.2605212e-02
 -6.4330566e-01
 -2.1373008e-01
  5.4497743e-01
  4.3854901e-01
  2.3361342e-01
 -6.8499631e-01
  3.6760017e-01
 -1.4635344e-01
  1.2331881e-01
 -3.1707674e-01
 -6.6661775e-01
 -1.2617610e+00
  1.3481323e+00
  1.3000836e+00
 -1.5673113e+00
  8.7181795e-01
  4.3116245e-01
  9.3144494e-01
 -2.2197631e-01
 -1.8991034e+00
 -3.8983922e+00
 -3.1075400e-01
  7.7831477e-01
 -2.2326050e+00
 -5.7005858e-01
 -1.2505391e+00
 -1.2153431e+00
 -8.8710004e-01
  5.2679777e-01
 -6.3400328e-01
 -2.5665429e+00
 -2.0770783e+00
 -4.9095285e-01
 -2.0243216e+00
 -1.7432438e+00
 -2.9971665e-02
 -1.7624716e+00
 -1.5849422e+00
  9.2665732e-02
  4.9804759e-01
  1.2514586e-02
  1.2903597e+00
  1.2853189e-01
 -3.7383921e-02
  4.2931166e-02
 -8.6199418e-02
  1.0774648e-01
 -8.7192968e-02
 -1.2848175e-01
 -1.1193466e-02
 -2.9448234e-02
 -5.0027777e-02
  6.1775576e-02
 -8.1331193e-02
 -4.2748801e-02
  1.1008569e-01
  3.9366838e-02
 -1.0740941e-02
  3.5257101e-02
 -3.1745866e-01
 -7.3435128e-02
 -2.0822942e-02
  1.0189192e-01
  2.5967389e-01
 -3.3256933e-02
 -3.3513475e-02
  2.7348548e-01
 -4.6452465e+00
 -6.5704432e+00
 -5.8671266e-01
 -1.0175372e+00
 -3.3473628e+00
 -1.6308953e+00
 -3.1551578e+00
 -8.6806542e-01
  1.4484593e-01
  1.5970594e-01
 -3.5186374e+00
  2.2130112e-01
 -2.2644974e-01
 -3.5504624e-01
  1.4397509e-01
 -5.5037671e-01
  7.6487267e-01
  4.3027750e-01
  5.4093188e-01
  1.4376158e-01
 -2.6492199e-01
 -6.1645292e-02
  5.0179869e-01
 -2.6555410e-01
 -3.2042077e-01
 -5.4506159e-01
 -4.5797503e-01
  2.1644430e-01
 -1.1333662e-01
 -1.2782899e-01
  6.0758734e-01
 -1.4212459e-01
  8.9070070e-01
  2.2767587e-01
  4.3396626e+00
  5.3311956e-01
  1.3617213e-01
  1.8517235e-01
  2.5431028e-01
 -4.2503870e-01
  4.8817746e-02
  2.8141379e-01
 -6.2629938e-01
  2.8913343e-01
  1.1399006e-01
  6.3304216e-01
  8.2513647e+00
  2.5906008e-01
  4.0945232e-01
  3.9331096e-01
  1.2108014e+00
 -5.9870088e-01
 -7.5323798e-02
 -1.9483855e-01
  6.2783682e-01
  1.3233695e+00
  4.5321679e-01
 -4.9576260e-02
 -8.1623524e-02
  1.5301748e-01
  1.7537904e-01
 -3.2266613e-02
 -6.2263966e-02
  8.3950567e-01
  1.1187509e-01
  2.9369254e-02
 -6.2204254e-01
  1.9076005e-01
 -4.9950343e-01
  2.9499961e-02
 -2.0706809e+00
 -1.1720808e+00
  4.9736652e+00
  1.7633602e-02
 -6.2507588e-01
 -8.7521046e-01
  6.7639136e-01
  7.3634273e-01
  5.7256234e-01
  5.4981756e-01
  2.1929428e-01
  3.4062698e-01
  9.2600328e-01
 -1.8193027e-01
 -3.8615036e-01
  1.4468430e-01
  4.0857431e-02
 -3.2706648e-01
  2.1802454e-01
  1.1000677e+00
  1.3680425e-01
  7.4137712e-01
 -4.7049856e-01
  1.2210698e-01
  9.1742516e-01
 -3.9279509e-01
 -2.6156616e-01
  3.5858382e-02
  1.9897133e-01
  6.2033373e-01
 -1.3575471e-02
 -4.3841672e-01
 -8.7370789e-01
 -1.5809730e+00
  3.6762047e-01
 -3.3185717e-01
  7.9381955e-01
 -4.0801314e-01
 -9.1995370e-01
  3.8238502e-01
 -2.8925079e-01
 -2.9535082e-03
 -5.3831971e-01
  8.2463157e-01
 -3.0017567e-01
 -1.2432815e-01
 -6.8610781e-01
  1.4875519e-01
 -7.6725078e-01
 -1.2515354e-01
 -1.1494634e-02
  8.5991129e-02
 -6.4899940e-03
 -2.5365943e-01
 -8.2653455e-02
 -1.5616666e-01
 -8.4252849e-02
 -1.9624200e-02
 -5.9870213e-02
 -1.2609433e-01
  5.1726423e-02
 -1.7728733e-01
 -1.8257448e-01
 -1.4920968e-01
 -3.9149497e-02
 -2.2491024e-01
 -3.9191861e-03
 -2.9257243e-02
 -4.3814689e-02
 -9.2025243e-02
  1.4334604e-01
  1.1632633e-02
  4.9533885e-02
 -1.3424689e+00
 -2.6447153e+00
 -3.6782557e-01
 -1.1834834e+00
 -1.6850868e+00
 -3.5796249e+00
  1.0300927e+00
 -4.9974844e-01
 -2.1623764e+00
 -1.2559842e-01
  1.3937484e-01
  2.9403582e+00
  1.2476943e+00
  4.5130130e-02
 -2.6156732e-01
 -4.3635938e-01
 -3.6227643e-01
  1.0618651e+00
  4.8087993e+00
 -1.7440251e-01
  2.3998239e+00
 -2.5409558e-01
 -8.4462887e-01
  1.5172805e+00
  1.0731755e-01
 -3.8371289e+00
 -3.5823095e-01
 -2.3908665e+00
 -3.5772044e-02
 -1.1194293e+00
 -8.1783277e-01
 -6.7030862e-02
  2.2759002e-01
  4.9715561e-01
 -4.7820923e-01
 -6.3449879e+00
  3.2332373e-01
  1.6448408e+00
  1.1581740e+00
 -9.8148775e-01
 -1.4875218e-01
  9.3354142e-01
 -2.7510533e-01
 -9.0191193e-02
  8.9053065e-01
 -1.4440496e-01
  2.3168327e-01
 -2.1591554e+00
  7.8504431e-01
 -7.4104327e-01
 -6.5432943e-02
 -1.5779109e+00
 -1.0312063e-01
  2.5169866e-02
  1.6131115e-01
  1.0328227e-01
 -2.7347037e-01
 -1.2812869e-01
  4.8331243e-01
  2.5862291e+00
  8.9154541e-01
  2.9380782e+00
  2.3140969e+00
  7.0504135e-01
  1.4498330e+00
 -3.9292949e-01
 -5.1506549e-01
 -6.1115842e-02
  6.3332200e-01
 -3.5671178e-02
 -3.4182775e-01
 -1.3830191e-01
  5.0454091e-02
  3.8734734e-02
  2.6128021e-01
  3.0488473e-01
 -1.0111394e-01
 -2.7013603e-01
  4.3257456e-02
  3.3149579e-01
  5.1836327e-02
 -3.7083480e-01
 -6.9657105e-01
 -3.8371944e+00
 -4.5383668e-01
 -3.8899133e-01
  1.2214369e-01
 -9.3844038e-01
  3.0390313e-01
 -3.6186272e-01
  1.6402584e+00
 -5.2390027e-01
  3.8590810e-01
  1.4540483e-01
 -1.2486689e-01
  6.9308472e-01
 -1.1100107e+00
 -3.3486849e-01
 -4.1085181e-01
 -1.1625490e+00
 -1.1635433e+00
  3.5947210e-01
 -3.8804930e-02
  8.9382875e-01
 -3.3433264e-01
 -1.9949666e-01
 -1.9661096e-01
 -2.2188480e+00
 -9.7778368e-01
  4.7193053e-01
 -7.6257922e-02
 -4.9417764e-01
 -3.8465533e-01
  4.9087170e-01
  1.7610535e-01
  4.6448964e-01
  1.1639205e+00
  3.8278824e-01
 -8.9964169e-01
  5.2474493e-01
 -1.7902295e-01
  7.4105427e-02
  3.5896726e-02
  5.7440169e-02
  8.5448362e-03
 -7.4054778e-02
  1.9018395e-01
 -2.5256819e-01
  2.1238510e-02
 -1.7214084e-02
 -1.1588516e-01
 -5.1473878e-02
  7.1458265e-02
 -9.2437580e-02
  2.9534787e-02
  9.4847269e-02
  1.1685123e-01
 -1.7221881e-01
 -4.0280346e-02
  9.9395057e-03
  1.0377201e-02
 -2.1089040e-01
  2.1400687e-01
  1.6428237e-01
 -9.4144531e-02
  3.0891902e+00
 -9.1745985e-01
  1.0258937e+00
 -1.4068502e-01
  6.7506623e-01
 -2.3408316e-01
  2.8902876e-01
 -4.0591378e+00
  2.0540228e-01
 -7.2176188e-01
 -5.6459923e+00
 -3.0933020e+00
  1.7808212e-01
  8.6327195e-02
 -1.2428492e-01
 -2.1452256e-01
 -2.3837330e+00
  2.3765679e-01
  4.4581291e-01
 -2.8495526e+00
 -4.2829353e-01
 -8.3608204e-01
 -4.2963009e+00
  1.3402036e+00
  7.7168351e-01
  1.7879199e+00
  3.1736842e-01
 -1.6983660e-01
  4.3139610e-01
  8.0394179e-01
 -2.5129858e-01
 -8.3431268e-01
  3.4939212e-01
 -2.3770524e-02
  8.6336464e-01
 -3.0324984e-02
 -3.0981326e-01
 -5.0163978e-01
 -8.3811057e-01
  1.0102026e-01
  3.8045162e-01
  3.2657531e-01
  1.8956381e+00
  1.1306174e+00
 -8.0713183e-01
  7.6645386e-01
  6.6713681e+00
 -1.0461357e+00
 -1.6349217e+00
 -2.1001508e+00
 -1.3457037e+00
  6.5456283e-01
 -8.4183502e-01
 -1.5050279e-01
 -4.8846883e-01
 -3.7407410e-01
  2.6204687e-01
 -1.1190246e-01
 -2.8417482e+00
 -1.1346376e+00
  2.8481859e-01
 -1.8453598e-01
 -2.2237139e+00
 -2.0356112e+00
 -1.0178827e+00
  3.3999416e-01
 -7.5798780e-01
  4.5361567e-01
  4.5812675e-01
  4.7187224e-01
 -1.1932383e+00
 -4.5122739e-02
 -2.3400562e-01
 -4.9569410e-01
 -1.2419200e+00
 -5.9715307e-01
  2.5658137e-01
  3.1423211e-02
  2.7586269e-01
 -1.9117862e-01
  6.3180991e-02
 -5.1905614e-01
 -1.3986030e+00
 -2.9658377e-03
  2.0747290e+00
  1.6908668e+00
  2.3057374e-01
  1.4065149e+00
 -1.9578300e-01
  6.2567943e-01
 -7.7968545e-02
 -6.0892296e-01
  1.5338990e-01
  1.6378547e-01
 -4.2083344e+00
 -3.8508865e-01
  9.6887581e-02
 -1.0397251e+00
 -1.9905909e+00
 -4.3055472e+00
 -4.1175041e+00
 -3.2265368e+00
 -5.5215340e+00
 -3.2747076e+00
  1.1034551e-01
  6.8845220e-02
 -3.1925461e+00
 -9.3124592e-01
 -2.0600784e+00
 -2.6548712e+00
 -1.1261884e+00
 -5.6118792e-01
 -1.9637020e+00
 -2.9787317e-01
 -1.1572990e+00
 -7.5930780e-01
  4.2309780e-03
  1.8862225e-01
  3.3959420e+00
 -4.9722921e-02
  8.1008360e-02
  1.1015084e-01
 -1.4868183e-01
 -6.1306585e-02
 -2.0180359e-02
 -1.1266140e-01
  4.4159267e-02
  8.7207053e-03
  1.4742857e-01
 -8.7702326e-02
 -1.7948203e-02
  3.9682884e-02
  1.1678582e-01
  8.9059860e-02
  1.7125563e-01
 -3.7606530e-02
  3.6731016e-02
  2.2201110e-02
 -1.7877156e-02
  2.3669417e-01
  1.0861675e-01
  1.8700536e-02
  1.0111008e-01
 -1.0933521e+00
  4.2137942e+00
 -3.2012401e+00
 -1.5060489e+00
 -1.7528440e-01
 -1.1574396e+00
  3.3788309e+00
  3.1883862e+00
  2.5469354e-01
  3.2257877e-02
  5.0429389e-02
 -9.8293751e-01
  4.3356833e+00
  2.3342423e+00
  1.5019064e+00
 -6.0638952e-01
 -1.5893522e-01
  2.3538361e+00
 -7.3242605e-02
  3.3967263e-01
  2.1849639e+00
  7.7929482e-02
  3.4805557e-01
 -9.2714958e-02
  2.0921561e-01
 -1.6048045e+00
 -2.8042099e-01
 -1.9880411e-01
 -7.6854867e-01
  4.9303940e-01
  2.9998194e-02
 -4.3532610e-01
  6.1666799e-01
  1.3172764e-01
  1.5982963e-02
 -7.7258629e-01
  1.7759062e-01
  1.9508530e+00
 -2.8648803e-01
  1.1427377e-01
  1.1055380e+00
 -3.3064720e-01
  9.1801566e-01
 -4.1095439e-01
  7.7346608e-02
 -3.7216207e-01
  6.1853588e-01
 -6.3139992e+00
  3.5814092e-01
  1.6280031e-01
  8.1279653e-01
 -1.0168109e+00
 -9.6004814e-01
  5.1944035e-01
 -3.6031282e-01
  1.2193766e-01
  1.7284749e+00
  3.9407158e-01
 -7.9523164e-01
 -4.6604934e+00
 -1.1848162e+00
 -3.5310450e-01
  2.6281038e-01
  3.3321723e-01
 -2.3000708e-01
  3.6160141e-02
  1.0561417e+00
  7.1073286e-02
 -3.9614841e-01
 -1.6503340e-01
 -3.4131849e-01
 -3.8967943e+00
  7.9522336e-01
  1.5824481e+00
  5.2250928e-01
  3.8150272e-01
  9.8095322e-01
 -1.9021101e-01
  1.4870271e-01
 -6.8485171e-02
  1.4203822e-02
 -9.1659158e-01
 -2.1719487e-01
 -6.8300182e-01
 -1.0210238e-03
 -7.8642124e-01
 -6.6565305e-01
 -9.3626475e-01
  1.4039281e-02
  1.7155817e-01
 -1.4856858e+00
 -5.8644581e-01
 -5.5704921e-01
  7.7098829e-01
 -2.5697356e-01
  5.9409369e-02
 -1.9347718e-01
 -2.1917848e-01
 -7.7453800e-02
  5.1813942e-01
  4.8948595e-01
  1.3978901e+00
 -2.0563276e-01
 -2.6051147e+00
  2.9571791e+00
 -4.6589458e-01
  9.2578804e-01
  2.8303111e-01
  1.0339040e-01
  4.9265301e-01
  7.4646699e-01
  7.8593868e-01
  7.7826625e-01
 -2.4548475e-01
  2.5837278e-01
  1.2739677e+00
  2.9603775e+00
 -6.0952857e-02
 -6.3392237e-02
  3.9701400e+00
 -1.7146200e-01
  1.8033307e-02
 -1.1551411e-01
  2.7594149e-02
  1.3891139e-02
  5.4146089e-02
 -8.2875408e-02
 -1.0519879e-01
 -1.4136353e-02
 -1.8300396e-01
  1.4989069e-01
 -3.0557171e-02
 -6.1249215e-02
 -1.6700158e-01
  1.3277987e-01
 -1.7822550e-01
 -1.4426926e-01
  1.1400729e-02
  3.1436976e-02
 -1.6498134e-01
  8.2837477e-02
  4.8715666e-02
 -1.2249086e-01
  3.0917916e-02
  9.6989699e-02
 -8.8239133e-02
  3.9924425e-01
 -5.7633692e-01
  6.1351228e-01
 -1.2488199e+00
 -1.1546359e+00
 -6.3310003e-01
 -6.8861437e-01
  7.5480610e-01
  6.8183690e-02
  6.8227243e-01
 -1.2536950e+00
 -3.5444918e+00
 -1.7580995e-01
  1.1391143e-01
  5.5508152e-02
 -4.9314942e+00
  3.9501537e-02
 -2.8727090e-01
 -6.3212830e-01
 -5.5757385e-01
 -2.1991178e-01
  4.6381845e+00
  1.7257123e+00
  2.4091661e+00
  1.8217865e-01
  1.4517219e+00
  2.5878026e+00
  2.9059049e-01
  9.7813554e-02
 -3.1743713e-02
 -5.2696392e-02
 -1.4765207e-01
  5.2049518e-01
 -1.6505953e+00
  1.9243169e-01
  7.3885542e-01
  1.4512886e+00
  4.0117592e-01
  9.4088542e-01
  9.5733380e-01
  9.5987362e-01
  2.1743922e+00
  1.7584996e+00
 -3.3848295e-01
 -2.1206570e-01
 -1.7622341e+00
  4.7075403e-01
 -5.8045085e-03
 -1.3114501e+00
 -2.5113344e+00
 -1.4925203e+00
 -1.7088286e+00
 -1.1078318e+00
 -3.5297740e-01
 -2.9949939e+00
  4.3973379e-02
  3.5722029e-01
  3.5409503e+00
 -1.6266820e-01
 -3.1439221e+00
 -7.1055239e-01
 -1.1440121e+00
  8.0125749e-01
  1.1062638e-01
 -2.0934448e+00
 -1.4686828e+00
  2.0276265e+00
  5.7264153e-02
 -4.1665834e-01
 -4.5407734e+00
  1.5204360e+00
 -8.2605493e-01
 -9.1799998e-01
 -7.4292243e-02
  1.1559986e-01
  2.2867968e+00
  7.3928572e-02
  5.9971410e-01
 -4.9759474e-01
 -2.3629646e-01
  3.6828484e-02
 -1.0983598e+00
  6.2813662e-02
  6.0349041e-01
 -1.6495642e-01
  1.7264867e+00
  4.0641131e+00
 -2.2539525e-01
 -2.8940775e+00
  1.7894755e-01
  1.0857757e+00
  8.7904818e-02
 -1.8884757e-01
 -1.3729552e+00
 -7.8736238e-02
 -7.4899131e-01
 -3.1617634e+00
 -2.1958432e+00
 -2.3246789e+00
 -6.8431121e-01
 -2.3520386e+00
 -2.9177003e+00
 -8.5530347e-01
 -3.3554772e-01
  2.4920940e-01
 -1.5428864e+00
 -2.0360687e+00
 -2.7375710e+00
 -3.1578115e-01
 -1.0542647e+00
 -1.5093814e+00
 -6.9135261e-01
 -1.4463477e+00
 -8.1809354e-01
  2.7450063e+00
 -8.9966428e-01
  3.3943918e-01
 -1.5126433e+00
 -6.4965658e-02
  5.9868500e-02
  1.4786182e-01
 -9.7484671e-02
  5.1984739e-02
 -2.0878083e-01
 -5.9107583e-02
 -3.3333451e-02
  1.5799616e-01
 -2.2882266e-01
 -8.1081733e-02
 -1.5587196e-02
  1.4271620e-01
  1.7616761e-01
  2.4476513e-01
 -1.1978675e-01
 -1.9575594e-01
  1.0543005e-02
 -8.4332906e-02
  1.7828676e-01
 -1.3504256e-01
  7.9302266e-02
  1.1684068e-02
  1.8502143e-01
  4.5134079e-01
 -4.6240792e+00
  1.3575116e+00
 -4.1573234e+00
  9.2920887e-01
 -1.0859475e+00
 -1.1468498e-01
  1.3153080e-02
 -6.0874844e+00
 -1.0549140e-01
 -2.0472525e-01
  5.3603878e+00
  6.3261503e-01
  4.7463664e-01
  4.9608555e-01
 -5.4245031e-01
 -1.4947228e-01
  5.2164495e-01
 -3.7211301e-03
 -5.2266520e-01
  1.9743987e+00
  3.1314173e-01
  4.2471156e-02
 -4.8088658e-01
  3.6311236e-01
  3.0534104e-01
  1.3069633e+00
  1.2984754e+00
  5.3133893e-01
  2.5882110e-01
  1.1197975e-01
  3.3485621e-02
  7.5825715e-01
  1.2553442e-01
 -5.5385396e-02
  8.5045278e-01
  3.6829370e-01
  3.7442690e-01
 -3.0720569e-02
  1.9373745e-02
  1.8424211e+00
  6.3646230e-04
 -5.8740759e-01
  6.8155646e-01
  2.1982616e-01
  3.4859386e-01
 -6.8243337e-01
 -4.7020259e+00
 -2.1845174e-01
  6.9234902e-01
 -1.0078938e-01
 -6.5537423e-02
  2.3702945e-01
  1.1458479e-01
  1.9404648e-01
  6.5077201e-02
  6.3967779e-02
  1.8239852e-02
 -1.4258796e-01
 -4.0604621e-01
  5.6285203e-02
 -3.2689583e-01
 -5.8888126e-02
  9.6488988e-01
 -2.7031547e-01
 -2.3332237e-01
  2.8773808e-01
  5.0276113e-01
  9.0377018e-02
 -2.3870790e-01
 -4.5484375e-02
  1.1355495e+00
  8.5705632e-01
  1.0796238e-02
 -3.7145838e-01
 -1.2796253e-01
  3.8284525e-01
 -1.8728602e+00
  8.3297712e-01
 -9.0871394e-01
 -6.0838271e-02
  5.1830244e-01
 -6.0064342e-02
  3.0598660e+00
 -8.5853577e-02
 -2.7131361e-01
  1.0220597e+00
  1.1633316e+00
  3.5945588e-01
  6.3590884e-02
  4.0196959e-02
 -4.9452931e-01
  4.8564056e-01
 -1.7792888e-01
 -7.0479530e-01
 -2.0256462e+00
 -2.5947970e-01
 -4.9982026e-01
 -1.1523103e+00
 -2.3292725e+00
 -9.0099490e-01
 -6.7645139e-01
 -9.7880799e-01
  1.1137428e+00
 -1.2619721e+00
  5.1467508e-02
  1.0193459e+00
  8.3058417e-01
 -7.3954934e-01
 -4.6218967e-01
 -6.3158667e-01
  7.2216839e-02
 -4.7721380e-01
 -6.3041770e-01
 -1.1241524e-01
 -4.3371841e-01
  6.7048021e-02
  6.1696398e-01
 -3.1623599e-01
 -2.2377284e+00
  1.0477097e-01
  9.1848068e-02
 -2.7442340e-02
  1.4642242e-01
  3.1537101e-02
 -1.3530537e-01
 -1.3535708e-01
 -5.2701491e-03
 -1.6940627e-02
 -2.0174283e-01
 -3.3268388e-02
  2.0112272e-01
 -1.2086423e-01
  4.2173049e-01
  4.5239246e-01
 -1.2510456e-01
 -6.9477826e-02
  1.5928924e-02
 -4.4860832e-02
  1.0591380e-01
  2.2883159e-01
  4.4306993e-02
  5.5558566e-02
  2.2259353e-02
 -4.3485804e+00
 -9.9744177e-01
  8.3119507e+00
  1.0620996e-01
 -3.7880680e-01
  1.4088976e+00
 -8.0031492e-02
  3.7382105e-01
 -1.0077742e+00
  4.1600257e-01
  2.5485024e-01
  3.7713218e+00
 -1.2986530e-01
  7.8059417e-01
 -8.9315528e-01
  1.3531763e-03
 -6.4503700e-01
  6.3515115e-01
  6.8029636e-01
 -1.9879213e-01
 -9.2669651e-02
  3.6352631e-03
  2.0694801e-01
 -2.1615534e+00
 -1.0249201e+00
  1.9212561e+00
  9.6711814e-02
 -2.9495981e-01
 -6.6091582e-02
 -1.2649316e+00
  6.4313513e-01
 -1.6230449e-01
 -3.0192545e-01
 -6.6132501e-02
  5.6392831e-01
  2.5418851e+00
  3.2941084e-02
 -2.9369650e-02
 -2.1254048e+00
 -5.0377220e-01
  1.5467098e+00
  8.4398204e-01
  6.7700392e-01
  9.4458815e-03
 -4.4770652e-01
 -1.8692663e-01
 -1.6123375e-01
  8.7497354e-01
 -6.2305111e-01
 -6.9443971e-01
  2.7014545e-01
 -3.2112443e-01
 -2.0015784e-01
 -7.8942221e-01
 -1.2052158e+00
 -2.1852357e+00
  2.2021390e-01
  3.8982156e-01
 -2.4873441e-01
 -3.1803541e+00
 -3.8741234e-01
  2.4484706e-01
 -3.2687208e-01
 -3.1362738e-02
 -6.1346126e-01
  3.9468625e-01
 -7.9484820e-02
  3.1021192e+00
  3.9277446e+00
  1.1167582e+00
  7.6666939e-01
  3.4627888e-01
  3.8010949e-01
  7.8977948e-01
  8.8807034e-01
  1.3428395e+00
  3.4226894e-01
  3.5678518e-01
  5.8715528e-01
  1.1862221e+00
 -1.5996950e-02
  6.4699757e-01
  6.8120158e-01
 -1.6218047e+00
 -8.4921384e-01
 -9.2657065e-01
 -2.2679772e-02
  2.8026260e-02
 -1.8678654e+00
 -2.6525980e-01
 -1.2275672e+00
 -1.0789261e+00
 -8.9150095e-01
  2.8134251e-01
  1.5000646e-01
 -1.9599944e+00
 -2.7942711e-01
 -1.0718707e+00
 -8.3741879e-01
  2.8482658e-01
 -6.7350888e-01
 -1.1243217e-01
 -1.3596586e+00
  2.1219294e+00
  8.6166304e-01
 -7.2674555e-01
 -1.6777557e-01
 -4.2415002e-01
 -6.4494693e-01
 -9.9872810e-01
 -2.4843594e-01
  3.2328239e-01
 -5.2822405e-01
  1.7337452e+00
  2.6382250e-01
  1.8690263e+00
 -3.2450290e+00
  1.0296627e-01
 -1.1643740e-02
  9.5725244e-01
  5.7415538e-02
  1.0791431e-02
 -1.2568851e-01
  1.0733742e-01
  5.1832668e-02
 -1.3575533e-01
 -2.9988574e-02
  4.9954930e-01
 -1.3894975e-01
 -5.9500687e-02
 -8.8797912e-02
 -4.5257762e-02
 -1.3121487e-01
  7.6047294e-02
  6.1464328e-02
  8.1949346e-02
  2.9116251e-02
  3.1313892e-02
  1.1367857e-01
  1.0585399e-01
  2.0044777e-01
 -1.6813010e-01
 -1.9014588e-01
  1.0152966e-02
 -3.7391290e-01
  1.0043914e+00
  1.1012172e+00
 -1.0469469e+00
  8.0616707e-01
  7.0908558e-01
 -1.7069834e+00
  1.2937497e+00
  2.1146054e+00
  1.2336572e-01
  2.9023877e-01
  1.4617306e+00
  1.3100536e-01
 -9.5675504e-01
  5.9242868e-01
  7.1348059e-01
  1.0452064e+00
  1.3916774e+00
 -6.5850651e-01
 -1.3037064e+00
  2.4846834e-01
  1.6610144e-01
 -6.4995706e-02
 -1.1127400e+00
  1.9330299e-01
  6.8053669e-01
 -9.6510077e-01
  6.5499735e-01
 -1.3064642e-01
  1.0814836e+00
  1.4911767e+00
  2.4567707e-01
  7.8233314e-01
 -6.1639881e-01
  2.8661409e-01
  2.2683508e+00
  4.1247681e-01
  3.7217605e-01
 -2.7390602e-01
 -8.2884419e-01
  8.4312603e-02
  1.7401296e-01
 -2.4575174e-02
  1.1243857e-01
 -1.8670265e-01
  1.5814675e-01
 -5.0182796e-01
  1.1176218e+00
  3.4833506e-01
 -2.3066305e-01
 -4.8259312e-01
 -8.0094111e-01
 -5.3293198e-02
  5.8127445e-01
 -6.0570519e-03
 -7.1940720e-01
  4.7893161e-01
 -3.8436957e-02
  4.5832351e-02
 -8.9188462e-01
  2.2125435e-01
  3.9446473e-01
  3.8634208e-01
 -2.6344320e-01
  1.3758330e+00
  1.4350888e-01
 -4.7627643e-02
  2.9421178e-01
  1.7620040e+00
 -7.9777893e-03
  5.3552687e-01
  2.4709773e+00
 -6.4752358e-01
  6.8073951e-02
 -6.5386760e-01
 -8.5637009e-01
 -7.9970932e-01
 -1.2097832e+00
 -6.5212274e-01
 -1.0837452e+00
 -1.9679105e+00
  3.1995308e-03
 -7.4350590e-01
  1.0354240e+00
  1.2587382e-01
  1.3920109e-01
  9.9486458e-01
  1.8469135e+00
  2.8110795e+00
  3.1703252e-02
 -4.8016599e-01
  4.3062974e-02
  7.8805006e-01
  1.3075961e-01
  3.7794821e-02
 -6.2590462e-01
  2.3056714e-01
 -3.4604648e-01
 -1.1133951e+00
 -1.4817458e+00
 -1.3008128e+00
 -1.0874360e+00
 -1.2641814e+00
 -9.4385570e-01
  2.0557325e-01
 -2.1909352e-01
 -1.1228643e-02
  1.1361520e-01
 -8.3604157e-01
 -6.9235170e-01
 -1.6378887e+00
 -2.5070689e+00
 -1.4059633e+00
 -1.8996392e+00
 -1.7726389e+00
 -5.5185235e-01
 -7.4157686e+00
 -3.6484104e-02
  2.0286608e-01
 -3.9409640e-01
 -3.9646979e-02
  1.4102952e-01
 -4.1738197e-02
 -6.6669226e-02
  1.1513885e-01
 -8.0512352e-02
 -1.8298915e-02
 -8.3463669e-02
  4.0793087e-02
  6.0639638e-02
  1.2178117e-01
 -3.5441302e-02
 -5.3224821e-02
 -3.4684695e-02
 -2.9818885e-02
 -8.2411572e-02
  1.4893518e-02
  4.0330928e-02
  1.1873588e-01
  3.3566490e-02
 -3.1497851e-02
 -1.4804144e-01
  1.3773052e-01
 -9.1344520e-02
 -2.9420149e-01
  1.5886430e+00
  3.7945061e+00
 -2.5304174e+00
 -8.6764830e-01
  1.3764071e+00
 -1.4785097e+00
  8.0064148e-01
  2.9946315e+00
  3.8747478e-02
  4.1784251e-01
  3.5549314e+00
  6.6321023e-02
 -7.1393281e-01
 -3.8503167e-01
  4.7070365e-02
 -6.2746638e-01
  2.9667264e-01
  7.6444483e-01
 -1.1250684e-01
  2.3437471e+00
 -1.2905596e-01
  5.5429488e-01
  2.9378397e+00
  7.5639039e-02
 -1.9909415e+00
 -1.2734866e-01
 -1.1383543e-01
 -5.4872322e-01
 -6.3651359e-01
 -3.6955670e-01
 -1.1046232e+00
 -8.5504448e-01
  2.6676473e-01
  1.3621533e+00
 -2.2592700e+00
  6.6290230e-01
  5.5102624e-02
  1.1732192e+00
 -1.8288065e-01
  7.7676821e-01
  7.7529228e-01
  3.4546025e-02
  5.9151597e-02
  2.7205154e-01
 -1.4530644e-01
  1.4631867e-01
  2.2676511e+00
 -1.1366559e+00
 -2.7426866e-01
 -5.8863598e-01
 -9.1358691e-02
  1.7334494e-01
  5.4467380e-01
  3.0415175e-02
  1.6096240e-01
  5.0236732e-01
 -2.6286790e-01
 -7.0310813e-01
  6.2008786e-01
  9.6460754e-01
 -2.2770001e-02
 -5.6567746e-01
 -1.1768811e-01
 -2.3028877e+00
 -3.6286822e-01
 -3.4784818e-01
 -1.4273548e+00
 -1.9237375e+00
 -2.6176265e-01
  5.1900190e-01
  6.7853916e-01
  1.1033137e+00
  1.0383611e+00
  4.8443997e-01
  1.0915529e+00
  3.3706415e-01
  1.7824372e+00
  5.2312297e-01
  7.0041788e-01
  1.6963471e+00
 -7.9374731e-02
  3.1720582e-01
 -3.0941823e+00
  1.1408035e-01
 -5.4994363e-01
 -3.2019952e-01
  2.9159393e-03
 -2.2974223e-01
 -8.5161722e-01
 -2.3939960e+00
 -5.9644502e-01
  4.6319705e-02
 -2.7225280e-01
 -3.0139151e-01
 -1.4506484e+00
  5.0019491e-02
  1.4656630e+00
  4.4446465e-01
 -5.2543491e-01
 -9.6313232e-01
 -6.1183178e-01
  3.8702545e-01
 -1.8363452e+00
 -1.5805597e+00
  1.0021508e+00
  1.4237158e-01
  3.3288064e+00
  5.0411403e-01
  1.1652760e-01
 -3.1044948e-01
  2.4728401e-01
 -3.9149925e-02
 -1.3475720e+00
  6.9471741e-01
 -1.0768907e+00
 -1.8379830e+00
 -3.1132084e-01
  1.0024039e-01
 -2.2230451e+00
 -7.9236522e-02
 -1.8003946e-02
 -3.4248743e-02
 -1.4275976e-02
 -1.2489936e-01
  3.5546385e-02
 -1.3511339e-03
 -1.5705253e-03
  3.5115778e-02
 -2.6772711e-01
 -2.5426559e-02
 -1.7597562e-02
 -3.2528110e-02
 -6.6929325e-02
 -1.3421498e-01
  5.9522469e-02
 -1.6377963e-01
 -7.2873831e-02
  8.0144182e-02
 -4.5349296e-02
 -2.5460703e-02
 -7.3772930e-02
  5.0916273e-02
 -5.0062831e-02
 -2.2928059e+00
 -2.6774397e+00
 -5.3905087e+00
 -2.3225904e-01
 -2.6472242e+00
  5.4806423e-01
 -2.9832683e+00
 -4.6767583e-01
 -3.6702280e+00
  6.6255993e-01
 -9.5042177e-02
  2.3992460e+00
  3.5857694e+00
  5.3233021e-01
  3.0957410e-01
  3.8390747e-01
 -1.7316505e+00
  1.1136314e+00
 -9.6493602e-02
 -1.3905296e-01
  2.0921478e+00
  2.4532706e-01
  2.1685740e-01
  1.0445789e+00
  1.0031509e+00
  3.3469626e-01
  1.7382340e+00
  1.1216106e+00
  9.5259443e-02
  1.9534644e+00
  4.4355512e-01
  1.8435720e+00
  8.4478897e-01
 -1.8381916e-01
 -2.4523282e-01
 -1.0655642e+00
 -4.4754285e-01
  1.7046851e+00
  5.4912770e-01
  7.3005152e-01
 -6.4735852e-02
  4.8047179e-01
  4.8309169e-03
  1.3688046e-01
  2.0087640e-01
 -2.9783349e-02
 -2.3046406e-01
  2.5865242e+00
  8.2269812e-01
  8.9922227e-02
 -6.3788438e-01
 -1.0132325e+00
 -1.1394509e+00
 -2.9260173e-01
 -1.4271303e+00
 -3.4994721e-01
  3.2815763e-01
  2.4671423e-01
 -6.9124854e-01
  4.6288294e-01
 -1.5332513e-02
  1.7487059e+00
 -5.6378067e-01
  1.8357872e+00
 -2.1553390e+00
 -2.0591183e+00
  1.4156654e+00
  4.1153067e-01
 -3.5196338e+00
  6.6683155e-01
  3.0165383e-01
  2.6946859e+00
 -1.1679663e-01
 -1.5058727e+00
 -1.3198767e+00
  1.2632751e-01
  3.1319156e-01
 -1.8083256e+00
 -3.5059968e-01
 -1.8088332e+00
  2.8405079e-01
  4.1811913e-01
  1.4443271e+00
  6.4952779e-01
 -8.7998682e-01
  8.6620271e-01
  8.3188242e-01
 -2.0440315e-01
 -1.9606737e+00
  1.1409842e+00
  1.2608844e+00
  1.0415260e+00
  1.0083796e+00
 -2.7741402e-01
  1.0137255e-02
  9.5345896e-01
 -1.8199801e-01
 -3.5154531e+00
  3.6940504e-02
 -1.8604259e+00
 -1.2631314e+00
 -1.1563259e+00
  5.3546214e-01
 -1.1245879e+00
 -2.2620862e+00
  8.0224745e-02
 -8.8537455e-02
  5.0118833e+00
 -1.0227310e-02
  4.0203422e-01
 -1.9562781e+00
 -7.5865966e-01
 -1.2174966e+00
 -2.7911568e+00
 -1.5373901e+00
 -3.0087283e+00
 -3.7921733e-01
 -9.2747256e-02
  2.6182193e-01
 -1.4655324e+00
 -1.1583752e-01
 -1.6704565e-02
 -4.6592094e-02
  3.3902153e-02
 -1.4269009e-01
  1.8492799e-01
  2.0322461e-02
  7.2465628e-01
 -1.2627155e-01
 -8.7482564e-02
  8.1729963e-02
 -3.1579271e-02
 -1.2019217e-01
 -2.6876289e-02
  9.3940467e-02
  1.2343416e-01
 -3.1916741e-02
 -6.9611154e-02
  1.0248856e-01
  9.6870914e-02
  8.0561321e-03
  1.9006230e-01
 -7.6629892e-02
 -2.0837773e-01
 -1.0096477e+00
 -3.8379046e-01
 -4.3874198e-01
  4.1022973e+00
 -1.2382556e+00
  4.2908725e-01
 -9.6997279e-01
 -2.5229511e+00
  3.9958912e-01
 -7.9955256e-01
 -1.9173607e-01
  7.4405980e-01
  1.5476227e+00
  1.5657688e+00
  7.4144781e-01
  4.8725682e-01
  7.3694634e-01
  5.7046151e-01
  3.2576650e-01
  8.4401138e-02
  7.3681349e-01
  3.6417702e-01
 -6.8308061e-01
 -7.9889290e-02
 -2.1709856e-01
  2.4428482e+00
 -1.5642128e+00
  2.8463131e-01
 -1.3382384e+00
  3.3024213e-01
  1.3147122e-01
 -3.0053444e-02
  8.6045808e-01
  1.1339639e-01
 -5.2294713e-01
  3.0056310e-01
  6.6778851e-01
  2.0333586e+00
  1.7500827e+00
  6.0903311e-01
  2.8913075e-01
  1.1556461e-02
  7.5493741e-01
  1.7732778e+00
  1.2447441e+00
  2.5387281e-01
  5.0454211e-01
  1.7691970e+00
  4.3390957e-01
 -1.3009208e-01
 -1.0797326e-02
 -1.4911094e-01
 -9.0996492e-01
 -2.7621528e-03
  4.1409037e-01
 -4.6942037e-01
 -1.3210477e+00
  2.4281645e-01
 -1.0362746e-01
 -6.4760184e-01
 -3.5674381e-01
 -2.8434607e-01
 -1.1629809e+00
  4.5511878e-01
 -6.3300347e-01
 -1.0250334e+00
  1.5773083e+00
 -5.0252444e-01
 -1.6108289e+00
  3.3965236e-01
 -7.1661794e-01
  3.0203817e+00
 -7.4046993e-01
  5.1568902e-01
  2.8252465e-01
  1.2776841e+00
  1.1382895e+00
 -9.9534206e-02
  3.9921039e-01
  5.9646559e-01
  5.2173829e-01
  4.9097621e-01
 -1.3779329e-01
  1.4978403e-01
  1.4990197e-01
  6.4872682e-01
 -2.8370994e-01
 -5.4180235e-01
 -2.1077445e-02
 -1.1486156e+00
  6.1521876e-01
  4.4276034e-03
  1.4635248e+00
  2.5010243e-01
 -2.6169526e-03
  1.1604819e+00
 -4.4342870e-01
 -1.8622360e+00
 -5.3179961e-01
 -2.7561693e+00
  1.9126877e-01
 -1.8336990e-01
 -4.9878040e-01
 -2.3005120e-01
 -6.2058008e-01
  1.4640923e-01
 -3.4963393e-01
  3.0583704e+00
 -6.3251781e-01
 -2.6673716e-01
 -1.5407953e+00
 -8.0607039e-01
 -1.2037456e+00
 -1.8386902e+00
 -4.3036136e-01
 -1.8815438e+00
  3.0876017e-01
  1.8248633e-03
 -1.9537936e-01
 -2.3825420e-01
 -2.3029126e-02
 -7.1551844e-02
  2.1598294e-01
  7.5075492e-02
 -1.5928693e-02
  3.0419879e-02
 -7.9469785e-02
 -8.6855441e-02
  2.1596782e-02
 -1.5623118e-01
  1.7528113e-02
 -6.1647728e-02
 -1.9362587e-02
  2.4831326e-01
  9.9693693e-02
  2.5376272e-01
 -5.9027022e-01
  7.7289827e-02
  8.9759594e-03
  5.6856517e-02
 -9.6231904e-03
  9.9278480e-02
  7.8491800e-02
  1.0617468e-01
  5.2962196e-01
  3.7847263e-01
 -2.0965199e+00
  2.6761842e+00
 -8.8706899e-01
 -7.4181634e-01
 -1.0717838e+00
 -2.9115965e+00
  2.9607909e+00
 -1.3485250e-01
  1.2169527e-01
 -2.7090913e-01
 -4.4926906e-01
 -1.8068574e-01
  1.3458800e-02
 -5.4660046e-01
 -1.3153476e+00
 -6.5623802e-01
 -2.0666043e-01
 -2.5937963e-01
 -1.8559623e-01
 -2.3327871e-01
 -1.7718710e-01
 -5.3892034e-01
  1.5037851e-01
  1.4637493e+00
 -3.4100744e-01
  9.8348838e-01
  2.3062934e-01
  9.1914982e-02
 -4.8967275e-01
 -1.2016191e-01
 -5.5523988e-02
 -5.1052397e-01
 -1.4489324e-01
  1.9224063e+00
  8.2006313e-02
  4.4918422e-02
  8.4120584e-01
  3.3678904e-01
  1.0169238e-02
  2.0956215e-01
  3.3989510e-01
  1.0407887e+00
  6.8717891e-01
 -6.5508097e-02
 -8.2373255e-01
  3.6362919e-01
 -4.3594462e-01
  4.2614284e-01
 -8.5182446e-01
 -4.9214169e-01
 -3.0388877e-01
 -1.0054315e-01
 -1.1428767e-01
 -8.7868780e-02
 -2.4940529e-01
  1.1094598e+00
  3.1431833e-01
  2.4732865e-02
  2.8216061e-01
  3.3395201e-02
  2.1814625e-01
 -8.7330967e-02
  1.2100133e+00
 -5.1964837e-01
  1.5740438e+00
 -1.9254731e+00
 -2.4747281e+00
 -1.2065085e-01
 -4.3821350e-02
  2.3913634e+00
 -1.2945197e+00
  1.5403157e-01
 -1.0901790e+00
 -1.2493739e-01
 -4.4704524e-01
  9.4611317e-02
  1.3898703e+00
  1.2085502e-01
  1.3778838e+00
 -2.6748326e-01
  1.4793747e-02
  1.0330863e+00
 -3.1901002e-01
  8.3935279e-01
  1.2588524e+00
  1.4339448e+00
  2.5195017e+00
  5.1508409e-01
  8.3323795e-01
  2.2695474e-02
 -1.7068051e-01
  3.1469089e-01
 -5.6346059e-01
  2.3380218e+00
 -1.5650195e-01
 -5.7580811e-01
  6.0714608e-01
 -1.3715298e+00
 -5.8644462e-01
 -2.7457899e-01
  4.4745857e-01
 -5.8648765e-01
 -2.2872658e-01
 -2.8286973e-01
  1.2838006e-01
  3.8732940e-01
 -7.6062673e-01
 -4.9578121e-01
 -1.0629145e+00
 -4.9109849e-01
 -7.3988146e-01
 -2.0420141e+00
 -1.6934994e-01
 -2.2412963e+00
 -1.5974025e+00
  3.9035133e-01
  1.1498479e+00
 -3.6365595e-01
 -4.4697192e-02
 -9.8966874e-02
  2.5550690e-02
  1.0334734e-01
 -1.0672399e-01
 -6.2094577e-02
  1.0679697e-01
 -5.5980934e-03
  7.0552200e-02
 -1.0728648e-01
  8.5655428e-02
  8.9705080e-02
 -5.2195627e-02
  6.2177416e-02
 -1.3395068e-01
  5.7093274e-02
 -2.4481462e-03
  1.7111726e-02
 -3.0016107e-03
 -1.7893314e-01
  6.9568366e-02
 -2.6570540e-02
 -7.4424744e-02
 -8.0481255e-03
  7.6553726e-01
 -3.9242643e-01
  4.5101330e-01
 -1.3150156e+00
 -1.5133864e+00
 -1.1059216e+00
 -1.3732876e+00
 -2.9737582e+00
  2.9382122e+00
 -2.9878220e-01
 -1.0148067e-01
 -3.9606926e-01
 -8.6201060e-01
  8.6445913e-02
 -2.6036653e-01
 -9.7542942e-02
 -2.9989561e-01
 -9.9146599e-01
  2.0344754e-01
  3.0564690e-01
 -1.3801888e+00
  7.6893881e-02
  7.5501555e-01
 -2.6751089e+00
  5.4884541e-01
  2.1650974e-01
  2.2757185e+00
  8.8941622e-01
  4.6646813e-01
  1.0358886e+00
  1.0993837e+00
  1.5913255e-03
  3.7203237e-01
  9.6133900e-01
 -9.7329050e-02
  1.2479522e+00
 -8.1267506e-01
 -4.0907246e-01
 -4.5740552e+00
 -8.4926099e-01
 -1.3823338e-01
 -1.7790389e-01
 -1.5124442e-01
 -4.8024955e-01
 -1.0765500e-01
  7.5697738e-01
 -4.3223262e-01
 -2.0765812e+00
 -3.8840815e-02
 -6.5582782e-01
 -1.3305839e+00
  1.3630887e+00
 -2.1716811e-01
 -1.1748434e+00
 -1.6596408e-01
  1.1859635e-01
 -7.0663637e-01
 -2.6581439e-01
 -1.1369893e-01
  5.9752852e-01
 -4.6934515e-01
 -4.8148292e-01
  1.7469476e-01
 -5.9739813e-02
  4.8374957e-01
  1.8744414e+00
  1.1904197e+00
  1.4705719e+00
  2.4261987e+00
  6.9922280e-01
 -2.2111993e-01
 -2.6494081e+00
 -1.5118660e+00
 -4.0401381e-02
 -2.4655716e+00
 -6.6696501e-01
  1.7575733e-01
  8.5231793e-01
 -2.1989857e-01
 -1.3769681e+00
  6.2514943e-01
  7.0099771e-01
  4.5691755e-01
 -1.8114358e+00
 -2.2349422e-01
 -2.8665152e-01
  3.2841545e-01
 -1.6371905e+00
 -3.8515043e-01
 -8.1202257e-01
  2.7110026e+00
 -1.1708525e-01
 -5.6550145e-01
  1.1846758e-01
  6.3594781e-02
 -2.7447362e+00
 -1.2412167e-01
  2.2227194e-02
  1.4510540e+00
  1.3023957e+00
  4.3020174e-01
  2.0795114e+00
 -3.9607808e-02
  3.3125279e+00
  2.2675593e+00
  9.2480993e-01
 -5.4336792e-01
  9.5417958e-01
  1.5808496e+00
  2.7405557e-01
  1.5715108e+00
  5.7341588e-01
  8.7526387e-01
  3.0828092e+00
  1.1627536e+00
  1.4537445e+00
  1.1586826e+00
 -2.9562235e-01
 -1.0203018e-01
  2.7523413e+00
  1.2628253e-01
 -9.9481970e-02
 -2.9543513e-02
  2.1450909e-02
 -2.4827000e-02
  2.0673461e-02
  1.0085960e-01
 -2.0229731e-02
  2.5483677e-01
 -1.4332263e-02
 -1.2775917e-02
 -4.1891340e-02
  5.7121500e-02
 -2.5352744e-02
 -7.0136011e-02
 -2.6978022e-01
  7.5588271e-02
 -2.4468949e-02
  1.3524085e-01
  1.6692169e-02
 -2.1369657e-03
  7.6460086e-02
  5.0694913e-02
 -3.9093512e-01
 -1.1225436e+00
  1.1465447e+00
 -6.3634276e-02
  4.1552429e+00
 -2.7772708e+00
  2.6728232e+00
 -3.7731495e+00
 -2.1061180e+00
 -5.3085704e+00
 -1.5140526e-01
 -1.1971006e+00
  2.0313151e+00
 -1.2550376e-01
 -9.1910660e-01
  4.7274888e-01
  9.1446504e-02
  6.2478119e-01
 -1.0054870e-01
  6.1702114e-01
  4.3498564e-01
 -3.1593648e-01
 -4.2172581e-01
 -9.0169346e-01
 -8.0734235e-01
 -1.1051348e-01
 -9.4962025e-01
  3.3434519e-01
 -6.9155037e-02
 -1.2174860e-01
  2.0294443e-01
 -4.0815258e-04
  1.4909567e-01
 -3.4861334e-02
  6.5528500e-01
  1.3360089e-01
  2.5377071e+00
 -2.2397323e-01
 -5.5767459e-01
 -4.5346823e-01
  1.4877113e+00
  1.6028790e-01
  1.8757564e-01
  4.2794380e-01
  4.0264007e-01
  2.7287194e-01
  8.8474490e-03
 -6.3052841e-02
 -4.8358293e+00
 -3.0674541e-01
  5.3952500e-02
  4.0018404e-01
  1.5976106e-01
  6.7707694e-01
 -1.2876053e+00
 -1.1396629e+00
 -5.4699343e-01
  9.1222897e-02
  1.6366994e-01
 -1.4804392e-01
 -1.7587906e+00
  3.4132615e-01
  3.1999391e-01
  6.7797869e-01
  1.1398647e-02
  4.2753869e-01
  4.4686306e-01
 -7.0890230e-01
  3.6535189e-01
 -5.9544597e-02
  4.7797072e-01
  3.7766802e-01
 -1.7853422e+00
  6.4856780e-01
 -1.5661317e+00
  4.1697323e-02
  3.4986809e-04
  6.1930150e-01
 -7.6830560e-01
 -1.5477002e-01
 -1.6091403e-01
 -4.4222157e-02
  4.0140787e-01
 -1.9244473e-01
 -5.0372114e+00
 -8.8826660e-03
  2.4083206e-01
 -9.8103724e-02
 -1.9438735e-01
  2.9165101e-01
 -9.9165684e-01
  1.6945399e-01
 -4.3569200e-02
  9.2397202e-03
 -2.4775213e-02
  3.6897692e-01
  3.2699263e-01
 -3.9013620e-02
 -4.3933979e-01
  4.0263185e-01
 -5.9539610e-01
  1.2783799e-01
  7.1780157e-01
  3.1632552e-01
  3.0859128e-01
  3.5416871e-01
 -6.8261522e-01
  3.8779104e-01
  5.1268134e+00
 -2.7954730e-01
  1.0018983e+00
 -2.3996092e-01
  5.7801843e-01
  3.0786213e-02
 -7.8095651e-01
  4.8965442e-01
 -2.9388732e-01
 -1.8608215e-01
 -7.9412979e-01
  6.8982005e-01
  8.7640530e-01
 -2.3313336e-02
  5.9674896e-02
 -2.8010137e-02
 -5.0917465e-02
 -1.0155536e-01
  4.4942431e-02
 -5.0450109e-02
  1.1423503e-01
 -9.8024115e-02
  1.6913775e-02
  4.7348797e-02
 -4.7833309e-02
  3.1418294e-02
  1.0523335e-02
  4.4609532e-02
 -8.7156110e-02
  1.7843759e-01
  1.6347119e-03
 -2.9559988e-01
  4.4671401e-02
 -8.5424796e-02
 -9.8011605e-03
  1.3288464e-01
 -1.5387990e-01
 -1.1418878e-01
  2.7440956e+00
  4.8909844e-03
 -3.1705800e-01
 -2.5631049e-01
 -4.1408170e-02
 -3.0945286e-01
 -1.8973319e-01
  2.4453437e-01
 -9.1067523e-02
  2.0705041e-01
  1.5735168e+00
 -1.0988734e+00
 -1.2536479e+00
 -1.8368605e-01
  1.2615876e-02
  6.8656194e-01
 -7.0222491e-01
 -3.3829844e-01
 -4.1966763e-01
 -3.2729171e-02
  1.1797678e-01
  1.0521944e-01
  9.7890395e-01
  6.7624593e-01
 -3.0216372e-01
  3.6208746e-01
  2.1286101e+00
  8.0773979e-01
  1.9773606e+00
  1.0754676e+00
  2.0068448e+00
  3.5892662e-01
  1.2137478e-01
  2.0101593e-01
  7.8709358e-01
 -9.5090520e-01
 -1.2794967e+00
  1.8005015e+00
  7.6318032e-01
  4.4020560e-02
  1.2618949e-01
  1.5221955e-01
  5.6798562e-02
 -3.4495878e-01
  3.9201677e-01
  9.3570419e-02
 -3.2642443e+00
  7.2011590e-01
 -8.0336583e-01
 -6.7175746e-02
  2.5774774e-01
 -1.3305171e-01
  1.0461953e-01
  8.3997905e-01
 -9.3756132e-02
  3.1081593e-01
  4.4341661e-02
  1.5173532e-01
  2.9405305e+00
 -1.0622251e+00
 -1.7135267e-01
  4.9276166e-02
 -1.2447724e+00
 -8.9698118e-01
 -5.2844185e-01
  3.1695497e-01
  5.9246594e-01
  7.2580969e-01
 -5.2599132e-01
  5.5835909e-01
 -1.1909490e+00
 -4.8527852e-01
 -4.5130661e-01
 -2.2459926e-02
 -8.8023949e-01
 -1.3879935e+00
  1.9753067e-01
  9.9529333e-02
 -1.5780729e-01
  5.9519714e-01
 -3.3790168e-01
  1.5286632e-02
  3.7089479e-01
  2.5672966e-01
 -4.5535681e-01
 -3.3858740e-01
 -4.8596385e-01
 -9.1390043e-01
 -2.1834734e-01
 -1.6206130e-01
 -6.6296393e-01
 -1.2084175e-01
  1.9535352e-01
 -3.1185469e-01
  1.6372497e+00
 -1.1381369e+00
  1.8547183e+00
  2.7253242e+00
  1.0222330e+00
  1.7232219e+00
  1.0441414e-01
  9.1601110e-01
 -8.2112217e-01
  3.2843831e-01
 -1.7022268e-01
  2.3756123e-01
  1.3702534e+00
  1.2691747e+00
  2.1312416e+00
  1.2652962e+00
  2.3104200e+00
  1.7325513e+00
  7.7533370e-01
  1.1304371e+00
  1.3760203e+00
 -6.4127696e-01
 -2.7987891e-01
 -5.0633663e-01
 -3.4700100e+00
 -1.1911321e-01
 -4.2698767e-02
  1.8229207e-01
  4.0385462e-02
  1.4593409e-01
 -1.4039639e-01
  4.5218583e-02
 -6.0760528e-02
 -6.0551163e-02
 -9.7157203e-02
  2.5691814e-03
 -8.3894491e-02
 -1.8165698e-02
 -4.6875559e-02
  3.7197582e-03
  9.8992601e-02
 -3.9628331e-02
  5.8426861e-02
  3.6855888e-01
  1.3009836e-01
  1.9613723e-01
  4.4292673e-02
 -1.3671752e-02
  3.1779762e-02
  2.7757387e+00
 -3.4592531e+00
  6.5447593e-01
 -6.0972819e+00
 -6.7126894e-01
 -1.1124473e+00
  8.7268740e-01
 -2.2823014e+00
 -1.4281373e+00
 -2.9944819e-01
 -2.0428242e-01
  4.7787976e-01
  4.0370542e-01
 -2.3124315e-02
  1.3761823e+00
 -4.2941669e-01
 -1.2910894e-01
  2.6407287e-01
  9.8555945e-02
 -8.1391650e-01
  4.4810727e-02
 -9.3539906e-01
 -2.2125390e-01
 -1.7542009e+00
  1.0183860e-01
 -3.6678120e-02
 -7.3207103e-02
 -3.3145949e-01
 -3.6217764e-01
  1.7783932e-01
 -3.2930925e-01
  3.0898175e-01
 -4.2185921e-02
  4.1971278e-01
  5.2684689e-01
 -1.8749696e+00
 -6.8916792e-01
  2.2761314e-01
  8.1240200e-02
  1.2856412e-01
 -4.8731419e-01
  1.0700746e+00
  1.3310736e+00
 -2.8189039e-01
  2.9002696e-02
  8.9071933e-03
  5.9811857e-02
 -6.0199380e-01
  8.7691200e-01
 -5.1908189e-01
  6.3388175e-01
 -3.5038977e+00
 -2.0445864e+00
 -1.1696718e+00
  8.1532544e-01
 -2.2864890e+00
  7.3933452e-01
  3.3688301e-01
  2.3054478e-01
 -2.2537882e+00
  4.6056747e-01
  9.9774860e-02
 -8.0977428e-01
 -1.3150500e+00
 -2.1292543e+00
  1.9032104e-01
 -2.5312564e-01
 -2.6388279e-01
 -1.3744501e+00
  8.4211272e-01
 -2.8484333e-01
  2.7827585e+00
  4.8187149e-01
 -4.3211767e-01
 -3.5740870e-01
  2.7003551e-01
 -9.7806782e-02
 -2.6783428e+00
 -6.8556631e-01
  1.2675694e-01
  1.2222721e-01
 -3.1845906e-01
 -7.8705561e-01
 -3.0230854e+00
 -2.5149769e-01
  6.5721464e-01
 -3.5710245e-01
  5.3000186e-02
  3.8923782e-01
 -6.2371731e-01
  4.9017608e-01
 -2.4564826e-01
 -7.5006801e-01
 -9.7147030e-01
  1.4811985e-01
 -8.6936510e-01
  8.0414839e-02
 -6.4277220e-01
 -3.7509957e-01
 -6.5907735e-01
 -1.1932686e-01
 -6.3074708e-01
  1.1771954e+00
  1.9180917e+00
 -5.5658978e-01
  8.1090510e-01
 -9.5132673e-03
  2.5954096e+00
 -8.9319789e-01
 -3.2820743e-01
 -7.1921325e-01
  4.5979482e-01
 -2.4769621e-01
  4.8596457e-01
  1.3595690e-01
  1.8861461e-01
  2.1528113e+00
  6.9115326e-02
 -2.3984571e-01
 -4.2408374e-01
  6.7072980e-02
 -2.4289361e-01
  6.3084634e-03
  4.4077747e-02
 -6.4882442e-02
 -8.7530836e-02
 -4.1235790e-02
 -4.2495802e-03
  2.1772049e-01
 -3.7296403e-02
 -9.2246749e-02
 -4.6187006e-02
  1.1663675e-01
 -1.5468416e-01
  9.9314049e-02
 -1.4010634e-01
 -4.1211406e-03
 -1.4980693e-02
  4.3144606e-02
 -2.1052206e-01
  3.4695491e-04
 -3.8357057e-02
 -4.2414777e-02
 -6.1654996e-02
 -1.1970545e+00
  1.3708388e+00
  6.2564641e-01
 -1.8419639e+00
  2.3422256e+00
  2.4120933e-01
  2.5713284e+00
  2.5931067e+00
  4.9018574e-01
  3.2453108e-01
  3.5265711e-01
  3.3854229e+00
  2.1894336e+00
 -3.3313617e-01
 -3.0727541e-01
 -4.9195305e-01
 -7.8304583e-01
  7.9667389e-02
 -4.5280194e-01
  1.3728836e-01
  1.9800112e-02
  1.1090891e+00
 -6.8981361e-01
  2.7193706e+00
  2.7230315e+00
  1.1513704e+00
  4.2265117e-01
  4.6595347e-01
  1.0887166e+00
 -5.3485170e-02
  1.9383551e+00
  6.0541379e-01
  2.6933372e-02
 -2.3508617e-01
 -6.5365277e-02
 -4.0268435e+00
 -1.7961746e-01
 -1.3330486e-01
  8.2566524e-01
  2.6062077e-01
 -3.0745539e-01
 -7.6758540e-01
 -6.7710614e-01
 -1.3875192e+00
 -1.6688492e+00
  1.6775766e-02
  4.8649856e-01
 -1.9427694e+00
  5.7672195e-02
  1.0737163e+00
 -3.1556064e-01
  8.8287169e-01
  4.7840261e-01
  9.7733098e-01
  1.2002378e+00
  2.1111853e+00
  7.8699166e-01
 -3.5187116e-01
  2.1507768e-01
 -3.9701101e-01
  9.9395788e-01
  2.0776947e-01
 -2.0386972e-01
  7.0096463e-01
  3.5512024e-01
  6.0793728e-01
  1.0174845e+00
  9.1327369e-01
 -1.8485697e-02
 -5.1465511e-01
  6.1493549e-03
  1.1316149e+00
 -3.0694127e-01
  3.9536613e-01
  9.0078644e-02
  6.3574210e-02
 -5.1069701e-01
  2.2202101e+00
 -3.3626375e-01
  2.3298585e-01
  8.9972712e-02
  5.7685331e-02
  8.8555163e-01
  1.4614556e+00
 -9.3759048e-01
 -1.2696689e+00
 -4.8995239e-01
 -5.4478668e-02
  3.2858142e-01
 -2.2621989e-01
 -2.3151972e+00
 -3.3931869e-01
  1.8938832e-01
 -2.4000014e-01
  1.5819179e-01
  4.4286638e-01
  5.8413911e-01
  1.0385599e+00
 -3.3012500e-01
  2.5300815e+00
  1.6332663e+00
 -2.4079204e-01
  5.0995612e-01
 -6.3801086e-01
  1.2216246e+00
 -2.2787299e-02
  2.5419566e-01
 -1.4218963e+00
  2.4642739e+00
  6.8545294e-01
  9.2528290e-01
  9.0121824e-01
  8.8121629e-01
  3.0559161e-01
 -3.7515071e-01
  1.0387319e-01
 -2.1852425e-01
 -2.0674299e-03
  7.0259735e-02
 -3.4240541e-01
  2.5289437e-02
  5.2135484e-03
 -3.8362522e-02
 -2.5410036e-02
 -2.6032826e-02
 -1.2112664e-01
 -1.3453569e-03
 -4.8506029e-02
  5.2888744e-02
  4.1700482e-02
  8.8598624e-02
 -9.7534619e-03
  1.8552246e-02
  1.8447993e-02
  3.0929400e-03
 -8.5870035e-02
 -7.1101196e-02
 -7.3088393e-02
 -8.3134502e-02
  2.8018044e-02
 -4.3806937e-03
 -6.1229873e-02
  1.6479045e-01
  3.9755888e-02
 -3.1978109e-01
  7.1783906e-01
 -1.8612075e+00
 -4.4815221e-01
  1.0848232e-01
 -5.7869458e-01
  4.8488492e-01
  6.6161835e-01
  1.7285281e+00
  2.9653797e-01
  1.2494704e-01
 -1.6712354e+00
 -3.9785030e-01
 -6.6619575e-01
  5.9301168e-01
  4.4718313e-01
 -1.3989139e-01
  3.7961087e-01
 -1.4480592e+00
  4.2154819e-02
  4.1419083e-01
  6.6112101e-02
 -1.8560530e-01
 -6.3898878e+00
 -4.1931930e-01
  3.6932254e+00
 -7.6255448e-02
  8.5628909e-01
 -1.6829179e-01
  9.3535107e-01
  6.0493630e-01
  6.4062792e-01
  1.0188024e+00
 -5.4418027e-01
  3.8539704e-02
 -6.7407477e-01
  2.0921569e-01
  7.6145351e-02
 -2.8800911e-01
  4.8302550e-02
 -2.4593337e-01
  2.3236639e+00
 -3.7145656e-01
  6.2429643e-01
  7.3304224e-01
 -1.5310910e-01
 -2.2308826e-01
  5.0495629e+00
 -3.0671632e-01
 -2.3031547e+00
 -7.9789263e-01
 -2.5617406e+00
 -9.5691520e-01
  3.3143383e-01
 -1.8052273e+00
 -1.0002409e+00
 -3.9548245e-01
  1.9359323e-01
 -2.5005296e-01
  1.0320448e+00
  9.3806826e-02
 -1.0460176e+00
  3.5270751e-01
 -5.3932443e-02
 -1.4313915e+00
 -1.0976907e+00
 -1.8795835e+00
 -4.0438336e-01
 -4.5541608e-01
  2.8040145e-02
 -4.7073625e-03
 -4.4862294e+00
  4.2031379e-03
 -4.7782320e-01
  3.7608004e-01
  2.5738437e-02
 -5.8848935e-01
  1.0747372e+00
 -5.2076843e-02
 -2.1085626e-01
  4.8229869e-02
 -2.4158694e-01
  6.4232282e-02
  4.9094267e+00
  1.8724242e-01
 -3.8126814e-01
 -2.8645414e-01
 -2.1365410e-01
 -9.3738616e-01
 -6.2880591e-02
  6.8112469e-01
 -1.3786966e+00
  9.5154268e-01
  3.5660592e-01
 -1.9858924e-01
 -1.1892023e+00
 -1.0312381e-01
 -2.1054687e-02
 -2.4570750e-02
  7.6212034e-02
 -2.1344462e-01
 -7.0350206e-01
 -5.4019159e-01
 -1.8281089e+00
  1.0727338e-01
 -3.8139978e-01
  1.1951247e+00
  1.3754673e+00
  4.3580583e-01
  9.9831188e-01
  1.6500554e+00
 -7.2786182e-02
 -7.6701009e-01
  8.2658100e-01
  2.0365572e-02
  6.1279520e-02
  1.3527949e+00
 -4.9203885e-01
  1.2558725e-01
  4.1301107e+00
  2.3632735e-02
 -6.8560772e-02
 -1.0447504e-01
 -6.5610763e-03
 -1.1686640e-02
 -2.2184404e-03
 -4.9563965e-01
  1.5769422e-02
 -1.5853401e-01
 -2.1370757e-02
 -1.3065597e-02
 -1.9452718e-01
 -8.0273360e-02
  4.0300019e-02
  5.3720992e-02
 -1.8624112e-02
  1.2636004e-01
  5.7821967e-02
 -1.3420275e-01
 -1.0278460e-01
 -3.4933502e-03
 -3.7269544e-02
 -1.5446797e-01
  5.0419480e-02
 -1.3597344e+00
  1.4375918e+00
 -2.6469479e+00
 -9.1509187e-01
  4.5516038e+00
 -1.4402736e+00
 -1.3004616e+00
 -1.2812693e+00
  1.1815045e+00
 -1.1852270e-01
  5.6807959e-01
 -3.1825671e+00
 -3.7924197e-01
 -4.4797760e-01
 -4.3196747e-01
 -8.1950641e-01
 -8.9678854e-01
 -5.0614715e-01
  1.9249141e-01
  4.2346671e-01
 -1.9976387e+00
 -1.4925338e-01
  1.0588391e+00
  3.5006707e+00
 -6.8540997e-03
  1.0441871e-01
  2.3691437e-01
  6.8530017e-01
  5.0036895e-01
 -1.1089697e-01
  1.8126073e-01
 -6.1742103e-01
 -6.5136343e-01
  2.9033162e-02
 -1.3474596e-01
  1.3422698e+00
  3.8275126e-02
 -9.5990872e-01
  4.8323985e-02
 -1.9267654e-01
 -2.0581003e-01
 -1.3610777e+00
 -1.1709282e+00
 -2.1757090e+00
 -8.7709254e-01
 -5.0135761e-01
  5.7320960e-02
 -1.0006852e-01
 -2.8472081e-02
  8.3023250e-02
 -2.8142443e-01
  1.1746894e-01
  8.6116451e-01
 -2.2208242e-01
 -8.1236273e-02
  9.7002518e-01
  4.1391820e-01
 -2.6725841e-01
 -3.8509327e-01
  6.1524779e-01
  1.5983526e-01
  3.4151784e-01
 -6.5736763e-02
 -2.4776201e-01
  8.2420015e-01
  1.5816472e+00
  2.8684193e-01
 -5.6905007e-01
 -1.8775915e-01
 -7.8494042e-01
  3.4692973e-01
  1.8187712e+00
  4.7777283e-01
  2.2597314e-01
 -9.4438857e-01
 -2.4640355e-01
 -2.7901968e-01
 -2.0146991e-01
 -7.0897043e-02
 -2.9505792e-01
  7.5043052e-02
  3.0118793e-01
  2.7657312e-01
 -1.2650836e+00
 -4.1249037e-01
 -6.7006576e-01
 -9.5433436e-02
  7.0010948e-01
 -2.3093323e-01
  3.5851386e-01
  3.1503505e-01
 -3.5521224e-01
  2.7533013e-01
 -3.3691284e-01
  2.6197100e-01
 -1.7426233e+00
  1.5905273e-01
  9.1296673e-01
  1.7337483e+00
  7.9111749e-01
  5.3442746e-01
  1.8763918e+00
 -1.2918258e-01
  1.8758880e+00
  3.9012009e-01
  1.1310827e-01
 -3.4311956e-01
 -3.0250437e+00
  4.2783934e-01
  5.3214645e-01
  8.5074800e-01
  7.4065101e-01
 -2.2113396e-01
 -2.5480053e-01
  9.6337453e-02
 -1.5477361e-01
 -1.5871574e+00
 -1.5375544e-01
  2.4106100e-01
  2.1269870e+00
  3.5643615e-02
 -7.4079804e-02
 -3.6459465e-02
 -1.7161328e-01
 -1.5551096e-01
 -4.4869434e-02
 -1.2429534e-02
 -6.0533341e-02
  2.6033532e-03
  2.4285604e-01
  1.2363718e-01
  6.2731847e-02
  3.0160896e-03
 -2.3386553e-01
  1.8050205e-02
  4.2004764e-02
 -4.0007648e-03
 -1.0177534e-02
 -6.8441451e-02
  3.7283942e-01
  9.1424942e-02
 -2.5037469e-02
 -2.6202840e-01
  5.5295292e-02
  3.0811274e-01
 -7.0351082e-01
  2.4045053e+00
  4.6313837e-01
  3.2534022e-02
  3.0504656e+00
  2.2048981e+00
 -4.1661733e-01
  4.3148851e+00
 -1.1174021e-02
  1.4014314e-01
 -4.4989240e-01
 -1.1614486e-01
  1.1838801e+00
  8.7470025e-01
  2.2647275e-02
 -1.2517192e+00
  1.8800382e-02
 -9.2493445e-03
  1.8800326e-01
 -1.8075281e-01
 -1.0724134e-01
  1.1630856e+00
 -1.4368484e+00
  1.3033228e+00
  1.7876196e+00
  1.7599353e+00
 -1.5839370e-01
  7.6444447e-01
  2.9182476e-01
  2.4255604e-01
  4.8187274e-01
  8.7020350e-01
  2.7322633e-02
 -2.3390085e-01
 -2.0416331e+00
 -4.5519289e-01
 -4.0342548e-01
  1.1651583e+00
  5.0083852e-01
  5.5115182e-02
  1.3303876e+00
  9.3328995e-01
  1.3022594e+00
  2.2963774e-01
 -4.9146670e-01
  1.0709488e-01
  1.4145236e+00
 -8.9634287e-01
 -1.6628961e-01
 -1.6625174e+00
 -2.7203846e-01
 -1.3585554e+00
  1.1845089e-01
 -1.6353609e-01
 -3.5722581e-01
 -2.8182751e-01
 -4.2701460e-02
  6.2311220e-01
  1.7793088e+00
 -8.9311898e-01
  8.5926145e-01
 -4.9781290e-01
  1.2625487e-01
 -1.3044116e+00
  1.2118243e+00
  1.0682263e+00
 -2.0650083e-01
 -3.1809568e-01
 -1.8417935e-01
  1.1203781e+00
  2.9641392e+00
  6.4060259e-01
 -4.3002964e-04
  1.9991449e+00
  9.1466725e-01
  3.1812513e-01
  1.4668379e+00
  3.6198926e-01
  1.5133111e+00
  3.3552864e-01
 -2.0495035e-01
  4.3330723e-01
 -9.8589140e-01
  3.8094452e-01
 -1.3962895e+00
 -4.3480429e-01
 -2.1652651e+00
  4.1490430e-01
  5.0500953e-01
 -2.6563072e+00
 -6.6623878e-01
 -1.9369509e+00
  5.4943308e-02
  2.4488030e-01
 -2.5051433e-01
  4.6620390e-01
  5.3279471e-01
  3.2417992e-01
  4.5463079e-01
 -8.2971501e-01
  8.7500823e-01
  8.1426823e-01
  1.0695986e+00
  9.8483610e-01
 -8.9534968e-02
 -6.1319631e-01
 -4.1969528e+00
  5.2678329e-01
  1.2028569e+00
 -6.1916494e-01
  2.3686349e+00
  6.5905291e-01
  1.7781319e-02
  1.4033597e+00
  1.6684897e+00
  1.2397428e+00
  5.0408754e-02
  2.9459253e-01
 -6.2418718e+00
 -1.0560426e-01
 -3.4954745e-01
  1.4540206e-01
 -1.8360561e-01
  5.0185751e-03
  9.3737550e-02
 -3.1336817e-01
  1.4015283e-02
  1.0726950e-01
 -4.1861489e-02
 -3.5009738e-02
  5.0774362e-02
  5.5908859e-02
  7.5879707e-03
  5.3317402e-02
 -6.6994444e-02
 -3.4110963e-02
  3.2634512e-02
 -2.5824520e-01
 -1.6132383e-01
  4.0965009e-02
  1.8802008e-01
 -1.6981758e-02
  3.2002877e-02
 -3.4830694e+00
 -1.5793365e+00
 -7.4862528e-01
  1.7060474e-02
  1.7102709e+00
 -6.9487971e-01
  4.4032061e-01
 -1.2856266e-01
  1.0856998e+00
  1.5836081e-01
  5.9951194e-02
  8.1199610e-01
 -3.5652825e-01
  8.5897427e-03
  1.0193803e-01
  8.8737205e-02
  2.8814170e-01
 -4.0163669e-01
 -2.0808525e-01
 -1.9328023e-01
 -1.2055554e+00
 -7.4745715e-01
 -5.1480758e-01
  1.1739169e+00
 -9.7356141e-02
 -1.1312917e+00
 -2.2141568e-01
 -1.6583512e+00
  2.0053025e-01
 -9.5850772e-01
 -3.6783460e-01
 -7.9901189e-01
  2.3865987e-01
 -5.0894552e-01
  3.7751153e-02
  2.8948655e+00
  7.9663821e-02
 -1.8953004e+00
 -1.2032630e+00
  6.5695673e-01
 -1.5538178e-01
 -1.4409044e+00
 -3.2398576e-01
 -8.4895170e-01
 -1.6876504e+00
  4.8477277e-01
  2.3786728e-01
  1.7236093e+00
 -8.5648149e-01
  8.5885301e-03
 -1.4440032e+00
 -8.7096864e-01
  1.4756380e-01
 -8.2717323e-01
 -6.4711499e-01
 -1.7821589e+00
 -1.9685113e+00
 -2.3636408e-01
 -2.0818029e-02
 -3.6754617e-01
 -1.3430685e+00
 -2.9132593e-01
  2.6510018e-01
 -7.2916001e-01
  2.7629545e-01
  2.1041898e-02
 -3.9414164e-01
 -1.7205456e-01
  2.0303626e-01
 -4.3958712e-01
 -4.4231477e-01
  1.0101010e+00
 -3.8117868e-01
 -1.1417369e+00
 -8.8929212e-01
 -1.0181741e+00
 -2.2382638e+00
 -8.0999970e-01
 -1.8708259e+00
 -8.2556754e-01
 -3.3598366e+00
  2.8364843e-01
 -1.3067520e-01
  4.2242723e+00
  6.5880096e-01
 -9.0662250e-03
 -1.5128490e-01
  7.9235148e-01
 -8.2232857e-01
 -3.6294696e-01
 -3.2770494e-01
  2.8515619e-01
 -4.3350384e-01
 -2.8033108e-01
  1.3365754e-01
  2.4225674e+00
 -2.2454085e-02
  1.4089991e-01
  1.4308505e-01
  4.5116749e-02
  2.7383640e-01
 -4.5951447e-01
 -3.5286471e-01
 -1.3130419e+00
  8.0168611e-01
  1.9745438e-01
  2.9032323e-01
  1.6488396e+00
  2.6819664e-01
 -1.5569888e-01
  4.9969801e-01
 -1.0338669e+00
 -1.6402139e-01
  4.5965176e-02
  8.0446792e-01
  7.9581505e-01
  1.9953536e-02
 -3.7956753e-01
 -3.8151565e-01
 -6.7100587e+00
 -1.8432683e-01
  2.2636721e-01
 -2.0107022e-01
  4.4248980e-02
 -2.5761766e-02
 -3.4924865e-02
 -5.5471126e-02
  1.9935365e-03
  4.5257576e-02
  2.6029889e-03
  1.0406579e-02
 -2.8617786e-02
 -5.9166111e-02
  6.3476518e-02
 -2.4570173e-01
  1.1486825e-01
 -3.3894908e-02
 -4.1899621e-03
  4.0267341e-02
 -9.4097510e-02
  6.3415207e-02
 -2.5072591e-03
  1.4770013e-01
  4.5933984e-02
  9.8884493e-01
 -1.5701004e+00
 -2.0662975e+00
  1.9937099e+00
 -2.6280644e+00
  2.8136620e-01
 -1.4474454e+00
  6.9026911e-01
  1.0931961e-01
 -3.7277374e-01
  1.0761556e-01
 -7.5068307e-01
 -3.5550645e-01
 -2.5277586e+00
 -7.6891267e-01
  6.3936256e-02
 -6.2643826e-01
 -1.5210333e-01
  1.6330272e-02
  1.2442014e-01
 -8.6084098e-02
 -7.3921973e-01
 -7.1677768e-01
 -4.9875073e+00
  1.2595202e+00
 -2.5000779e-02
  1.4540519e+00
  1.7266013e-01
  9.6401179e-01
  2.9532867e-02
  6.4152384e-01
  1.1203539e+00
  1.2207122e+00
 -4.5547117e-02
 -2.0204222e-01
  3.5897121e-01
  2.7469674e-01
  1.8935055e+00
  1.2939262e+00
  4.8537913e-01
  6.5668601e-01
  5.4545965e-02
  1.9355120e-02
  1.0740503e+00
 -1.4339331e-01
  2.6745388e-01
  1.7164989e-01
 -1.1305621e+00
  4.0319851e-01
  1.2262455e-02
  1.0799358e+00
 -9.5391470e-01
 -4.0200257e-01
  8.5906124e-01
 -3.1077465e-01
 -6.8062544e-01
  8.2267046e-02
 -1.1973240e+00
 -2.1402778e-01
 -4.0541010e+00
  1.5640196e-01
 -7.5752819e-01
  6.0653239e-01
  5.5301541e-01
  3.0373791e-01
  1.3536321e+00
  4.3769258e-01
  2.9272458e-01
  9.9174076e-01
 -2.8130975e-01
  9.7275829e-01
 -8.3019859e-01
 -1.5130663e-01
 -3.0719545e-01
  5.1034981e-01
  9.4319355e-01
  2.5643464e-02
  9.0340585e-01
  8.5751116e-01
  2.2013528e+00
  5.0520141e-02
  5.7690817e-01
 -2.2595970e-01
  1.0308126e+00
 -2.1590124e-01
 -1.2894520e+00
  8.9771688e-02
 -7.0155457e-02
 -2.6058662e-01
 -2.5130997e+00
  1.3454076e+00
 -1.8507826e+00
 -8.7793809e-01
  3.2599884e-01
 -1.4627684e-02
  3.3140275e-01
  8.9705549e-02
 -2.9716963e-01
  7.2832251e-01
  2.2356126e-01
  4.0900981e-01
  1.3263158e+00
  1.1915054e+00
 -2.5393495e-02
  2.7864593e-01
 -8.8317737e-02
 -1.1790805e-01
  3.1355925e+00
  2.0807593e+00
  2.0243120e+00
  1.8310562e+00
  6.6415012e-01
  1.4801036e+00
  4.7305977e-01
  7.9027081e-01
  1.0749546e-01
 -6.3100025e-02
 -2.5735023e-02
 -7.6545542e-01
  1.0485514e-01
 -1.0298415e-01
 -4.3777648e-02
 -9.5966049e-02
 -3.8017687e-01
 -4.3631911e-02
 -4.0934663e-02
 -9.3982466e-02
 -2.3479617e-01
 -1.0589431e-02
  1.0832118e-01
 -1.8037832e-01
  3.4625694e-02
 -7.2284743e-02
  2.7038977e-01
  4.1372262e-02
  1.5670497e-02
 -4.2379200e-01
  3.6007192e-02
  1.4579095e-02
 -3.2705888e-01
  2.6714402e-01
 -1.5310617e-01
 -8.0774695e-02
  5.3656269e-02
  1.0205296e-01
 -1.3295776e+00
 -8.1050076e-02
 -2.4205959e-01
 -2.1213351e-01
 -2.3860569e+00
 -1.0121390e+00
  8.1093597e-01
 -9.8356223e-01
 -3.0483472e-01
 -2.4927126e-01
  7.7018686e-02
  7.7901053e-01
 -4.1307700e-01
 -1.5683788e-01
 -2.4522728e-01
  2.2497557e-01
  7.0633376e-01
  1.9016156e-01
  1.3530321e-01
  1.1768239e+00
 -4.1272509e-01
 -4.5092765e-02
  1.9134575e+00
  5.3186840e-01
 -1.0765463e+00
  1.8853280e-01
  7.8236723e-01
  2.4497616e-01
  1.2531582e-01
  6.8144608e-01
  5.2743721e-01
  6.4933699e-01
 -3.5465181e-01
 -5.7028383e-02
 -1.1121721e-01
 -7.8791595e-01
  1.3418726e+00
  2.3471842e+00
 -1.0999330e+00
 -1.7550232e+00
 -7.1423554e-01
  6.3754702e-01
  3.3338588e-01
  2.1143791e-01
 -2.5008168e-02
 -2.6645389e-01
 -2.2402065e+00
 -5.2000630e-01
 -2.9974619e-01
 -5.3140515e-01
 -9.1306835e-01
 -1.8245865e+00
 -9.7893447e-01
  1.4025395e-01
 -8.2151657e-01
 -1.4201987e-02
 -3.6279097e-01
 -5.4390705e-01
 -2.6796467e+00
  8.1550777e-02
 -4.8313335e-01
 -1.2462019e-01
 -1.9012281e-01
  1.4804412e-01
 -8.0945045e-01
 -3.5264739e-01
  2.6395670e-01
 -1.4222594e+00
 -5.4565996e-01
  1.1799565e-01
 -1.2445381e+00
 -2.4375377e+00
 -1.1422367e+00
 -7.8631008e-01
 -1.0816325e+00
 -4.6299481e-01
 -1.8142022e+00
 -4.1045818e-01
 -1.1820581e+00
  4.0243674e-02
 -2.0989600e-01
 -1.1659551e-01
 -3.0724120e+00
 -5.1746592e-02
  9.0886749e-02
 -1.1561986e+00
 -1.6616639e-01
  2.5675194e-02
  1.9822653e-01
  7.3440261e-02
  2.7292991e-01
  5.2248424e-01
 -1.3601267e+00
 -7.4626237e-02
  3.7047100e+00
 -1.3709652e-01
 -1.9601938e-01
 -1.8654695e-01
 -2.4209449e-01
 -6.3071412e-01
  2.0040429e+00
  1.0665646e+00
  1.4253169e+00
  1.0555820e+00
 -9.8267771e-02
  4.8901853e-01
 -3.9472419e-01
 -7.9828542e-01
 -3.9437363e-01
 -7.2040772e-01
 -1.8198667e-01
  5.0209820e-02
  1.5325783e-01
  5.2294505e-01
  7.0046699e-01
 -1.5763938e-01
  3.9894265e-01
 -4.0472355e-01
  5.2287898e+00
  2.9158156e-02
  3.0177014e-02
  4.2596415e-02
  1.2612814e-01
 -1.1309613e-01
 -3.0888750e-03
  1.5091956e-01
  1.4913513e-01
  1.5222962e-01
 -1.0945513e-02
 -4.5415290e-02
  4.8428616e-03
  6.8210743e-02
 -2.5385303e-02
 -2.1767762e-02
  2.3307323e-02
 -3.3823964e-01
  1.3857840e-02
  4.3190960e-02
  3.9784752e-02
  6.4759724e-02
  6.9987901e-02
  2.7509969e-02
 -1.9745754e-02
  2.7779660e-01
 -1.3756750e+00
  1.6627555e+00
 -1.4117798e+00
 -4.1380453e+00
 -1.8757043e+00
  8.9204758e-01
  3.3801925e-01
  1.2809294e+00
  3.6109626e-02
 -1.5406077e-01
 -6.8118441e-01
 -2.4757050e-01
  1.2859843e+00
  2.9682532e-02
 -2.4538897e-01
  2.2413635e-01
  9.5046476e-02
 -7.3414820e-01
  3.7531521e-02
  1.4681065e+00
 -1.7362633e-01
 -5.8765036e-01
  2.6177802e+00
 -3.8013032e-01
  3.7265345e-01
 -2.7220145e-01
  4.2438018e-01
  4.6606830e-01
  3.8394442e-01
  4.0198606e-01
 -4.8927572e-01
 -2.5259105e-02
  3.2218084e-01
 -6.9016415e-01
 -1.5789694e+00
 -2.5807491e-01
  7.2617519e-01
  2.0697424e+00
  1.4156781e-01
  2.8291285e-01
 -2.2407138e-01
 -2.9950422e-01
  6.8463302e-01
  6.0285640e-01
  7.6063462e-03
 -5.0796801e-01
 -1.2667011e+00
  2.0498236e-01
 -1.0364549e-01
  3.3565140e-01
 -4.7054029e-01
 -1.3966446e-01
 -3.6136863e-01
 -8.4544277e-01
  9.5581424e-01
 -6.1429679e-01
  5.6406693e-03
  2.4559705e-02
 -1.4663693e-02
  4.2825407e-01
  6.2607139e-01
  1.5953568e+00
  1.2545336e+00
  6.1550431e-02
  1.4042566e-02
  1.2215208e+00
 -5.1242668e-02
  5.5763006e-01
 -9.6113527e-01
 -4.3131223e-01
 -3.8519922e-01
  6.8525262e-02
  1.4014783e+00
  8.6810768e-01
  3.5585630e-01
  3.3585060e-01
 -2.1504655e+00
 -2.3400930e-01
 -1.3824258e-02
 -2.8172803e-01
  5.5701530e-01
  2.9358035e-01
 -3.4440727e+00
 -2.2577444e-01
 -2.1552396e+00
 -1.4571090e+00
 -1.0817091e+00
 -4.0623438e-01
 -6.5348607e-01
 -6.7965732e+00
 -3.3321633e+00
 -8.0598760e-01
  3.6277902e-01
 -2.7856231e-01
  5.1704593e+00
 -1.5426601e+00
  1.4567938e+00
  1.4095206e+00
  1.2567941e+00
  1.8734138e+00
  3.1157953e-01
  3.0040112e-01
  5.3968143e-01
  3.5796311e-01
  3.0326314e-02
  1.6632394e-01
 -2.7854378e+00
  1.7336188e-02
  7.7648389e-01
  7.2484899e-01
  8.8770187e-01
  5.4782307e-01
 -5.9820209e-03
  1.2039193e+00
  6.2312174e-01
  7.0408815e-01
 -3.7713315e-02
 -2.5858101e-01
  4.0294871e+00
 -2.5068754e-02
 -4.1590981e-02
  4.8452716e-02
 -3.8042434e-02
 -1.3986934e-02
  3.5783280e-02
 -9.1558538e-02
  9.0654708e-02
 -9.0759747e-02
  1.7426378e-01
  2.7094461e-02
 -1.8069533e-01
  7.9080649e-03
  1.8163815e-01
 -3.8960706e-02
  1.7678177e-02
 -8.4880270e-02
 -3.7948351e-02
  7.9845020e-05
  4.7188494e-03
  8.4876977e-03
 -1.1179417e-01
 -2.0157145e-01
  8.6072750e-02
 -8.8874954e-01
 -1.7792697e+00
 -5.6381238e-01
 -3.2586598e+00
 -1.0482309e+00
 -3.9123590e+00
 -1.3112147e-01
 -1.2001152e+00
 -1.2711564e-01
  9.5176995e-01
  1.1242893e-01
  2.6802501e-01
 -3.6448726e-01
  3.4890298e-02
 -8.6674756e-01
 -1.2457467e+00
 -1.8736233e-01
 -7.5396103e-01
  1.5059650e-01
  1.6907984e-01
 -9.5903462e-01
 -1.1764193e-01
  1.0710757e+00
  3.5171485e+00
  3.5202911e-01
  2.6844141e-01
 -3.1343737e-01
  6.5205276e-01
  1.2698915e+00
  1.5929008e+00
  9.4330293e-01
  8.4414434e-01
  6.0701281e-01
 -3.2584898e-02
 -1.3042857e-01
  8.6830683e-02
 -1.9094516e-01
 -6.0764539e-01
  1.1913443e-01
  3.3336917e-01
 -9.6900374e-01
 -1.8336669e+00
 -1.0739111e+00
  1.2041374e-01
  1.0822593e+00
 -4.7258708e-01
  5.0402719e-01
  5.6460583e-01
 -8.4995449e-01
 -1.5274468e-01
  9.7949483e-02
  3.0703481e-02
 -4.2166975e-01
 -5.0288755e-01
 -1.6340560e+00
  1.0314335e+00
 -1.0730001e-01
  4.3979076e-01
  4.9448544e-01
  6.7415231e-01
 -6.7702168e-01
 -1.2085255e+00
 -1.3774121e+00
  2.0368557e-01
  6.7781693e-01
 -1.0955853e+00
 -1.2273791e+00
 -1.5000620e+00
 -2.0260543e-01
  1.7215739e-01
 -1.1809579e-01
 -9.4146633e-01
 -2.9768041e-01
 -1.9542383e-01
 -4.1666228e-02
 -3.0228677e-01
 -1.1091410e+00
 -1.2485924e+00
  1.8481331e-01
  2.9810902e-01
  4.8955131e-01
  5.3232723e-01
  1.0119502e-01
 -2.5928012e-01
  1.7879887e-01
 -4.2878564e-02
  7.4945194e-01
 -2.9879829e-01
  3.9395911e-01
 -1.3026534e-01
 -4.1451073e+00
  7.1905881e-01
 -3.6482778e-01
 -1.3408625e-01
  2.6884088e-01
  3.1621826e+00
  3.0305803e-02
  7.1005535e-01
 -2.8102905e-02
  4.8228282e-01
  3.2522020e-01
 -6.4160772e-02
  5.1594961e-01
  3.3863232e-01
 -1.3041948e+00
  5.3157055e-01
 -3.6394778e-01
 -1.1743499e+00
 -1.7048885e+00
 -1.7958702e-01
 -1.9277298e-01
  3.1768662e-01
 -3.5741502e-01
 -7.8084864e-02
  6.4057529e-01
  2.6545027e-01
 -3.4378335e-01
 -3.3115868e-02
 -7.5668913e-01
  9.1239882e-01
 -4.4336900e-02
 -2.0843292e-02
 -3.7986547e-02
 -2.0491686e-02
 -3.4863144e-02
  1.4341354e-01
  1.8190838e-01
  1.9089300e-02
 -5.6571290e-02
 -4.0509731e-02
  1.0556623e-01
 -2.6913017e-01
  2.0031421e-03
  1.7831635e-01
 -5.2298170e-02
  2.1629590e-01
 -1.4449115e-01
  1.0239483e-01
 -1.7317395e-01
  2.9902637e-02
  6.3499443e-02
  8.8612296e-02
  1.3394821e-02
  1.1979239e-01
  1.8214186e+00
  1.0429519e-01
 -2.9230690e-01
  9.0828814e-02
 -7.2280623e-02
 -4.2471030e-01
  1.3229659e-01
 -3.8717132e-02
  1.0073461e-01
 -5.5151242e-01
  4.9473917e-01
 -2.6458594e-01
  1.2141025e+00
  1.8858419e-01
 -3.0415526e-01
  5.6360531e-01
  7.3434836e-01
  4.2802396e-01
  1.8388091e-01
  3.0884740e-01
  1.8218222e+00
  1.9369379e-01
  7.0267871e-02
 -4.4501324e+00
 -4.0976553e+00
 -7.1822872e+00
 -2.1844676e+00
 -4.9358072e+00
 -3.0680528e+00
 -1.4503499e+00
 -4.3291626e+00
 -3.0597801e+00
 -3.2909076e+00
  1.9446729e-01
 -1.0674234e-01
 -7.0607573e-01
  7.5955164e-01
  5.6781775e-01
  9.0616167e-02
  1.1718051e+00
 -5.3333130e-02
  7.7123925e-02
  1.6633565e-02
  5.9783071e-01
  3.0064160e-01
  5.7773751e-01
 -7.3975809e-02
 -3.0576258e+00
  9.1155112e-02
 -2.5070229e+00
 -9.6262926e-01
 -1.4592129e+00
  2.3654027e-01
 -2.9781449e+00
 -1.0771521e+00
  3.2287824e+00
  1.8000791e+00
 -4.8292807e-01
 -8.2100254e-01
  1.8656774e+00
  3.7487575e-01
  3.8152516e-01
  3.1208587e-01
  1.5590045e+00
  9.3304002e-01
  6.0458690e-01
  5.7252538e-01
  6.2178785e-01
  2.4905957e-01
 -6.7190289e-02
  5.1561022e-01
 -5.1613302e+00
  7.5248325e-01
  9.2036891e-01
 -6.9369334e-01
 -1.0432671e+00
 -2.8718382e-01
 -2.3288672e+00
  1.1630092e+00
  8.3472943e-01
 -2.7366170e-01
  4.9554832e-02
  9.9643391e-01
 -5.4154980e-01
  2.8704557e-01
 -2.0271614e+00
 -1.2814709e+00
 -1.3135284e+00
 -9.0107977e-01
 -5.1493245e-01
 -8.9305967e-02
 -1.1246619e+00
 -1.0316217e+00
  4.0003678e-01
  3.9518183e-01
  2.1708083e+00
  2.8915823e-01
  2.5224486e-01
  3.6227137e-01
  6.0126477e-01
  8.2478923e-01
  2.0382829e-01
  4.7864783e-01
  1.8425009e+00
  7.3365366e-01
  2.7354354e-01
 -1.2251115e-01
 -2.9630845e+00
 -8.6589324e-01
  7.1561289e-01
  7.3211873e-01
 -8.1421465e-01
  1.3700935e-01
 -4.5000446e-01
  3.8084140e-01
  5.3002506e-02
  5.7008088e-01
  3.9228064e-01
 -1.6258073e-01
  6.8735492e-01
  1.1492247e-02
  3.7769950e-04
 -7.4227512e-02
  1.6785738e-01
  1.2022492e-01
 -6.9051879e-03
  6.5284871e-02
  2.4343096e-01
 -6.5334849e-02
 -9.4301037e-02
 -1.0926468e-01
  2.7076390e-02
 -1.6894598e-01
  3.4077909e-02
  6.8556541e-03
 -1.8884873e-02
 -2.7179208e-02
 -1.3753027e-02
  1.3065986e-01
  2.0285726e-01
  3.4065295e-02
  2.2780447e-01
  2.8157059e-02
 -2.0010860e-01
  1.5565156e+00
 -8.1541979e-01
  1.3458964e-01
 -3.4391794e+00
  1.5090657e+00
  1.1615095e+00
  5.9150499e-01
 -1.8034481e+00
  1.1157094e+00
  3.8326028e-01
  6.2167939e-02
 -2.3796742e+00
  6.1903661e-01
 -4.3099310e-02
  4.0610886e-01
 -2.9043674e-01
 -1.8522711e-01
 -1.2596849e-01
 -5.3908640e-01
 -1.1216599e+00
  7.7522323e-02
  2.0156586e-01
 -1.7556542e-01
  5.5406108e+00
 -1.2039226e-01
  2.0282412e+00
  2.7114320e-01
 -1.1849645e+00
 -5.0804937e-01
 -6.5517849e-01
 -2.8088215e-01
  2.1080920e-01
 -3.2768255e-01
 -2.9910424e-01
 -5.3115481e-01
  3.1256673e+00
 -9.7840470e-01
 -2.9851097e-01
 -6.8234466e-02
  3.7689626e-01
 -6.4124751e-01
 -1.2199958e-01
 -1.4132744e+00
  2.1297491e-01
 -8.8850841e-02
  1.0345155e-01
  1.1609385e+00
 -6.3307774e-01
 -7.2995782e-01
  1.3900880e+00
 -6.1599530e-02
  2.1638982e-01
 -8.3964002e-01
  4.7359187e-02
  1.4504298e-02
 -6.0941279e-02
  7.8615516e-02
 -5.2408367e-01
  9.1316211e-01
  9.1080799e+00
 -1.9122507e-02
  2.3721500e-01
  1.1657658e+00
  2.8338996e-01
 -2.4122047e-01
  4.8265401e-01
  5.8153194e-01
 -2.8253493e-01
 -1.7795558e-01
 -1.0354134e+00
  5.1686966e-01
  3.3696351e+00
  2.2994779e-01
  2.4244078e-01
  3.1005603e-01
 -2.8430712e-01
  7.7398741e-01
 -8.8851959e-02
  6.3692145e-02
  2.7831745e-01
 -7.9728985e-01
 -6.7581609e-02
 -7.7100384e-01
  3.2506890e+00
  1.7446621e-01
 -7.7049792e-01
 -9.7592461e-01
  2.6116407e-01
  5.5074409e-02
  3.5529725e-02
 -1.1097843e-01
  2.9323632e-01
 -9.6885586e-01
  2.7202490e-01
 -8.6922742e-02
  1.0813680e+00
  1.5063981e+00
 -2.5851184e-01
  5.8234638e-01
  6.4043236e-01
  3.0562866e-01
  1.6592202e-01
 -6.1065817e-01
  1.3995576e-01
 -5.7105601e-02
  6.6901706e-02
 -1.7634317e-02
  4.3242261e-01
 -1.1427795e+00
 -4.0835652e-01
  1.5027258e-01
 -1.9348674e-02
 -2.4251398e-02
 -8.8803011e-01
 -2.6733458e-01
 -8.2173944e-02
  9.4091132e-02
 -6.8385237e-01
  4.2221487e-01
 -1.0086146e-01
 -1.9631925e-01
 -3.3352068e-03
 -1.1801894e-01
 -1.7613461e-03
 -1.2633489e-02
 -3.4058619e-02
 -1.9933124e-01
  7.1904354e-02
 -6.9184206e-02
  1.3061984e-01
  2.1888024e-01
 -6.7989573e-02
  1.0524484e-01
  1.9831566e-02
 -6.1502662e-02
  1.0076104e-02
  6.2080827e-03
  1.5372057e-02
 -8.7145299e-02
  1.0618678e-01
  1.3250917e-01
  8.8490903e-02
  7.2560892e-02
  1.9821320e-02
 -1.7368376e-01
 -1.4326572e+00
  1.9892026e-01
 -7.6285832e-02
 -1.0706208e+00
  3.4510776e-01
 -2.9239571e-01
 -2.0335902e-01
 -4.7939932e-01
  3.1001532e-02
 -5.6258124e-01
  6.8993950e-01
  6.3342817e-02
 -9.4161101e-02
  1.1714901e+00
 -6.1444294e-01
  9.4112016e-02
 -1.3220414e+00
 -1.6941965e-01
 -4.2147520e-01
 -3.9877716e-01
  1.3703264e+00
  4.1466966e-01
 -1.4078941e+00
 -4.3737769e-01
  3.5071974e+00
 -1.2903203e+00
 -2.4345435e-01
 -6.8820977e-01
 -1.7000051e+00
  2.6225710e-01
 -3.9886406e-01
  9.3847317e-01
  2.0850044e-01
  3.1970769e-02
  2.7970850e+00
  3.6080098e-01
 -1.2578724e-02
 -5.3185452e-02
 -1.3544632e-01
  9.0934724e-01
  2.7788717e-01
 -1.6437994e-01
  2.9980296e-01
 -2.5911388e-01
 -2.7722299e-01
 -1.0960760e-01
 -1.7380300e+00
  1.0716802e+00
 -1.0777763e+00
 -1.0873607e+00
  1.9842793e+00
 -1.6438041e+00
  3.1821731e-01
 -2.1037903e+00
  2.3537464e-01
 -3.2956283e+00
 -1.3177493e-01
  2.9308996e-01
  5.3151578e-01
  4.0152323e-01
  2.3458955e-01
  1.2190760e-01
  1.4047779e-01
 -1.9363932e-01
 -1.6186674e-01
 -3.3398169e-01
 -1.9788203e-01
 -1.2846253e+00
  5.2406693e-01
 -4.7154015e-01
 -2.5528097e+00
 -1.1567125e-01
 -1.6756855e+00
 -9.5613641e-01
 -1.0665736e+00
 -2.7930503e+00
 -2.3850362e+00
 -2.6385462e+00
 -4.0891576e-01
 -3.8041543e-02
  1.0479964e-01
 -4.6516106e-01
  7.2564065e-01
 -1.4749609e-01
 -1.7747834e-01
 -6.3397169e-01
 -2.1132112e-01
 -9.9255991e-01
  1.1769428e-01
 -2.4353280e+00
  7.8571185e-02
 -1.2287084e-01
 -1.1597370e+00
 -1.8899001e-02
  3.4380438e+00
 -5.3175187e-01
  8.8052887e-01
  5.0062728e-01
  3.0562055e-01
  1.4013362e-01
  1.0339681e+00
  1.5869464e+00
  1.7203137e+00
  3.3088732e-01
 -3.5762644e-01
  8.6259708e-02
  8.6924572e+00
  1.2168422e-01
 -2.8795359e-01
 -7.5866044e-02
 -3.0614722e-01
 -5.1138353e-02
 -2.2302228e-01
  3.3886530e-02
 -6.8140991e-02
  5.6139916e-01
 -2.9166803e-01
  1.1869397e-02
 -5.5290265e+00
  1.3306751e-02
 -2.6260247e-03
 -4.3046135e-02
 -5.2575983e-02
 -2.7419725e-02
  3.3106156e-02
  1.0527505e-01
 -3.0177802e-02
  4.8609518e-02
 -1.2095403e-01
  2.7526844e-02
 -1.4501436e-01
  1.6488606e-02
  8.4619047e-03
  4.1716844e-02
  1.3957953e-02
  3.9154977e-02
  4.8550582e-03
  1.4718842e-02
  4.0047197e-03
 -6.8329321e-03
 -1.2380683e-01
  1.8764876e-02
 -3.8086332e-02
  4.9089983e-01
  1.1048083e+00
  6.3829923e-01
  2.9924960e+00
  1.5160319e+00
  1.1193067e+00
 -1.8771800e-01
  1.7078045e-01
  9.8597729e-01
  5.3790625e-02
  2.0872518e-01
  3.6465347e-01
  8.4582243e+00
  1.8892095e+00
  1.0717140e+00
  4.7810587e-01
  1.8601989e+00
  1.3277704e+00
  1.2813583e-01
 -2.4079265e-01
  5.7996583e-01
  6.3342467e-02
 -4.4454181e-01
  1.6929567e+00
 -3.6286116e+00
 -3.4287546e+00
 -3.1423147e+00
 -8.0535865e-01
  4.9971819e-01
 -2.2061636e+00
  4.4210386e-01
 -4.1450648e+00
 -7.1768802e-01
 -6.0542107e-02
 -6.5476280e-01
 -5.8674127e-01
  5.9370381e-01
  3.1163636e-01
  3.1674149e+00
  5.9970591e-02
  1.4437124e+00
  1.7742360e+00
  4.3798864e-01
 -7.7308118e-01
 -7.2815813e-02
  3.2193127e-01
  2.6198499e-02
  4.3306413e-01
 -2.3751204e-01
 -2.1459296e+00
 -5.7691795e-01
  4.1076612e-01
 -7.4431723e-01
 -1.2533830e+00
 -8.5106623e-01
 -1.1773655e+00
 -1.9190850e+00
  1.4508013e-01
  2.4591288e-01
 -1.6230823e+00
  1.1110915e+00
  1.9622639e-01
  1.1022247e-01
  4.3739331e-01
 -1.9092806e-01
  2.1661541e+00
  1.6927533e+00
  7.4742275e-01
  2.0207157e+00
 -2.7925870e-01
  2.4450354e-02
  4.2222500e+00
  2.4565939e-02
  5.2228266e-01
  5.0549620e-01
  7.8462893e-01
  1.6733848e-01
  5.4512177e+00
  9.1795439e-01
  2.3521090e+00
  2.2637768e+00
 -1.2109049e-02
 -1.2616742e-02
  3.0352781e+00
 -8.3393902e-01
 -7.5164151e-01
 -2.0755522e+00
 -1.9253719e+00
  1.6473344e-01
 -3.8499122e+00
 -3.3232434e+00
 -4.2455621e+00
 -6.4100206e-01
  8.3580995e-03
  2.2426143e-01
 -2.4752207e+00
 -2.3045607e-01
 -6.5471643e-01
 -2.5022966e-01
 -2.4585636e+00
 -9.3418443e-01
 -1.7835629e+00
 -1.5241432e-02
 -6.3691225e+00
 -1.6266097e+00
  1.1482668e-01
 -4.3704292e-01
 -1.2590607e+00
 -5.8658469e-01
  1.8811245e+00
 -2.1627251e-02
  2.5506461e-02
  4.7473988e-01
  3.1409210e-01
  1.2084647e-01
  3.4107405e-01
  1.0217201e+00
  1.1443479e+00
  4.6015173e-02
  1.2345418e+00
 -9.7673893e-02
 -1.4818862e-01
  3.2288327e-03
 -5.5246193e-02
 -1.3829269e-01
 -8.8093385e-02
 -5.5405907e-02
 -7.0282899e-02
  3.6164664e-02
  4.1048575e-02
  3.1957306e-02
 -1.2276953e-01
 -3.7487482e-03
  4.9813010e-02
  1.0677213e-01
  1.3263202e-01
 -1.0640756e-01
 -3.7985764e-02
 -6.6745386e-02
 -3.2261223e-02
  1.4038053e-01
 -2.5878060e-01
 -5.0689209e-02
  8.2216300e-02
 -1.4792098e+00
 -3.7110206e-01
 -3.1609256e+00
  1.3103535e+00
 -1.2687000e+00
  8.1409800e-01
  8.7628074e-02
 -7.4409455e-01
 -1.1151853e+00
  3.3812559e-01
 -1.7685531e-01
  3.2197342e+00
 -2.2565613e+00
  3.5357725e-02
  6.7272401e-01
 -1.2549925e+00
 -1.3246914e-02
 -2.5227261e+00
  5.1520622e-01
 -2.3782691e-01
 -1.0782944e+00
  3.3391979e-02
 -8.1034742e-02
  4.1372452e+00
 -6.7233187e-01
 -1.1286225e+00
  3.5597330e-01
  4.0416366e-01
  8.3715044e-02
  7.6193577e-01
 -2.6311934e-02
  5.3362298e-01
  1.5947137e+00
  2.4753036e-01
 -3.1495520e-01
  4.3253417e+00
  8.4038389e-01
 -5.2831286e-01
  8.0481941e-01
 -2.1412811e-01
  7.8690976e-01
  5.9452492e-01
  5.3780317e-01
  4.7069993e-02
 -9.5979029e-01
  3.5727363e-02
  3.9658856e-01
  8.8136873e+00
 -6.4043719e-01
  1.5149704e-01
  2.8475073e-01
  1.8042645e+00
  4.3483165e-01
 -1.4792217e-01
  7.4345136e-01
 -1.8493089e-01
  1.2745157e+00
 -4.4457242e-04
 -4.2905614e-01
 -1.4784980e+00
 -5.4100615e-01
  2.7583203e-01
  2.0076558e-01
  3.1662500e-01
 -1.1107408e+00
 -4.7178298e-01
 -1.7534468e-01
 -6.3456990e-02
 -1.4772019e-01
 -1.0008135e+00
 -4.4023383e-01
  3.6047430e+00
 -1.8045310e-02
 -6.0140437e-01
 -1.1229137e+00
 -1.2233897e+00
 -1.9212419e-01
 -4.3046269e+00
 -1.9656687e+00
 -2.9819882e+00
 -2.2929273e+00
  4.5895082e-01
  1.1184496e-01
  1.0528537e-03
 -2.5610846e-01
 -2.0447440e-01
  5.3743798e-02
 -5.9042263e-01
  3.6522854e-02
  1.9894125e-01
 -2.0067899e-01
  8.5719064e-02
  1.1506860e+00
 -6.7431619e-03
 -1.9762745e-01
  2.7890267e+00
  2.4778707e-01
 -1.3851440e-02
  3.7785971e-01
  2.3493652e+00
 -4.5610037e-01
  1.7122798e+00
  1.9710941e+00
  2.9266303e+00
  2.8740060e-01
  2.3441720e-01
  7.9746294e-01
 -3.8176632e+00
 -1.8796901e-01
  2.5408950e-01
  3.5490271e-01
 -7.9350352e-01
 -3.7734562e-01
 -6.9753307e-01
 -5.0602093e-02
  2.9714052e-02
 -1.0940739e+00
  6.9946867e-01
  2.3714659e-01
  2.1508751e+00
 -1.2350513e-01
  3.2804765e-02
 -1.1652848e-01
 -3.2352906e-01
  1.5460004e-01
 -3.0356115e-02
 -3.6132149e-02
  6.1981201e-01
  6.7201979e-02
  6.9862017e-03
 -4.7479369e-02
  1.1114748e-01
  1.6136894e-01
  3.2114860e-02
  2.8335354e-01
 -1.8993618e-01
 -5.8113515e-02
  1.0820348e-03
  2.5098657e-02
  2.2921333e-02
  6.8617120e-02
  8.4968776e-02
 -2.7642661e-01
 -6.3205704e-02
  3.7197255e-02
  4.7719173e-02
 -1.4572762e-01
 -2.8118086e-01
 -6.2183613e-01
 -1.8134047e+00
  2.7116108e-01
 -1.5320295e+00
 -4.0987115e+00
 -4.8405716e-01
 -4.4593942e-01
 -1.9141793e+00
  2.0780358e+00
  5.2752185e+00
  1.4942088e-02
 -8.2604036e-02
  2.4061635e+00
  8.1338680e-01
 -1.7109481e-01
 -7.6249862e-01
  1.7815421e+00
 -1.1007315e+00
 -1.0111445e+00
  1.1099091e+00
 -5.5068302e-01
 -2.1790345e+00
  7.5503701e-01
  1.6585812e-01
 -5.1503382e+00
 -1.6173855e+00
 -3.3917391e+00
  1.3012542e-01
  2.0331742e-01
 -7.8949332e-02
 -4.2894202e-01
 -1.7767421e+00
 -6.6355491e-01
  4.8558247e-01
 -2.3241326e-01
  2.0481481e-01
 -6.2651467e-01
  1.0718565e+00
  7.7646267e-01
  4.3290713e-01
  5.8868903e-01
 -6.4040177e-02
 -2.1380357e-02
 -3.9026580e+00
  6.7621611e-02
 -1.3152964e+00
 -1.8868008e+00
 -5.5379539e+00
 -2.0734835e+00
  2.7833614e-03
 -7.9577184e-01
 -6.0767403e+00
 -3.0611031e+00
  1.9406009e-01
  2.7497613e-01
 -3.4116516e+00
  2.8368657e+00
  1.7874024e+00
  1.0870913e+00
  4.9049708e-01
  2.8610663e+00
  1.3142970e+00
  1.0803998e+00
  1.3313167e+00
  1.0887346e+00
  3.5970324e-01
 -3.8215595e-01
  4.1713276e+00
  4.4557726e-01
  1.2325041e+00
  3.1506295e+00
  3.2632413e+00
  1.4166354e+00
  1.8774900e+00
 -1.0164122e-01
  1.8937510e+00
  4.4848394e-01
  1.9165333e-01
 -2.0990759e-01
 -5.8580136e+00
 -1.8307404e-01
 -1.0064452e+00
 -1.8820477e+00
 -1.1080889e+00
 -6.2154822e-02
 -4.1387672e+00
 -5.5273753e-01
 -2.0322265e-01
 -7.8992695e-01
  2.4352278e-01
 -9.8965144e-01
 -7.2128288e-02
 -1.0178313e-01
 -1.2409402e+00
 -1.9669042e+00
 -2.0403333e+00
 -7.7985942e-01
 -2.2783718e+00
 -2.2440283e+00
 -5.3271255e+00
 -1.9479415e+00
  7.3992796e-02
 -7.4878889e-01
  7.3550451e-01
  1.2412587e+00
  2.4319269e-01
  5.1515645e-01
  3.5192466e-01
  4.8519474e-02
 -1.8112986e-01
 -6.0965329e-01
 -2.9050797e-01
 -3.5521922e-01
  1.3648294e-02
  3.7149072e-01
  1.0384618e+00
 -5.3966839e-02
 -5.6625456e-02
  3.7011553e-02
  3.2129234e-01
 -1.8221167e-01
  1.1824476e-01
  1.1995986e-02
  3.9903185e-01
  2.8963128e-01
 -1.3345917e-02
 -1.6208537e-01
 -1.6509678e-02
 -1.7615862e-01
 -1.1589799e-01
  6.7409640e-03
 -7.0632040e-03
  1.1068939e-01
 -1.5177915e-01
 -1.5463369e-01
  3.0767027e-01
 -1.1196370e-01
  5.2368738e-02
  8.1441596e-02
 -2.7207874e-02
  8.6122680e-01
  1.9579701e+00
  1.3866380e+00
  4.3987489e+00
  4.8258203e-01
  2.5056250e+00
  3.1545312e+00
  2.3523211e+00
  4.4750485e+00
 -1.5786855e-02
 -3.6313140e-01
 -1.6224555e+00
 -3.4221828e-01
 -4.0085703e-01
 -5.6130707e-01
  3.9476630e-01
  1.3317002e-02
 -3.3713661e-02
  3.0072883e-02
  5.4273540e-01
  8.5318929e-01
  4.7476929e-01
 -9.7903281e-01
 -2.9891007e+00
 -1.3294617e+00
 -2.1500516e+00
 -6.0716617e-01
 -4.2920840e-01
 -1.2257593e+00
 -2.0322974e+00
 -1.9379002e-01
 -7.3180503e-01
 -3.2520473e-01
 -7.0361233e-01
 -4.1929722e-02
  2.5044231e+00
  1.0774505e-03
  5.5154628e-01
 -5.5038226e-01
 -6.7476434e-01
  2.2418094e-01
 -5.3890514e-01
 -6.1096859e-01
 -4.1796613e-01
 -2.7422842e-01
  4.5841229e-01
  3.1784096e-01
  1.5961492e-01
  1.2665807e-01
 -1.1923935e+00
  1.6325552e+00
  9.4359398e-01
 -3.0488366e-01
 -1.3517728e-01
  7.2727054e-03
 -7.5276601e-01
 -1.3664310e+00
 -2.8266307e-02
  1.1391779e+00
  2.7110436e+00
  3.7434819e-01
  7.8465566e-02
 -3.3728296e-01
 -1.6240327e+00
  4.8084462e-01
  1.9598000e-01
 -7.0875317e-02
 -3.1792849e-01
  2.5790602e-01
  1.3400991e+00
  5.3565443e-01
  4.3615894e+00
  7.0680398e-04
 -1.2430124e+00
 -6.1019063e-01
 -1.9569349e+00
 -1.4241345e-01
 -5.7336798e+00
 -5.9257251e-01
 -2.4770145e+00
 -9.2796886e-01
 -3.3273524e-01
  8.6300559e-02
  1.4896759e+00
 -2.4594818e-01
 -3.7227559e-01
 -1.5883702e+00
  4.8323694e-01
 -5.4710839e-02
 -2.3688302e+00
 -5.4084855e-01
 -2.0923715e-02
 -9.4582880e-01
 -3.7831417e-01
  1.8570367e-01
 -9.5251912e-01
 -1.0817258e+00
 -2.4192777e-01
  1.1533552e+00
  3.6948162e-01
  9.2100173e-02
  6.6320163e-01
  1.2043316e-01
  7.5256354e-01
  7.7069068e-01
 -4.9382123e-01
  1.4355879e-01
  2.5506096e+00
  7.0639652e-01
  1.2339765e+00
  1.9086124e+00
  1.0860261e+00
 -3.3265206e-01
  1.9938616e+00
  5.2914953e-01
  1.3383747e+00
  1.2642410e+00
  4.2233203e-02
 -6.5422684e-01
  2.0866451e-01
 -2.1216853e-02
  8.3519118e-03
  1.8810363e-02
  2.7013030e-02
  2.5969548e-02
 -5.2052502e-02
  2.2936328e-01
 -4.2410228e-02
 -4.3328438e-02
 -3.5860348e-02
  1.6212758e-01
 -1.2391726e-01
 -2.1780024e-01
  1.9724675e-02
  2.5056329e-02
  6.5768771e-02
  1.0909016e-01
 -2.7698066e-02
 -3.1450170e-01
 -1.0240401e-01
  6.6004016e-02
 -2.2925980e-01
  8.6011447e-02
  3.7564458e-03
 -1.2667774e+00
 -3.9586542e+00
 -3.8523111e+00
 -3.7531540e+00
 -3.7291842e+00
 -5.9795871e+00
 -3.9386959e+00
 -2.8780427e+00
  1.2502015e+00
 -3.4193826e-01
  9.6474886e-03
 -7.9026634e-01
  4.0807572e-01
 -1.6843691e-01
  2.4027944e+00
  9.2441511e-01
  2.8419569e+00
  2.8111503e-01
  7.1263027e-01
 -5.8563596e-01
 -3.7827733e-01
 -1.3733768e+00
  4.0042907e-01
 -3.3067772e+00
  1.0249234e+00
 -2.8277998e+00
 -2.9546297e-01
  3.3531755e-02
 -7.5148515e-02
 -5.8698142e-01
  1.9809065e+00
 -1.1802027e+00
 -3.0120921e+00
  4.1643223e-01
  1.7487346e-01
 -1.2965910e-01
  6.8921268e-01
  7.8938115e-01
  3.6284426e-01
  1.4549416e+00
  7.1262568e-01
  6.6741091e-01
  8.7456424e-03
  4.8890868e-01
  2.4763875e-02
  4.9984321e-01
  5.2657656e-02
 -8.6313009e-01
  7.6192582e-01
  3.1321194e+00
  1.2226882e+00
  8.1636870e-01
 -1.7261903e+00
 -9.1252011e-01
  1.8302402e+00
 -5.8916831e-01
 -7.6600897e-01
  2.0320606e-01
  1.6403891e-02
  1.9606266e+00
  1.0981612e+00
 -2.0666647e-01
  1.3968707e+00
  9.6417427e-01
  1.4117945e+00
  6.7955810e-01
 -2.1524379e-01
  6.6372716e-01
  4.7895396e-01
 -6.6255444e-01
  1.0417905e+00
 -1.8385402e+00
  1.1059107e+00
  5.3625214e-01
  1.0303302e+00
  1.2533597e+00
 -4.0409935e-01
  1.0028449e+00
  2.3197055e+00
 -1.1725459e-01
  1.5800245e+00
  1.3019647e-01
 -5.7989490e-01
 -6.4860064e-01
 -1.3950998e-01
 -2.5452611e-01
 -5.3368504e-03
 -6.2469465e-01
 -2.5696644e-01
 -6.4763188e-02
 -1.5408572e+00
  1.2794174e-01
  6.0592645e-01
 -4.1220698e-01
  1.2984453e-01
 -2.6115711e+00
  2.1552414e-01
 -2.1567011e+00
  8.8002281e-03
 -6.0844368e-01
 -1.3646296e+00
 -3.5753030e-02
 -5.8653563e-01
  6.1847800e-01
  2.0950428e-01
 -4.4925684e-01
 -3.3914360e-01
  1.9113480e+00
  1.0621784e+00
 -1.0766851e+00
 -6.5333498e-01
 -4.4109219e-01
  1.3938963e-01
 -1.2078568e+00
 -1.3410129e-01
 -1.3425490e+00
 -2.5050893e+00
 -4.1428241e-01
  6.0370937e-04
 -8.5835421e-01
  6.3101046e-02
 -1.4285068e-01
 -3.2904765e-01
  4.6671793e-01
 -5.2151430e-02
  6.9097161e-02
  7.3034294e-02
 -2.8269941e-03
  1.0548354e-02
  1.0694385e-01
 -3.4358159e-02
 -6.6276260e-02
  2.0327661e-03
 -1.3940914e-01
 -6.6999510e-02
 -8.4741965e-02
  1.0238068e-02
  5.3648330e-02
  1.7178734e-01
  1.2680984e-02
  7.5375065e-02
  5.7258900e-02
  3.1085104e-01
  3.4850857e-01
  2.1116951e+00
  1.0843425e+00
  3.2522333e+00
  1.3112798e+00
  2.2245772e+00
 -1.8296248e-01
 -7.0656049e-01
  4.0856247e+00
 -7.0636636e-01
 -4.8542234e-01
  6.3372791e-02
 -1.6674130e+00
 -1.1921424e+00
  1.2104784e+00
  1.4443028e+00
  6.3625717e-01
  1.7602066e+00
  7.2809345e-01
 -1.4938986e+00
  8.2868260e-01
  2.1897371e-01
 -3.2146266e-01
  6.1207451e-02
  1.2750975e+00
 -3.7102643e-01
  2.2100976e+00
  2.9114109e-01
 -1.4746997e-01
 -4.4725337e-03
 -5.1500577e-01
  5.7264733e-01
 -2.1239445e+00
 -1.6510489e+00
 -3.3610817e-02
  3.4150636e-01
  5.5599147e-01
 -7.9829901e-02
  1.7669162e-01
  1.0267526e+00
 -2.7859318e-01
 -9.6990086e-02
 -1.3577918e+00
  2.2913824e-01
  2.1962266e-01
 -2.5559604e-01
  1.4802098e+00
 -9.8913394e-02
 -5.0359052e-01
 -1.8886495e-01
  4.8926094e-01
 -2.9295294e+00
 -2.7563283e-02
 -1.9552318e+00
 -6.4033490e-01
 -1.1306546e+00
  6.9391146e-02
  2.0293462e+00
 -3.4794348e-01
  4.8576564e-01
  1.3318132e+00
  1.4887519e-01
 -3.0752575e-01
 -4.6688521e-01
 -8.9615062e-02
 -1.0524391e+00
 -2.2811341e-01
 -4.3140960e-01
  4.7139022e-01
  3.5179240e-01
  4.7241268e-01
  4.3134652e-02
 -1.1590153e+00
 -2.4018960e-01
 -2.4073002e-01
 -5.3741805e-02
  1.4827439e-01
 -5.1725918e-01
  6.4645126e-02
  8.1258023e-01
  1.6669580e-01
  1.7446988e+00
  2.7315044e-01
  2.7339768e-01
  2.3817525e+00
 -4.3588376e-01
 -1.4510976e+00
 -1.6160052e+00
 -2.1127515e+00
 -1.4023956e+00
  3.6411873e-01
 -3.8563764e+00
 -2.5100155e+00
 -1.2770884e+00
 -2.0643772e-01
  1.0359281e-01
 -9.1266948e-01
  8.3827555e-02
 -1.2056988e+00
  6.7933254e-02
  9.5023042e-01
  5.8841860e-01
 -2.1391438e-01
 -1.0694420e+00
  1.2640551e+00
 -4.4675106e-01
  8.0298775e-01
  1.5020870e-01
 -4.8618488e+00
  1.3699310e+00
  4.8794070e-01
  2.2080912e-01
  1.3710148e+00
  1.0117999e+00
  1.1894209e+00
  6.6605496e-01
  1.1152830e+00
  4.4378555e-01
  1.0609775e+00
  7.2682500e-01
 -1.4373024e+00
 -1.6926197e-02
  6.5923393e-02
 -2.3389988e-02
 -1.1607943e-01
  1.7082244e-01
 -4.1574977e-02
  3.8948778e-02
  2.3536399e-02
 -1.8704112e-01
 -4.2229695e-03
 -2.9661214e-02
 -9.0184771e-02
 -1.1962513e-02
  8.7387063e-02
 -2.0812223e-02
 -7.1149051e-02
  5.9433468e-02
 -4.3412466e-02
 -4.2813640e-02
 -1.3195775e-01
 -1.2221210e-01
  5.4636631e-02
 -2.3079962e-02
 -7.1681611e-02
 -3.6030903e-01
 -1.5242104e-01
  2.2193892e+00
 -1.2401129e+00
 -3.5367918e-01
 -8.2718956e-01
  2.4513896e+00
  3.5646529e+00
 -3.4439795e+00
  7.8712948e-02
  2.2220917e-01
  1.0295764e-01
 -7.7042359e-01
  1.6364293e+00
  9.8301508e-02
 -2.7629158e-01
  1.7663524e-01
 -5.8673835e-01
  1.4819069e-01
  5.1566267e-01
 -3.2685977e-01
 -4.6313486e-01
 -7.6423633e-01
 -3.8189203e-01
 -1.1281916e+00
  2.2945704e+00
  1.0532072e-01
 -1.4705956e+00
 -1.0536176e+00
 -4.0040916e-01
 -8.4395206e-01
 -7.8264129e-01
 -1.2959046e-02
 -9.9563695e-02
  6.1221534e-01
 -1.7061799e+00
  4.4975615e-01
  2.7074498e-01
 -1.8842477e-01
  2.4661021e-01
  6.5292460e-01
  6.0749233e-01
  1.6737281e-01
  1.1012545e+00
  5.4883588e-02
 -7.6559657e-01
  1.8593735e-01
 -5.3037219e+00
 -3.8615009e-01
 -4.4763747e-01
 -6.2829536e-01
 -7.2662002e-01
  4.6889675e-01
  3.9522472e-01
 -7.2163576e-01
 -4.7600636e-01
 -7.0487803e-01
  3.4402958e-01
  1.3050809e+00
 -1.6146802e+00
  4.2424273e-01
  9.5489733e-02
 -9.3658246e-02
  9.1152555e-01
  1.3119709e+00
  2.1083565e-01
 -3.3609080e-01
  2.1988730e-01
  5.9850693e-01
 -2.2523579e-01
  2.4961826e-01
 -2.0708938e+00
 -1.0491264e-01
  6.4797103e-01
 -8.8756335e-01
 -7.2268683e-01
  2.0207779e+00
 -8.0686992e-01
 -4.5368433e-01
 -1.0884411e+00
 -5.2937841e-01
  7.8269333e-02
  6.3967758e-01
 -1.3126822e+00
 -5.2542564e-02
 -6.4848334e-01
 -1.4042874e-01
 -9.0618694e-01
 -7.7488893e-01
  1.3805923e+00
 -4.9173054e-01
 -3.2664258e+00
 -1.3119534e-01
  7.1271122e-01
 -6.9111660e-02
  1.8843114e+00
  8.4992550e-02
  8.6675036e-01
 -6.2600583e-01
  3.6674836e-01
 -3.8367510e-01
 -2.0382637e-01
  8.3451748e-01
  9.7856039e-01
  2.4587183e-01
  1.3356091e-01
  2.4664274e-01
 -2.8886743e+00
 -9.5565104e-01
 -4.8643512e-01
 -1.2931881e+00
  5.7083583e-01
 -6.2515771e-01
 -1.8140750e-01
 -1.2788749e+00
 -1.8495232e-01
 -9.2364095e-02
  1.1864914e-01
  6.8650627e-01
  2.4157796e+00
 -3.6297776e-02
  6.4226344e-02
 -1.1539204e-01
  4.8351839e-02
  2.4270438e-02
 -2.4314186e-01
 -3.1863865e-01
 -5.6184717e-02
  7.5704649e-02
 -9.0875089e-02
 -3.3294815e-01
  1.2913451e-01
 -3.0714327e-02
  7.6216161e-02
  1.2403742e-01
  4.0279746e-02
  6.7103185e-02
 -7.1779303e-02
 -8.5694581e-02
 -1.4397855e-01
  1.0738322e-02
  2.7764063e-02
  8.0000944e-02
 -1.1725936e-01
 -1.5017803e+00
  4.9632061e-02
 -7.8442059e-02
  3.6840374e-04
  8.5347027e-01
  3.3749666e-02
  6.6056937e-01
 -3.2871819e-01
 -3.4081378e+00
 -7.1902819e-02
 -1.0690904e-01
  1.5831748e+00
 -4.5491278e-01
  1.6782366e-01
  5.1147217e-01
 -1.6247000e+00
  1.9479890e+00
  1.0334349e+00
 -1.1666769e-01
  1.1545675e+00
  5.7750791e-01
  3.0522501e-01
  8.4467071e-01
  1.5428238e+00
 -1.3548682e+00
  1.2754729e+00
 -2.1271207e+00
 -2.7997251e+00
 -6.6033280e-01
 -5.0113279e-01
 -1.0670500e+00
  1.5348372e+00
  4.4225186e-02
 -3.2373255e-01
  3.3553210e-01
 -1.0010421e+00
 -2.7439094e-01
 -1.2772757e-01
 -1.7725805e+00
  6.6539957e-03
  1.8994600e-01
 -1.8935749e-01
 -3.9430052e-02
 -7.4071807e-01
  2.3742545e-01
 -1.5190136e-01
 -7.7995163e-01
  1.0855141e+00
  4.4464115e-02
 -8.1135118e-01
  4.4803143e-01
 -5.4718381e-01
 -3.1209087e-01
 -1.0156659e+00
  3.2989748e-02
 -9.5635611e-01
 -2.2361574e+00
 -1.3740751e-01
  2.4622950e-01
 -7.7116406e-01
  1.1658381e+00
  1.5233647e+00
  2.5535536e-01
  7.0525572e-02
  1.7778925e+00
 -2.5509113e-01
  1.0138769e+00
  4.3356943e-01
  1.4711787e-01
 -2.1084580e-01
 -1.1925859e-01
 -4.0475151e-01
 -1.2088703e-01
  8.3005667e-01
 -4.9295536e-01
 -1.2588273e-01
  1.2294205e+00
  2.1684089e+00
  2.5280123e+00
 -8.5020021e-02
  4.4891566e-01
 -3.3429438e-01
 -5.3239930e-01
  1.3920851e+00
  2.1341690e-01
 -9.1839179e-02
 -5.8954054e-01
 -1.5200720e+00
 -1.3767449e+00
  2.0540123e-01
  2.3841569e+00
 -1.0217402e+00
  1.9470868e-01
 -1.3696192e-01
 -6.8219656e-01
 -8.1161880e-01
  7.6551819e-01
  4.4927627e-01
 -1.4506944e+00
  1.2263623e-01
  2.7692711e-01
 -1.4761819e+00
 -2.2867216e-01
  1.3450916e+00
 -1.4547091e+00
 -5.1594216e-01
 -2.6708561e-01
 -4.6039671e-01
  6.6342282e-01
  5.8197224e-01
 -2.7962211e-01
  1.7868986e+00
  9.1278327e-01
  2.8107828e-01
 -5.4536007e-02
  1.2193174e-01
 -9.0845764e-01
 -1.6930291e-01
  7.7037412e-01
  2.0230618e+00
 -1.8932976e-01
 -5.6311421e-02
  3.3629585e-02
 -5.3549055e-02
  2.8063110e-01
  1.6675158e-01
 -1.4681332e-01
  2.5065430e-02
  1.3830237e-01
 -2.0893762e-02
  1.0808448e-01
  2.4200255e-01
 -8.5745774e-02
  1.5048373e-02
 -9.8158941e-02
  1.4200735e-01
 -6.9362119e-02
 -2.0965344e-01
  8.0792725e-02
 -8.4145099e-02
 -4.3396384e-02
 -9.6871674e-02
  1.1921909e-01
 -3.5190120e-01
 -7.2636533e-01
  4.5980629e-01
 -5.5747998e-01
 -2.8779772e-01
  1.6711073e-01
 -2.4309881e-01
 -1.2566555e+00
 -1.4327511e+00
 -1.0325281e-01
  2.6842198e-01
 -1.4916745e-01
  1.1340736e+00
  1.8535824e+00
  7.8856118e-02
  1.0041945e-01
 -3.6108622e-01
  5.6780547e-01
  2.7890337e-01
  1.8162322e-01
  8.1458136e-02
 -1.5439668e-01
  2.2803088e-01
 -4.9199668e-01
  8.7103099e-01
 -6.7560279e-01
  4.1596535e-01
 -1.2980481e+00
 -5.0036246e-01
  1.0155225e-01
 -5.8458036e-01
  2.7228019e-03
 -8.2993306e-02
 -4.7344303e-01
 -6.3543744e-02
  1.9944149e-01
 -4.2193601e-01
  1.1824114e+00
 -1.4665000e-01
  3.7254503e-01
  3.8458344e-01
  6.1437601e-01
 -4.5946527e-01
  3.3333513e-01
  1.9299486e-01
  6.7318612e-01
 -2.5606599e-01
 -5.1568843e-02
  4.5484328e+00
  1.2771730e-02
 -3.7466031e-01
 -1.8174245e+00
 -2.6703701e+00
 -1.0454252e+00
 -4.5944759e-01
 -1.3007227e-01
 -2.4743922e+00
 -1.5338303e-01
  5.0983030e-01
  6.9999859e-02
 -3.5293168e-01
 -3.1947148e-01
  2.2125499e-01
  3.6516133e-01
 -4.3780884e-01
  5.6267607e-01
 -6.3759851e-01
  8.6073238e-01
 -3.6438543e-02
 -2.6407012e-01
  4.8227656e-01
 -1.2873691e-01
 -1.5186996e+00
 -8.7641817e-01
 -5.6400720e-02
 -1.6194391e-01
 -7.7059348e-03
  6.8368059e-01
  3.5120273e+00
  5.3530902e-01
 -4.9121055e-01
 -3.4478140e-01
 -3.5752237e-01
 -5.0327879e-01
  5.7549942e-01
  9.2503875e-02
 -1.0506644e+00
 -5.4241854e-01
 -1.4617242e+00
 -6.7043829e-01
 -1.6135757e+00
  1.4659057e+00
  6.6343445e-01
 -2.2177720e+00
  5.5094337e-01
  3.4318131e-01
 -2.3631561e+00
  2.2736029e-01
 -3.1566076e-02
  3.0008256e-01
 -1.9190285e-01
 -5.8514434e-01
  5.2478302e-01
 -8.3385873e-01
  3.7442359e-01
 -4.8472762e-01
 -2.4012236e-01
  2.2581978e-01
  1.6207918e+00
  1.3572248e+00
 -2.7580115e-01
 -3.0914459e-01
  9.7294843e-01
  4.7454689e-02
 -1.0898317e-01
  2.4488553e-01
 -8.3835468e-02
 -6.8730503e-01
  3.3048630e-01
  7.5234033e-02
  5.3862387e-01
 -2.5141437e-02
  1.0703950e-01
  1.2006082e-01
  1.2177008e-01
 -9.0861097e-02
 -3.4860305e-02
  2.1012422e-01
 -2.6454551e-02
 -1.7310964e-02
 -2.6156232e-01
  2.0737469e-01
 -7.3166460e-02
 -4.4177449e-01
 -1.2959610e-01
  1.2952764e-01
 -1.7901056e-01
  1.1106804e-01
 -3.0282280e-01
  1.7286930e-02
  5.1910192e-02
  3.3615734e-02
  6.6846661e-02
 -5.8615888e-03
 -4.7525741e-02
 -1.0263678e-01
  1.9108504e+00
  1.2400428e+00
  7.2544837e-01
  2.9284394e-01
  1.1335982e+00
 -1.9134585e+00
 -1.7667264e-01
  1.1923126e+00
  8.6501700e-01
 -1.7709220e-02
  1.2643958e+00
  9.4474024e-01
 -9.1576040e-02
  2.4521099e-01
  6.5514743e-02
 -3.1027272e-02
  1.3802314e-01
  4.7132200e-01
 -3.4926280e-01
 -7.6486737e-01
 -3.8139918e-01
 -1.1908606e-01
  1.4477314e+00
 -4.8440638e-01
  7.4582744e-01
 -1.7921975e+00
  3.1677389e-01
  1.1042912e+00
 -9.3004054e-01
  7.1193451e-01
 -1.9056053e+00
 -5.4981638e-02
  5.2413636e-01
 -2.5880340e-01
 -3.6711028e-01
  7.1136421e-01
  6.0009271e-02
  8.9056385e-01
  1.7499791e-02
 -2.4774553e-01
 -3.2323503e-01
  1.2772498e+00
  6.9495624e-01
  8.5232621e-01
 -9.4372578e-02
  1.3093051e-01
  4.0687151e+00
  2.2199275e-01
 -1.5175595e+00
 -1.9769024e+00
 -1.3129183e+00
 -9.3710834e-01
 -1.2250105e-01
 -1.8755400e+00
 -1.3467253e+00
  1.6341897e+00
  1.1971502e-01
  1.5903702e-01
 -5.0486188e-02
 -2.5624272e-01
  9.4468862e-01
  1.5948224e+00
  5.0395381e-01
 -5.9508526e-01
  1.0214601e+00
  7.6094395e-01
  1.0031830e+00
  7.0261294e-01
  3.7234917e-01
 -2.3633055e-03
 -2.6524112e-01
 -8.2266062e-02
  7.2364604e-01
  1.0660561e+00
  5.4661989e-01
  9.4778854e-01
  1.6942295e+00
  8.3408050e-02
  1.2632633e+00
 -2.7502874e-01
  5.2105866e-02
 -5.6829017e-01
  1.0530320e+00
 -9.8127112e-02
 -1.0745027e+00
 -4.6146685e-01
  6.5635704e-02
 -1.3724631e+00
 -1.0623053e+00
  2.3839490e-02
 -8.4827030e-01
 -2.4565866e+00
  7.9253298e-01
 -1.5617904e-01
 -2.0789940e+00
 -1.5793574e-01
 -1.2817310e-01
 -8.1158414e-02
  1.4248048e-04
  9.5917426e-02
  4.4071233e-01
 -1.6707312e+00
 -2.5177020e-01
  8.6071998e-01
  3.5563629e-02
 -5.6283873e-01
  3.4206486e-01
  2.2338255e-01
  2.0809694e-01
 -1.6586043e-02
 -2.9780737e-01
  5.4857695e-01
  4.0731719e-03
  1.9150147e-01
 -1.2741324e-01
  3.8255963e-02
 -1.9675373e-01
  3.4824830e-01
 -8.4207177e-01
 -4.4043951e-02
  4.9549406e-03
  1.9551857e-01
  2.0686887e-02
 -7.0047379e-02
  1.2198396e-01
  6.5431722e-02
  4.3902297e-02
  2.6146722e-01
 -5.1335473e-02
 -1.1354973e-01
 -5.5213645e-02
  9.9537395e-02
 -2.7499333e-02
  7.7131420e-02
 -2.8138699e-02
 -8.1523538e-02
 -8.9196432e-03
 -3.4848861e-02
  2.9859271e-02
 -3.7085578e-02
 -1.5238310e-01
  2.1698706e-01
 -4.2508163e-02
 -1.6848265e-01
  9.0128857e-01
  1.1719877e+00
  1.8816461e-01
 -7.8045923e-01
  2.4030404e-01
  6.4864896e-02
  5.4954320e-01
  9.3361157e-01
 -8.9646190e-02
 -8.6251676e-02
 -6.5892346e-02
  2.0467391e+00
 -4.5542011e+00
 -2.1853600e+00
 -8.5102576e-01
 -2.0723758e+00
 -2.2792363e+00
  1.3495806e-01
 -3.3111042e-01
 -1.2899545e+00
 -4.9247250e-02
  3.1180087e-01
  7.7303238e+00
  1.3784599e+00
 -1.4196764e+00
  2.3434832e+00
 -7.7876680e-02
 -7.3174477e-01
  6.2902015e-01
  4.9325463e-01
 -2.3904392e-01
 -2.2070141e-01
  6.0135740e-01
  1.0331965e-01
 -1.6850979e+00
  4.2736050e-01
  2.2879750e-02
 -1.5384166e+00
 -6.5509915e-01
  2.8098351e-01
 -1.5310451e-01
 -1.0118699e+00
 -6.0333580e-01
  9.6495256e-02
  2.8893894e-01
 -5.1061202e-02
 -4.8578399e-01
  3.0533370e-01
  1.7627388e+00
  2.0892253e+00
 -4.6033936e+00
  1.1604977e+00
  2.4481096e+00
  1.4966296e+00
  7.0346326e-01
  2.4758694e+00
 -1.9335897e-01
 -8.7830633e-01
 -5.0166136e-01
  1.3042396e+00
 -3.0869472e-01
  1.6542500e-01
  3.0655577e+00
  3.9921608e+00
  5.1879144e-01
  1.1096388e+00
  2.2569558e-01
  1.5513465e+00
  1.4348015e+00
 -5.6266892e-01
  5.0015693e+00
  2.4275877e+00
  2.9204378e+00
  1.1783034e+00
  2.6442306e+00
  1.3972989e+00
 -1.3008372e+00
 -1.4001083e-01
  3.5361505e+00
  1.5561184e+00
  1.6004080e-01
 -1.8611985e-01
  1.8713177e+00
  2.8850290e-01
  4.2040527e-01
 -5.8377171e-01
  1.3014141e+00
  4.9301475e-01
  4.8472694e-01
 -3.8125870e+00
  3.5429120e-02
 -7.3952746e-01
  6.1227554e-01
  2.4390821e-01
 -2.1319394e+00
  3.0648169e-01
  4.9839938e-01
  6.6223878e-01
 -7.6953706e-04
  2.1490219e+00
  2.8482181e-01
  7.3972756e-01
 -2.2719903e+00
  8.5826075e-01
 -3.5281283e-01
 -5.2579679e-02
 -7.5991076e-01
 -2.3818910e-01
  4.5573649e-01
  5.4486609e-01
 -4.9281422e-02
 -8.5311943e-01
  3.1994757e-01
 -4.3890423e-01
  3.2625502e-01
 -9.7064215e-01
 -7.4873978e-01
  1.6188959e+00
  1.7046771e+00
  3.8668007e-02
 -9.7172648e-02
  3.6971428e-02
  1.1358577e-01
 -2.9438555e-02
  1.5425367e-02
  2.2970680e-02
 -1.1012742e-01
 -1.2143864e-01
 -1.1055862e-01
  9.6718937e-02
  1.0956500e-01
  5.9385750e-02
  1.3624281e-01
  3.7810326e-02
 -6.8381848e-03
  3.3703011e-01
 -2.5233338e-02
 -2.5369626e-02
  1.6836512e-01
  2.7584523e-01
 -1.7917401e-01
 -1.5755236e-01
  3.3410423e-02
  3.3569453e+00
  4.6497133e-02
  1.7230036e+00
 -1.6454679e+00
 -1.2982291e+00
  1.9770851e+00
  4.4825897e+00
  1.7898092e+00
  5.5549252e-01
  2.0776576e-01
  1.3893255e-02
  5.8179015e-01
  3.6847669e-01
 -3.4919241e-01
 -6.0634440e-01
 -2.0895506e-01
 -3.1491867e-01
  2.3145565e-01
 -9.7028136e-01
 -1.4795956e-01
  8.8285851e-01
 -8.3580053e-01
 -5.8109349e-01
 -3.6319561e-02
 -1.2943358e-04
 -7.6443452e-01
  3.6974840e-02
 -5.8453858e-01
  2.5598252e-01
 -9.3268132e-01
  1.4348210e-01
  3.6228451e-01
  2.5364348e-01
 -3.9015371e-01
 -2.4450600e-01
 -5.1321187e+00
  5.4041541e-01
 -6.2355489e-01
  2.7628645e-01
 -4.0871181e-02
 -4.2674151e-01
  1.7031103e-01
  9.4031233e-01
  1.8715469e-02
  1.5773416e-01
 -4.5923039e-01
 -2.2214848e-01
 -2.7789226e+00
 -4.5357991e-02
 -8.4285545e-01
  3.6363530e-01
  7.2600901e-01
  1.1752819e+00
  2.8438726e-01
 -1.6249761e-01
  2.1843837e-01
  1.6275735e-01
  9.1998857e-01
 -1.2238732e-01
  1.5565157e+00
  8.6622033e-04
 -1.4508879e-01
 -2.7282161e-01
 -3.1326672e-01
  1.0575780e+00
  2.6709232e-01
  2.0156130e-02
  4.4129473e-01
 -7.6376095e-02
 -6.7914963e-01
 -2.8222078e-01
 -2.9388156e-02
 -2.7942777e-01
  2.9323146e-02
  3.5769483e-01
 -4.4245315e-01
 -2.7704570e-01
 -5.0931584e-02
  1.1762568e+00
  4.1760817e-01
 -1.1489438e-02
 -1.7226891e-01
  1.6654468e-01
  7.9857445e-01
 -1.9327636e-01
  4.8069399e-02
  3.0877554e-01
 -1.5986606e-01
 -6.0255128e-01
 -1.2837994e-01
  8.2241797e-01
 -3.6611274e-01
  7.2059357e-01
  1.8060870e-02
  4.9391118e-01
 -1.8647727e+00
  1.4155555e+00
 -3.9242396e-01
 -4.3083918e-01
  5.4843899e-02
 -5.8438104e-01
 -7.5741524e-01
  2.3610313e-01
 -1.7747390e-01
  2.0203605e-01
 -5.8568233e-01
 -9.0964717e-01
 -2.1423304e-01
  4.9074411e-01
  1.9954935e-02
  7.2630054e-01
 -6.3176773e-02
 -9.4951469e-01
 -2.2687486e-01
 -1.1004249e-01
  1.2504563e-01
 -3.9298767e-01
 -1.5438889e-01
  2.9543657e-02
  2.0482428e+00
  1.7773893e-01
  9.5916584e-02
 -2.6240194e-01
  9.1198221e-02
 -5.1042352e-02
 -2.0997639e-01
 -7.3744692e-02
  4.0959716e-02
  3.6388576e-02
  2.4530180e-02
 -6.2763214e-02
  2.8995274e-02
  7.2146021e-02
  1.3518916e-01
 -1.5132484e-01
 -1.7675847e-02
  1.5041199e-01
 -9.2067771e-02
  4.8549455e-03
 -4.1887734e-02
 -9.0706579e-02
 -2.2429958e-01
 -1.5914431e-01
 -2.5219056e-01
  2.8955607e+00
  8.3822721e-01
  1.5771154e+00
  2.5501027e+00
  6.3623066e+00
  3.9184875e+00
  3.5639501e+00
  7.6863378e-01
  4.8039123e-02
 -1.2293639e-01
 -2.5730821e-01
  5.1688991e+00
  9.4998699e-01
 -1.1616790e+00
  3.8636437e-01
  2.4176300e-02
 -1.7863946e+00
 -8.0599260e-01
 -5.6487316e-01
 -7.9282033e-01
  8.9263189e-01
  6.6738755e-01
  1.4950182e-01
 -2.5045412e+00
 -1.2512691e-01
 -3.2104363e+00
 -6.5789503e-01
 -1.1754564e-01
 -3.6280669e-02
 -3.6479992e-01
  1.5536323e-01
  1.6471188e-01
  1.1760758e-01
 -5.9282463e-02
  5.3423252e-02
  1.7624403e+00
 -3.5831392e-01
  4.5627959e-02
 -8.8357002e-01
 -4.7664151e-01
 -9.4438875e-01
 -2.4912944e-01
  7.7251151e-02
  7.6072700e-02
  1.5775606e-01
 -4.1935161e-02
 -3.3904028e-01
 -5.0474554e-01
  5.7818478e-01
  3.5057077e-01
  1.7054801e+00
 -9.5137216e-02
  1.7830805e+00
  9.1474229e-01
  2.2155173e+00
 -8.8431430e-01
 -1.6374562e+00
 -2.2117367e-01
 -9.0430856e-01
 -1.0235918e+00
 -3.1529292e-02
 -6.8417186e-01
 -3.4922308e-01
 -1.2113529e-01
  7.0907674e-03
 -9.7039950e-01
 -3.3347693e-01
 -1.0925137e+00
 -2.6033792e-01
 -3.8308209e-01
  5.6354064e-01
  1.2278709e+00
  7.8684872e-01
 -8.8074166e-01
  3.4910240e+00
  2.0165706e+00
  2.5540054e-01
 -2.0800197e+00
  3.5617307e-01
  8.7445688e-01
 -1.1930114e+00
  8.0394968e-03
 -5.3075558e-01
 -2.4258204e+00
  2.7300847e-01
 -1.2602724e-01
  5.5020344e-01
  1.0412902e+00
 -6.3777518e-01
  9.7873151e-01
  1.9146385e+00
  1.7859476e+00
 -2.6632893e-01
 -1.8453953e-01
  3.5800365e-01
 -2.5835333e+00
 -6.2337205e-02
  7.9517984e-01
  2.0898862e-01
  4.3755755e-02
  2.8846923e-01
 -1.4973485e-01
 -2.0800051e-01
 -5.4738301e-01
 -5.1983637e-01
  1.8301623e-01
  1.1485340e-01
 -2.7282274e+00
  1.4751364e-01
  4.8918885e-01
 -6.2354875e-01
 -9.0121531e-01
 -7.9916525e-01
 -1.6487201e-01
 -1.5668307e-01
  9.8693228e-01
 -8.5593417e-02
  3.6876086e-02
  4.4445407e-01
 -5.4963475e-01
 -9.2009053e-02
 -5.2254736e-02
  1.0178483e-01
  4.7445901e-02
 -1.2271266e-01
 -7.5035905e-03
 -9.7044922e-02
 -2.8069943e-01
 -1.9942763e-01
 -1.0650787e-02
  4.8948452e-03
  5.4128546e-02
 -1.2892851e-02
  8.4021371e-03
 -1.4724271e-01
  1.1478136e-01
 -1.2366419e-01
 -1.3762990e-01
 -7.3604751e-06
  1.3501026e-01
 -6.7741677e-02
  1.8473209e-01
  1.9721916e-02
 -8.3254404e-02
 -9.1970015e-01
 -2.3962090e+00
 -3.0261710e-01
  1.8853856e+00
  3.4323582e-01
 -5.3107028e+00
 -2.8704524e+00
 -1.4198636e+00
 -2.9349236e+00
  6.7103922e-01
 -2.7515205e-02
 -2.7133813e+00
  1.2398378e+00
  5.0565958e-01
  1.2505144e-01
 -9.7587556e-02
 -7.3281497e-01
  1.4527850e+00
  1.2563945e-01
 -1.5172159e-02
  3.0923223e-01
  4.6389842e-01
  5.0221932e-01
 -1.5105655e+00
  8.6258745e-01
  5.3306532e+00
  1.5752950e-01
  2.9138756e-01
  6.7330700e-01
  3.2737163e-01
 -5.9837300e-02
  7.9104191e-01
  8.6044723e-01
  5.0880145e-02
  4.9293789e-01
  6.4175515e+00
  5.0823733e-02
  5.4089886e-01
  2.5099926e+00
  8.7954837e-01
  1.4080240e+00
  2.8349409e-01
 -8.4628444e-03
  1.4893591e-01
  4.6452963e-01
  7.7555954e-02
 -2.2980452e-01
  4.4655652e+00
 -1.2300406e-03
  3.5671702e-01
  1.2617269e+00
  2.4541235e+00
 -4.7580388e-01
  1.7846131e+00
  6.8632700e-02
 -8.8160962e-01
  1.4206066e+00
  4.6613183e-02
 -7.2300643e-01
  1.9564294e+00
 -2.1304484e-02
  3.0490935e-01
  4.5005668e-02
  3.4135106e-01
 -8.3503121e-01
 -3.7385896e-01
 -1.1680841e+00
 -2.6756331e-01
  1.0339164e+00
  1.1917018e+00
 -7.0681319e-02
  6.5518343e-01
  1.6103005e+00
  2.2945323e+00
  3.4845090e+00
 -1.4660715e-01
  1.3721731e+00
  3.3541453e+00
  2.0873854e+00
  2.8895557e+00
  2.3098583e+00
 -4.2168984e-01
 -4.5463496e-01
 -2.6108651e+00
  4.1782375e-02
 -2.0033677e-01
 -3.1486796e-03
 -3.2751542e-01
 -9.3649328e-01
 -2.3011582e+00
  1.5492294e+00
 -1.1053580e+00
 -4.0892455e-01
 -3.9494544e-02
 -3.3989187e-02
 -1.1666169e-01
  6.3218102e-02
 -3.5323662e-01
 -8.9873761e-01
  1.1193085e+00
 -2.7493620e-02
  3.1172591e-01
  1.6040300e+00
  3.8018785e+00
  1.1419650e+00
  2.7932666e-02
  1.3997959e+00
  2.3255224e+00
  3.5251951e-01
  3.3361286e-01
 -5.4103220e-01
  6.8336606e-01
  2.5086781e-01
  5.0614971e-01
  8.9782223e-02
  2.4194160e+00
  3.7203968e+00
  3.8771564e-01
  1.2788556e+00
 -2.3920474e+00
  1.2793626e-01
 -2.1499838e-01
 -1.4004271e-01
  1.4111187e-02
 -6.6213615e-02
  1.8306183e-02
  4.8417453e-02
  2.3452928e-02
  1.1451208e-01
 -2.3876752e-01
 -2.4045283e-01
  4.0059090e-02
  7.4193454e-03
  4.8113829e-03
  4.0926640e-03
 -1.0116976e-01
 -2.4217914e-03
  9.7383283e-02
 -9.1749161e-02
  1.4147947e-02
  2.1451908e-01
 -1.0761380e-01
  9.8390449e-03
 -1.2713175e-02
  2.2284380e-01
  2.6031320e+00
 -2.4256019e-01
  4.9899278e+00
  3.2677221e+00
  1.9178537e+00
 -1.9667811e+00
 -3.6372757e-01
  2.7706463e+00
  2.4336210e-01
 -5.2296299e-01
  1.9817859e+00
 -5.4262371e+00
  8.6738527e-01
  2.7253428e-01
 -4.2714801e-02
 -2.3325975e+00
 -3.3753446e-01
 -4.8190989e-02
  5.5705768e-01
 -2.8957119e+00
 -4.0288475e-01
  6.5268528e-01
 -2.7858114e+00
 -2.7371839e-01
 -3.6848381e+00
 -4.2113250e-01
 -1.2075223e+00
  1.8193763e-01
 -1.5819038e+00
  2.2828873e-02
 -1.4149085e+00
 -6.7546672e-01
 -2.4960180e-01
  1.5487592e-01
  1.0356318e+00
  5.3024638e-01
 -3.7016174e-01
 -2.8121498e+00
 -3.8641363e-01
  3.5027364e-01
 -9.2786491e-01
 -2.6695194e-02
 -1.6948963e+00
 -4.1041684e-01
 -6.5685087e-01
  1.2220911e-01
  3.5257454e+00
  2.2942964e-02
  7.4528390e-01
  4.1302961e-01
  4.9019399e+00
  1.7530909e+00
  1.2444281e-02
 -2.2902833e-01
 -1.6701682e-01
  1.5113926e-01
 -1.3636118e-01
  1.1411059e-01
 -4.3996563e+00
 -5.1661301e-01
 -2.0629777e-01
  7.4127352e-01
  1.9585235e-01
 -1.0440063e+00
 -4.4936833e-01
  6.4770180e-01
  6.8442005e-01
 -1.1225868e+00
 -4.9864382e-01
 -5.6457216e-01
  4.5627289e+00
 -8.4172100e-02
 -4.6064360e-03
  1.5970841e-01
  2.4684171e-01
  5.9273958e-01
 -9.2767537e-01
  4.8451105e-01
 -3.3457991e-01
 -1.6084658e+00
 -4.3741196e-02
 -7.3476791e-01
 -2.5043270e-01
 -5.4999924e-01
  7.3457694e-01
 -3.9409101e-04
  1.5457498e+00
 -2.6392877e-01
  5.4069605e-02
  5.4729576e+00
  6.9222480e-01
  6.4368975e-01
  3.4936616e-01
 -3.0667993e-01
  9.8049331e-01
 -1.0187747e+00
  2.3065081e-01
 -8.1680395e-02
 -1.2230234e-01
  5.2262045e-02
 -1.2117946e+00
  3.2090843e-01
 -3.8512092e+00
 -1.3751684e+00
  1.1024551e-01
 -2.9260775e-01
  6.2756091e-01
 -4.3662533e-02
  1.6228074e-01
  1.6730861e-01
  9.4074410e-01
 -1.6554728e-01
 -1.9313489e-01
  3.4304999e-02
  4.3381702e-02
  4.3000329e-01
  3.2595050e-01
  9.1513567e-02
  1.5458162e+00
  1.0320038e-02
 -2.1403693e-01
 -1.5745004e-01
 -9.5052123e-02
 -5.0122339e-02
  7.0377119e-02
  1.0992483e-01
 -1.8037980e-03
  1.7492797e-02
  2.0415500e-02
 -6.0767960e-02
  1.4009386e-01
 -1.3363853e-01
  6.2062949e-02
  2.2085293e-01
 -1.3534868e-02
 -1.5337285e-01
  4.0115044e-02
 -3.4842297e-02
 -5.9682049e-02
 -7.7494435e-02
  8.2468577e-02
  1.5872136e-01
  6.0800619e-02
 -1.1260858e+00
  1.6962233e+00
  1.5285814e+00
  2.4490330e-01
 -3.9451536e-02
  1.4927623e+00
 -1.8480158e+00
  7.7676642e-01
  1.4469371e+00
  1.7426227e-01
  2.5931144e-02
  2.9320951e+00
 -1.4381230e+00
  2.5870180e-01
  1.1441658e+00
  3.4056357e-01
  1.3584431e+00
 -2.3581177e-01
 -7.3865420e-01
  8.3566979e-02
  4.8294187e-01
  1.4478414e+00
 -6.2635958e-01
  2.2349842e+00
  7.1171224e-01
  2.8451767e+00
  1.4710553e+00
  1.3528383e+00
  1.1806883e+00
  1.0184071e+00
  5.2027321e-01
  1.1334058e+00
  6.6908067e-01
  5.0058559e-02
  4.8425786e-02
 -6.9191378e-01
 -3.6980633e-02
 -4.2974710e-01
  3.0828691e+00
  6.3889277e-01
  1.9007367e+00
  5.2074659e-01
  8.1596220e-01
  1.2443691e-01
  1.7398994e-02
  1.4193028e-01
 -2.5410759e-01
 -1.4327667e+00
  5.0423712e-01
 -1.1170898e-01
  8.7584585e-01
  9.1042572e-01
  3.5427317e-01
  5.8728826e-01
  2.4324600e-01
  2.7093487e+00
  1.0795325e+00
 -1.8532299e-01
 -1.8416482e-01
  2.7479496e+00
  4.1234535e-01
  4.6304515e-01
  4.7902369e-01
 -5.2329850e-01
  2.7997217e-01
 -7.0089594e-02
  5.2149838e-01
  1.9386470e+00
 -8.0489290e-01
  8.2873744e-01
  5.8165538e-01
 -5.2452774e+00
  5.7654172e-01
  2.8184792e-01
  2.0889444e+00
  5.0738585e-01
  1.3664862e+00
  4.3589993e+00
 -3.2076564e-02
  2.5531456e-01
  4.2419462e+00
 -5.6859565e-01
  3.6222276e-01
  3.0245608e-01
  1.6550060e-01
 -5.7677817e-01
 -8.8977480e-01
 -7.7590609e-01
 -6.7307335e-01
 -8.7523109e-01
 -2.1519928e+00
 -2.0108874e+00
 -5.8850336e-01
  6.8708539e-02
  7.2688460e-01
  6.8460617e+00
  4.3165460e-02
  2.4279494e+00
  4.0053390e-03
  6.6666079e-01
  7.3084794e-02
 -3.3306926e-02
 -9.2603385e-02
  4.4442649e+00
 -6.8283391e-01
 -4.9310309e-01
  4.9852920e-01
 -6.3533688e-01
 -3.2589465e-02
  2.8996387e-01
  4.0591645e-01
  1.6887900e+00
  3.9326382e-01
 -3.5984656e-01
  6.6769642e-01
 -6.6165864e-02
  9.2547464e-01
  7.7355468e-01
  3.2196513e-01
 -3.2856827e+00
  3.9183047e-02
 -1.1878978e-01
 -1.0407289e-03
  5.7857685e-02
 -2.7846888e-01
  5.0913569e-02
  8.7436013e-02
 -6.3881114e-02
 -2.5619550e-02
  5.0827630e-02
 -9.8646492e-02
  1.0266295e-01
 -9.2191279e-02
 -1.1649714e-02
 -3.3461359e-01
  4.3005481e-02
  1.4807793e-01
 -3.4141898e-02
  7.6952120e-03
 -1.0496007e-02
  6.8071477e-02
  3.0122211e-02
  3.7256848e-02
  8.0276534e-02
 -8.6228907e-02
 -1.5969768e+00
  1.2487078e+00
 -2.3690829e+00
  8.4134287e-01
  3.5673192e+00
 -6.0861607e+00
 -1.4289527e+00
 -1.6668680e+00
 -2.3564991e-01
  7.8726031e-02
 -1.0571438e+00
 -1.2813709e+00
 -1.6452228e-01
  1.5191974e-01
  1.5518065e-01
 -9.5504493e-01
  4.8125651e-01
  1.5386419e-01
 -2.3370989e-01
 -1.2858585e+00
  2.5249425e-01
 -3.4921297e-01
 -1.9245467e+00
 -6.6249508e-01
 -1.2072884e+00
 -1.2102129e+00
  9.1881745e-02
  6.0829288e-01
 -1.4648262e+00
 -8.9981312e-01
 -1.3751444e+00
  1.0721285e-01
  5.3858578e-01
  2.4503529e-01
  4.4853640e-01
  1.1096726e-01
  2.8393805e-02
 -2.5076506e+00
 -9.9369824e-01
 -7.0648104e-01
 -8.9822739e-01
 -1.3563032e-01
 -1.7854007e+00
  4.1359130e-01
 -3.6093771e-01
 -1.4047192e-02
  1.4868532e+00
  7.6835966e-01
  5.8347613e-01
  1.1137285e+00
  1.8851475e+00
  1.2405658e+00
 -8.9084692e-02
  6.9907680e-02
  4.4688192e-01
  3.0315619e+00
  5.0527978e-01
 -1.0144393e+00
  1.8249035e-01
 -2.6367655e-02
  3.0807227e-01
  3.9071885e-01
 -5.9022874e-01
  3.0979419e-01
  2.1491303e-01
  7.4766904e-01
  4.4457263e-01
  1.0203524e+00
 -1.3112068e+00
  1.4538075e-01
 -4.4544873e+00
  1.2657986e+00
  5.7166696e-01
 -8.7759979e-02
 -8.0805132e-03
  3.6771509e-01
  1.8758574e+00
  8.1314737e-01
  1.1485424e+00
  6.3503808e-01
  1.5049781e-01
 -4.5683593e-02
  9.5100880e-02
  1.6250187e-01
  2.8814083e-01
  7.2949541e-01
  6.5901273e-01
  1.0963047e-01
  8.0135024e-01
  2.1923046e+00
  8.7956655e-01
  1.0033088e+00
 -3.1676289e-02
  1.7834546e-01
 -1.8471889e+00
 -3.2735860e-01
 -8.0062710e-02
  9.0832257e-01
  1.6051497e-01
  5.8777791e-02
  1.7084619e-01
  8.5150349e-01
  6.7520820e-02
  2.6898488e-01
 -1.6421469e-01
 -5.9620464e-01
  3.0028126e+00
 -7.3608094e-01
 -2.4197879e-01
 -2.1551704e-01
  1.5135397e-01
  2.2294382e-02
  4.4076987e-02
 -3.8612562e-01
  7.3990649e-01
 -1.1115685e+00
 -2.7003872e-01
 -9.1501635e-01
  3.0119953e+00
  4.7531463e-02
  4.8441429e-02
 -5.0353754e-02
 -3.9606340e-02
  6.2828653e-02
 -2.4542678e-03
  9.1539323e-02
 -6.6195987e-03
 -2.0661853e-01
 -3.0681655e-01
  3.3053365e-02
 -8.6631207e-03
  1.3103129e-01
  1.6733358e-02
 -1.6199647e-01
 -1.2481987e-01
 -3.9901830e-02
 -3.8149949e-02
  1.0111477e-01
  8.6117931e-02
 -7.7838781e-03
 -3.5269320e-02
 -1.0202210e-02
  4.8507314e-02
  3.2570901e+00
  5.8567607e-01
  3.8144913e+00
  4.7177358e+00
  3.6615093e+00
  7.9049462e-01
  8.4719324e-01
  3.8314819e+00
  2.1090236e+00
 -2.0544179e-01
  1.1971415e-01
 -2.4214814e+00
 -4.6083310e-01
  4.1951752e+00
 -2.5760784e+00
  6.4202118e-01
 -1.2604786e-02
  2.7997532e-01
  5.7810295e-01
 -4.4063672e-01
  1.1389641e-01
  2.0111556e-01
  1.9512376e-01
 -6.0609138e-01
  5.4842103e-02
  2.6719568e+00
 -3.9247897e-01
  9.6340291e-02
  1.4946228e+00
  9.6798229e-01
  5.4398835e-01
  2.8667715e-01
  7.9445416e-01
 -2.4091537e-01
  2.3944721e-02
 -5.4634151e+00
 -1.0042560e-01
  1.1214773e-01
 -5.5865371e-01
  1.9184726e-01
  6.0926121e-01
 -2.4707548e-01
  2.8326452e-02
  9.3173504e-02
 -3.0002007e-01
 -5.8011100e-02
  5.5751163e-01
 -2.3602026e+00
 -1.4013457e-01
  6.1729693e-01
 -2.6516784e-03
  6.4670892e+00
  1.6694553e-01
 -1.6873932e-01
  5.5171639e-01
  3.5578117e+00
  4.8575544e-01
 -2.3367257e-01
  2.2797328e-01
  1.1877037e+00
  5.8197576e-01
  6.0891802e-03
 -6.0003948e-01
 -1.1858499e-01
 -7.4350768e-01
  8.9470190e-01
 -8.7544888e-01
  9.2003077e-01
 -7.9162991e-01
  5.1573992e-01
  7.1401620e-01
 -4.2086649e+00
  1.8929788e+00
  1.3605946e+00
 -3.7707242e-03
  1.7989987e+00
  3.2475278e+00
  2.6870394e+00
 -4.5249276e-02
  1.1318795e-01
 -8.7157404e-01
 -3.2277014e-02
 -3.2917577e-01
  1.4250790e+00
  4.4216916e-01
 -1.1034393e-01
  1.5657894e-01
 -5.3774267e-01
 -1.9465038e-01
  4.3456355e-01
  9.6730345e-01
  3.3131495e-01
  7.1693921e-01
 -2.3359510e-01
  7.7053688e-02
  4.7254062e-01
  1.5476914e-01
 -1.5238309e+00
  2.0344621e-02
  2.1674998e-01
  5.6740379e-01
 -5.0280076e-01
 -5.6287795e-01
 -2.0683560e+00
 -1.3082622e+00
 -4.8963213e-01
 -1.9837502e-01
 -6.7217064e-01
  2.1251522e-01
  3.8928509e-01
 -7.7660882e-01
 -6.2400591e-01
 -4.2005408e-01
 -8.7804921e-02
 -6.3670826e-01
 -7.9013330e-01
 -3.6732695e+00
  2.5784346e-01
 -1.7207661e-01
  2.2592702e+00
  6.5830693e-02
 -5.0523181e-02
 -8.4762741e-03
 -4.0880617e-01
  4.4981781e-02
 -2.6888432e-02
  9.4550282e-02
  4.7914434e-02
 -2.2516184e-02
 -5.6322545e-02
  2.3609423e-03
  5.3611122e-02
 -4.0466119e-02
  9.8351657e-02
  1.9555798e-01
 -1.4416979e-01
 -3.1159729e-01
  3.0932787e-01
 -7.5309865e-02
  5.6520291e-02
 -1.3354516e-01
 -3.7712000e-02
  6.4923480e-02
 -1.7921086e-01
 -1.9087589e+00
 -7.0155263e-01
 -2.0405293e+00
  9.2091924e-01
 -1.9552425e+00
 -6.5121263e-01
  1.6012604e+00
 -2.6890254e+00
  3.5087824e+00
  5.2836955e-02
 -2.8578070e-01
  7.9803503e-01
 -5.1976953e+00
  1.4898369e-01
 -8.3997303e-01
  1.1061270e+00
  1.2432411e-01
  2.4309932e-01
  1.2781188e-02
  6.0764956e-01
  2.5958348e-02
  1.8394877e-01
  5.6468174e-02
 -3.4263093e+00
  1.0597615e-01
 -1.2188168e+00
 -6.7018253e-01
 -9.2865504e-02
 -4.3483496e-01
  2.1303833e-01
  5.4765780e-02
  6.8225038e-01
  6.5451309e-02
 -6.6288307e-02
 -2.7150199e-01
 -3.3738248e+00
 -7.5933151e-03
  4.2757139e-02
  1.2840203e-02
 -6.1205938e-02
  2.1272638e-01
  5.0306058e-01
  7.4083012e-01
  1.9071427e-01
  9.4932824e-01
  1.1500648e-01
  3.2016102e-02
  1.1473486e+00
  3.7058359e-01
  2.0269293e-01
  8.2051659e-01
  8.0133659e-01
  5.4988843e-01
  6.6502087e-02
  1.6055898e-01
  4.6662647e-01
  7.0061576e-01
 -1.9280884e-01
  5.4855520e-01
  1.8748052e+00
  7.4106300e-01
  6.1927974e-01
 -1.3831668e-01
 -2.9459137e-01
  1.6667742e+00
  8.4895380e-02
  8.6751348e-01
 -2.7687991e-01
  4.9901824e-02
  6.6060778e-03
  5.2415353e-01
 -1.2996532e+00
  2.2910075e+00
  6.1003375e-01
  1.2918174e+00
  3.7939270e+00
  1.8734626e+00
  2.9652505e+00
  3.8213420e-01
  9.4485343e-01
 -7.5900763e-01
 -6.2593049e-01
  3.9502239e-01
 -4.2148304e-01
 -1.5495929e-01
 -1.1272033e-01
 -1.1544642e-01
 -7.9602420e-01
  1.7642400e-01
  7.9804463e-03
 -1.0618917e+00
 -3.1636024e-01
 -9.4983399e-01
 -1.0540287e+00
 -1.4333919e-01
 -2.9463780e+00
  1.2766343e+00
  2.9720545e-01
  6.4716297e-01
  1.6193887e+00
 -3.4065872e-01
  2.1496229e+00
  1.1039808e+00
  1.6337948e+00
  2.1701703e+00
  2.0320529e-01
  8.7959468e-01
 -3.0232763e-01
  4.7856335e-02
  2.4957678e-01
  1.3233395e+00
  7.4724627e-01
 -8.5827643e-01
  1.2860926e+00
  7.4138963e-01
  1.1649799e+00
 -8.7660789e-01
  9.4587141e-01
 -1.4126238e-01
  3.4535382e+00
 -1.3038760e-01
  1.0465038e-01
  4.1189656e-01
  1.1745992e-03
 -6.1907731e-02
 -1.6386980e-01
 -1.9347177e-01
  9.1095865e-02
 -1.5406366e-01
  7.2099946e-02
  1.4422947e-01
 -1.0176735e-01
 -2.7030227e-01
  1.2560031e-01
 -7.5349450e-01
 -5.1258966e-02
  3.1939909e-02
 -6.3747898e-02
 -3.0744401e-01
  2.3906769e-01
  2.2584649e-02
 -8.2357228e-02
 -9.0605319e-03
 -8.0256730e-02
 -6.9966781e-01
 -1.8184716e-01
 -4.0740080e+00
 -2.4084740e+00
 -1.7584555e+00
 -3.0722091e+00
  1.7470958e+00
 -2.9025092e+00
  2.2964419e-01
 -3.9168850e-01
  1.0062800e-02
  1.2846088e+00
 -3.7846160e+00
 -2.7576504e+00
  4.0161669e-01
 -4.1580915e-01
 -3.8439916e-03
 -2.6640501e+00
 -1.4575189e-01
  8.4735674e-01
 -2.5614345e+00
  1.9294268e-01
 -8.5159428e-02
 -1.6454049e+00
  2.6301866e-02
  1.4607878e-01
  1.3427051e-03
  2.1278743e-01
  1.4888404e-01
 -2.2748186e-01
 -1.4149231e-01
 -2.9120508e-01
 -1.9293107e-01
  2.6118174e-01
  1.3041303e-01
 -2.6333394e+00
  6.0352929e-02
 -2.8146725e-02
  2.2532771e+00
  2.2637370e-01
 -6.4485222e-02
 -1.2716630e+00
 -6.8438286e-01
 -3.5200304e-01
 -7.8261518e-01
  4.5748320e-01
  2.1421258e-01
  3.9429027e-01
 -6.2441492e-01
  5.7333100e-01
  1.0778813e+00
 -3.0565716e-03
  1.6759890e-01
  6.7667824e-01
  1.6765228e-01
 -1.0380267e-01
  1.0971227e+00
 -3.8121000e-01
  1.0956816e-01
  2.4839146e+00
 -3.6678639e-01
  5.9892303e-01
 -9.9378496e-02
 -4.0099826e-01
 -4.1146892e-01
  2.8621092e-01
  7.0286997e-02
  1.3240418e-02
  3.1707920e-02
  4.5376649e-01
  1.4858510e-02
 -1.7464342e+00
  1.9487671e+00
  9.1974139e-01
 -9.8366939e-02
 -3.3474278e-01
  4.6173159e-02
  2.6261020e+00
  1.5812742e+00
 -3.9446422e-01
  3.8048419e-01
 -5.4838020e-01
  3.3594862e-01
 -1.1204176e+00
  1.9088592e-01
  1.2886405e+00
  1.3132107e+00
 -4.1847357e-01
  1.9633563e-01
  4.9278662e-01
  9.3944311e-01
  5.1822525e-01
  1.9889594e+00
  1.0456868e+00
  9.9749905e-01
 -5.0643021e-01
 -1.3920110e-01
 -3.3630925e-01
 -3.6748505e-01
 -1.7464000e+00
  1.0859317e-01
 -4.6625942e-01
 -1.7800491e+00
 -2.8989929e-01
  6.2498021e-01
 -1.4411178e-01
  8.9074385e-01
  5.5705583e-01
  5.8259375e-02
  3.9826930e-03
  4.6395361e-02
 -7.7381492e-01
  1.5485576e-01
 -9.3433702e-01
 -8.6580896e-01
 -2.4192252e+00
 -2.3575525e+00
  6.0422313e-03
 -4.6910126e-02
 -3.7502211e-01
  1.0283583e-01
  2.5265598e-01
  1.0998975e-01
 -2.8485490e-02
  1.3162543e-01
  1.8984085e-02
 -9.3987755e-02
  1.8713333e-01
  4.2978209e-04
  9.8394752e-02
  6.8145961e-02
  1.1849020e-01
  5.5148222e-02
  1.4397822e-01
 -1.2115748e-01
 -1.9083925e-01
  9.8445572e-02
  8.7782934e-02
  4.5313267e-03
  4.0263504e-02
  2.5932929e-02
  1.2177671e-01
 -3.8127154e-02
  3.9101921e-02
  6.1851251e-01
  1.7666007e+00
  4.1163781e-01
 -7.1457243e-01
 -1.2914122e+00
  2.9532320e+00
  5.2094716e-01
 -4.2969027e-01
 -1.3375226e+00
  1.3014297e-01
 -4.0314502e-01
  3.6663234e-01
  1.0596435e+00
 -5.5880940e-01
  5.9370302e-02
  2.2786929e-01
  3.5952568e-01
 -1.4056463e+00
  7.6448089e-01
 -8.0644801e-02
 -1.3621137e+00
  2.8150415e-01
  1.5345880e+00
 -1.0682818e+00
 -1.6761678e-01
 -1.7914090e-01
  3.6008394e-01
  6.9482857e-01
  6.5047127e-01
  1.0562044e+00
  1.3068584e+00
  7.7678584e-02
  7.4322391e-01
  3.3351237e-01
  2.5909451e-01
  1.9075898e+00
 -2.4732038e-01
  5.4560292e-01
 -4.1115141e-01
  2.7318594e-01
 -2.4013406e-01
 -1.2429855e-01
 -6.5412652e-01
  1.2796246e-01
 -3.9849961e-01
 -9.5897084e-01
 -1.4633790e-01
 -6.9403505e-01
  3.8349110e-01
  5.5359030e-01
  1.5452120e-01
  1.8206898e+00
 -1.1427605e-01
 -7.3213972e-02
  1.8877284e-01
 -3.8096536e-02
 -9.2629778e-01
  4.0613949e-02
 -4.8979282e-01
 -1.5824541e+00
 -2.6291224e-01
  1.1833487e-01
 -2.8181132e-03
 -8.1089163e-01
 -2.0672929e+00
  1.1524664e-02
  1.3320232e-03
 -3.0940622e-02
 -4.7796214e-01
  4.9888471e-01
 -1.3177972e-01
 -1.3074472e+00
  2.2044504e+00
  2.0841160e+00
  9.7593702e-02
 -8.1995651e-02
  1.3568972e+00
 -3.1806773e-01
  4.1187782e+00
  5.3533949e-02
  7.3843485e-01
  5.9089309e-01
  4.5188028e-01
 -2.1533296e-01
  4.6698979e-01
 -5.6268620e-01
 -6.9166970e-01
 -6.8877369e-01
 -1.6049743e+00
 -1.3798202e+00
  1.3405027e+00
 -3.1758836e-01
 -9.7319001e-01
 -3.0743453e-01
  3.7096344e-02
  4.7857031e-01
 -4.7897052e-02
  2.1823504e+00
  1.8871576e+00
  1.8683903e-01
  1.0159909e+00
  1.3621714e+00
  4.6354008e-01
 -1.4053942e+00
  4.9036005e-01
 -4.8250294e-01
  2.0365919e-01
  1.5371630e+00
  5.2758402e-01
  7.8118257e-03
  8.5743731e-01
  6.3274652e-01
  2.5258127e-01
  1.5929623e+00
  2.6339450e+00
  1.9251406e-01
  1.6206567e+00
  4.2690948e-02
 -6.1215156e-01
  5.0084049e-01
  8.2067303e-02
  3.0917944e-02
  1.2346232e-01
 -1.8357649e-02
  7.4704044e-02
  1.7943616e-01
 -8.1555016e-02
  8.7627277e-02
  1.0033930e-01
  1.3018839e-02
 -5.7510488e-02
 -4.2206176e-02
  2.1178026e-02
  7.2220095e-02
 -2.6423654e-01
  4.0902171e-02
  1.0393482e-02
 -1.2591226e-01
 -2.0300748e-02
  2.9353419e-02
 -6.2081471e-02
  7.5007729e-02
  2.1813868e-01
 -1.2840690e-01
  5.1061940e-01
  3.1532004e+00
  2.8336959e+00
  2.0434973e+00
  1.0743939e+00
  1.1589154e+00
  2.7771857e+00
  4.3760448e+00
 -8.0663693e-01
 -3.1641090e-01
 -8.0840103e-02
 -2.0677214e+00
  9.1507649e-01
 -8.1821704e-01
 -5.7036698e-01
  1.0259814e-01
 -4.1976318e-02
 -2.7017405e+00
  2.7616853e-03
 -1.1021057e+00
  1.8915457e-01
 -5.5069053e-01
 -9.1951054e-01
  2.5077378e-02
 -4.3950278e-01
  1.4852391e+00
 -2.7986614e-02
  9.5285779e-01
 -3.3757937e-01
  1.9915536e-01
  1.0479381e+00
  2.1206535e-01
  2.7503952e-01
 -3.9964178e-01
  6.9698244e-01
  1.3833154e+00
 -5.3055650e-01
 -8.6418360e-01
 -2.0298371e+00
  4.4379584e-02
 -4.8405218e-01
  7.0834635e-03
 -1.5821974e-01
 -1.6216674e-01
 -5.8205705e-02
  2.5387469e-01
 -3.8702285e-01
 -2.7408106e+00
 -2.7458078e-01
  1.0954779e+00
  4.7983146e-01
 -1.1020929e-01
 -4.3580362e-01
  1.6489187e+00
  9.0930355e-01
  5.6446001e-02
 -4.7881510e-03
 -3.6337045e-01
 -2.2475664e-03
 -2.8895805e+00
  9.8544967e-01
  6.6957307e-01
  6.0208285e-01
 -1.1099458e-01
 -7.4569333e-01
 -6.7569071e-01
  1.5574155e-02
  1.0072699e-01
  5.6192569e-02
 -5.9189552e-01
 -6.8169850e-01
 -4.9415222e-01
  1.3116654e+00
  4.6918899e-01
  1.3388264e+00
  1.1696808e+00
  1.7224317e+00
 -1.5724666e-01
  9.5494252e-01
  1.5614852e+00
  5.0545388e-01
 -4.3601570e-01
 -7.5071380e-02
  9.4877744e-01
  1.0150797e+00
  1.0763822e+00
  9.4814593e-01
  8.8200641e-01
  3.8877225e-01
  2.2646928e+00
  6.2356716e-01
  1.9007678e+00
 -2.0039123e-01
 -2.3709458e-01
  2.5139064e-01
  2.4246054e+00
 -3.0354363e-01
  1.0341728e+00
 -5.1282144e-01
  1.2268299e+00
  1.1753485e-01
  1.0156647e-01
  3.7063158e-01
  4.1276050e-01
  1.1533103e-03
  1.4967996e-01
 -7.0952421e-01
 -1.3112271e-01
 -1.7481569e+00
 -3.0647242e+00
 -5.0874442e-01
 -7.7188790e-01
 -3.6520517e-01
 -8.1348717e-01
  4.4554943e-01
 -2.8867263e-01
  2.5930669e+00
  8.0831528e-02
  5.5233592e-01
  4.1896802e-01
  6.7342550e-02
  2.6859561e-02
  9.4078630e-02
 -9.6934430e-02
 -4.3245189e-02
  7.2021008e-02
 -7.3825292e-02
  5.9121478e-01
  4.8217438e-02
 -4.9863629e-02
 -5.2183876e-03
 -1.6709166e-02
  3.3645172e-02
 -3.2955538e-02
  9.8610841e-02
 -3.0021528e-02
 -1.2162837e-01
  5.4677330e-02
 -1.5506007e-02
  4.2732775e-02
  2.6260218e-02
 -4.7796331e-02
 -8.0490401e-03
 -3.2342877e-04
 -1.7073989e+00
  1.2581499e+00
  1.5097857e+00
  3.3975598e-01
 -1.5804520e-01
 -4.5547432e-01
  1.9285747e+00
  2.4436300e+00
  5.4941469e-01
  1.6346499e-01
  1.0398528e-01
 -1.6909007e+00
 -1.7560256e-01
 -3.6933154e-02
  8.2972205e-01
 -3.4948155e-01
  2.3266016e-01
  1.2965811e+00
 -7.1411765e-01
  8.3834797e-01
  1.9292323e-01
  6.5689045e-01
  6.4235634e-01
 -3.9844882e-02
  1.2303649e+00
  4.7976288e-01
  5.1981610e-01
  1.6111515e+00
  1.1294626e+00
  7.4736083e-01
  1.2745760e-01
  1.6300484e+00
  3.8815254e-01
  1.5739027e-01
  1.6747097e-02
  1.3021336e+00
  1.0292747e-01
  1.3126715e+00
 -4.6808794e-01
  7.0335633e-01
  8.8552678e-01
  1.5641807e+00
  1.1665028e+00
  1.0176170e+00
  1.6123506e-01
  3.5650834e-01
  5.9776133e-01
 -1.4639343e+00
 -4.0134487e-01
  1.4474270e-01
 -5.0032534e-02
 -1.5610054e+00
  1.8008687e-01
  1.0232580e+00
  2.9477006e-01
 -3.1196022e-01
  4.4610199e-01
 -1.6054170e-01
 -8.3383840e-01
 -1.8343040e+00
 -9.8506063e-02
  5.4660296e-01
  1.0073062e+00
  1.3055818e-01
  9.6442372e-01
 -9.1707200e-02
 -1.5826474e-01
 -7.7317309e-01
  4.2297554e-01
  5.0266558e-01
  4.1828015e-01
  2.3538071e-01
  5.3607994e-01
  8.8881487e-03
  7.5176460e-01
  1.3194345e+00
  2.8145915e-01
 -5.0127655e-02
  6.3520634e-01
  1.6695342e+00
 -1.3912123e-01
 -1.4757089e-01
  2.4944557e-01
  1.6611674e-01
 -2.4065264e-03
 -3.4105951e-01
 -8.8304877e-01
 -6.6428572e-01
 -6.4158225e-01
 -4.0337002e-01
 -8.6380416e-01
 -1.1224424e-01
  9.1123205e-01
 -9.4921333e-01
 -1.5993157e-02
  1.4933118e+00
  7.8665309e-02
 -1.1625989e-01
  5.6981874e-01
  8.2820600e-01
 -2.9587399e-02
  2.9124087e-01
  4.1862166e-01
  9.2414045e-01
  3.6963902e-03
 -1.1204883e+00
  9.7442955e-01
 -2.3207481e-01
 -2.9514104e-01
 -2.6110352e-03
  1.3497205e+00
  7.2409952e-01
  3.4511459e-01
 -5.1134783e-01
  1.3209466e-02
 -2.4117541e-01
  1.2160254e+00
  6.0585952e-01
 -4.8547047e-01
  6.0515881e-01
  1.5430935e-01
 -2.4393938e-02
  1.9040354e-02
  1.3474581e-01
 -1.1093715e-01
 -1.0937370e-01
  1.0661539e-01
 -2.3001377e-02
 -1.1574945e-01
  1.3861938e-01
  3.4241881e-02
 -1.9125119e-02
  8.3580934e-02
 -2.7334994e-01
  1.2294436e-01
 -3.5971478e-02
  7.9985961e-02
 -2.1914858e-02
 -1.9818749e-02
  2.8818132e-02
 -1.1230796e-02
  1.6407687e-02
  5.0679009e-02
 -9.0787821e-02
 -6.9700849e-01
 -9.2710167e-02
 -3.1708860e-01
 -9.1388637e-01
  7.0605820e-01
 -2.5068781e+00
  5.8866584e-01
  7.5149328e-01
 -3.8747659e-01
  1.4644930e-01
  2.1628034e-01
 -7.4816966e-01
 -2.6377308e+00
 -1.4421363e-01
 -2.6928990e+00
  1.0177796e+00
 -5.6382523e+00
 -5.4996462e+00
 -9.3125051e-01
 -1.3624656e-01
 -9.5011944e-01
 -9.6675210e-02
 -8.1943023e-01
  6.4475876e-01
 -1.0743904e-01
 -3.8562453e-01
  4.4653058e-01
  1.7547773e-02
  2.1603419e-02
  5.0967872e-01
  2.9767197e-01
 -4.4798194e-03
 -4.2698422e-01
 -1.1883055e-01
  5.0888020e-01
  5.4769945e+00
  1.2654930e+00
  1.7380505e+00
 -5.0897369e+00
  1.5265129e+00
  2.6367676e+00
 -1.4825152e-01
  5.9933513e-03
  2.1753047e+00
  6.7475933e-01
  1.7023890e-01
 -2.8677705e-01
  1.4330156e+00
 -1.0469440e+00
  5.7275349e-01
 -7.3953861e-01
  9.0212089e-01
  7.1620652e-03
  6.1268769e-02
 -3.6769312e-02
 -1.2062070e+00
  2.2758413e-02
  1.0741770e-01
 -1.0391413e+00
 -7.7680105e-01
  3.3798125e+00
 -1.8299299e+00
  2.1678352e+00
  3.3545384e+00
  1.0568528e+00
  2.7489486e-01
  2.6404190e+00
  5.4193048e+00
  6.4989409e+00
  4.3433204e-01
 -2.0250818e-01
  1.1353283e-01
  1.9538311e+00
  1.3381910e+00
  5.4734039e-01
  6.2590164e-01
  8.0849206e-01
  2.7010148e+00
  1.1177120e+00
  8.8338619e-01
  1.2524315e+00
  8.1795114e-01
  3.1330591e-01
  1.6177728e+00
  8.3791308e-02
  9.5255637e-01
  8.2644778e-01
  1.3082087e-01
  1.1549407e+00
 -7.6180585e-02
  1.3288914e-01
  5.7722092e-01
 -1.3449186e-01
 -1.6099164e-01
  7.2952324e-01
  1.9889577e-01
 -1.9370598e-01
  2.5408144e+00
  1.2816354e+00
  1.2788736e+00
  1.8072088e+00
  6.3523571e-03
 -1.4091586e-01
  3.2125595e+00
 -2.4070418e+00
 -4.0125835e-01
  1.9424382e-01
  2.6855001e+00
 -9.0393513e-02
 -4.3731770e-01
 -4.7720855e-01
 -8.9729019e-02
 -7.5593013e-01
 -1.5188122e+00
 -2.3605907e-02
 -6.4204812e-01
 -1.0172895e+00
 -6.0564529e-02
  2.6484787e-01
 -4.3138499e+00
  1.1004413e-02
 -2.6989877e-02
  1.0839245e-02
  8.3923280e-02
 -1.1347680e-01
 -1.8345581e-02
 -1.8270396e-02
  9.0513371e-02
 -2.0083176e-02
 -2.5527583e-02
  1.3929558e-01
 -1.6283229e-02
  3.0578699e-02
  5.2291993e-02
 -1.0148802e-01
 -7.1833149e-02
  1.1680257e-01
  1.4690859e-03
  8.0741778e-02
  6.5807216e-02
 -1.5016237e-01
 -2.7947167e-02
 -1.5330220e-02
  5.4686382e-02
 -9.9154407e-01
 -2.2369988e-01
 -5.6123358e-01
 -2.4320912e-01
 -4.4760041e+00
 -1.0389274e+00
  9.3134597e-02
  4.9815051e-02
 -2.1921601e+00
  3.9787516e-01
 -3.9774689e-01
 -2.8922758e+00
  1.8249333e+00
  7.5312090e-01
 -2.8370175e-01
  6.3571525e-01
 -2.8899755e-02
 -7.7898645e-01
  7.3310792e-02
  2.9445350e-01
 -4.0217793e-01
 -7.7480413e-03
 -1.6119197e-01
 -8.1737339e-01
  1.8140534e-01
 -3.7682310e-01
 -7.7016838e-03
 -1.1396980e-01
  4.0367849e-02
  6.2274504e-01
 -3.3227536e-01
  2.6988250e-01
 -3.6401173e-01
 -5.5001915e-01
  4.7853464e-01
  2.9000041e+00
 -2.4839076e-01
 -1.6902007e-01
 -8.2231633e-02
 -6.1133772e-01
 -1.8936777e-01
 -9.8429996e-01
 -3.1780666e-01
  7.6064736e-02
 -4.2835612e-02
 -3.3460278e-02
 -3.0313930e-01
 -2.7171680e-01
  1.7932843e-01
 -3.5718086e-01
 -4.4069177e-01
 -9.0186615e-03
  1.8583304e-01
 -6.5080035e-01
 -3.2595742e-01
  1.8674088e+00
  6.5740293e-01
 -1.4367032e-01
  9.7499835e-01
  4.6622291e+00
  3.9765981e-01
  1.0316023e-01
  1.3379163e+00
  3.2960290e-01
 -2.2436078e-01
  3.5212582e-01
  1.1246508e+00
  7.9284239e-01
  1.3153966e-01
 -6.5880947e-02
 -6.8361837e-01
  5.7835096e-01
 -1.4912881e-01
 -1.3917114e-01
  5.9675103e-01
  7.9496242e-02
  2.7312875e-02
 -4.6778426e-01
  4.4739228e-01
 -1.8034148e-01
  7.5442120e-02
  1.1738701e+00
 -2.8196734e-01
  1.4915611e+00
 -4.9128290e-02
 -3.5662258e-01
 -2.3734854e-01
  1.7068368e-01
  1.3456437e-01
  2.9575771e-01
  6.3945210e-01
  8.1476346e-02
 -9.0066031e-02
 -6.9938952e-01
 -1.6165999e-01
 -4.4914222e+00
  9.2357320e-01
 -4.3342462e-01
 -7.4908024e-01
 -1.8216057e-01
 -2.5047734e-01
  4.2043111e-01
 -7.3899895e-02
 -1.1479645e+00
 -9.7273886e-02
 -3.8320351e-01
 -8.0849349e-02
  7.0583415e+00
  2.1714078e-01
  1.9916008e-01
  6.0546141e-02
  5.9252918e-01
  3.7170309e-01
 -5.8354008e-01
 -2.6665983e+00
  2.8405599e-02
  3.1939957e-01
 -1.1487606e+00
  9.0903002e-01
  2.1496074e+00
 -9.4817773e-02
 -5.1083609e-02
 -1.2444060e-01
  6.9151530e-03
  9.3834847e-02
  1.7158040e-01
 -7.3983498e-02
 -1.6110408e-01
  7.5901583e-02
  2.6375609e-02
 -2.7171906e-02
  9.3377925e-02
 -2.4028654e-01
 -1.4965449e-01
 -3.1895033e-01
 -4.7313508e-02
 -2.8352339e-02
  2.0620432e-01
 -1.8262159e-02
  1.8459116e-01
  1.8994190e-01
 -2.2247810e-02
  9.7767644e-02
 -6.2231854e-02
 -4.4602546e-01
  1.7609234e-01
  3.1564966e-01
 -8.3003670e-02
  8.7889887e-02
 -2.7279526e-01
  6.1882064e-02
 -2.2037564e-01
 -1.4576896e-01
  5.8995888e-02
  6.9759762e-01
  2.2628443e+00
 -3.7322495e+00
 -1.1305045e+00
 -1.8586990e+00
 -3.4770751e-01
 -7.0632201e-01
 -7.4365711e-01
 -9.8474211e-01
 -2.1930522e-01
 -1.3452915e+00
  3.1119356e-01
 -1.1701384e-01
 -3.4386318e+00
  8.0021024e-02
  2.1959990e-02
 -1.6061923e-01
  4.6160328e-03
  1.8727587e-01
  1.2547425e+00
 -1.2592290e-01
  8.8981503e-01
  5.8695263e-01
  1.4227004e-01
  3.6618166e-02
  7.8769225e-01
  1.5401502e+00
 -7.0229039e-02
 -2.9806817e+00
 -6.9305515e-01
  1.5793175e+00
  3.5195497e-01
  5.0094754e-01
 -3.0223343e-01
  4.7401634e-01
  1.4318269e-01
 -1.6350648e-01
  2.0373557e+00
 -9.9692535e-01
 -8.5715264e-01
 -6.1689526e-01
 -1.8605130e+00
 -3.9443198e-01
 -1.7842646e+00
 -2.5610502e+00
 -9.0177780e-01
 -6.2635571e-02
 -1.4965958e-03
 -1.2636243e-02
 -4.5608994e-02
  5.9625924e-01
  2.6383410e+00
  1.0361996e+00
  8.9983165e-01
  3.7155602e+00
  1.1808972e+00
  4.3833831e-01
  5.5175221e-01
 -1.9145985e-01
  7.3186117e-03
 -1.3068128e-01
 -3.4107111e+00
  1.9357804e+00
  9.3162501e-01
  3.0373284e-01
  2.7966666e+00
  1.0949900e+00
  4.9434819e+00
  1.5175961e-01
  9.3958461e-01
  1.2117628e+00
  8.7311246e-02
 -2.2386435e-02
  9.0248704e-01
  2.8447765e-01
 -2.9523563e-02
 -1.4526144e-01
  2.0210852e-01
  1.3133194e+00
  2.1578252e-01
  9.5701545e-01
  7.2815531e-01
  3.4272376e-01
 -5.9815854e-02
 -2.0514396e-01
 -2.9266183e+00
 -1.3351755e+00
  1.3903537e+00
  2.5786677e-01
  9.9923790e-01
 -5.4695964e-01
  1.2991846e+00
  1.6558629e+00
  2.7956653e-01
  8.8967520e-01
  4.2645086e-02
 -3.1430453e-01
 -3.3921599e+00
  3.1386015e-01
  6.8227303e-01
  1.7591319e+00
 -7.2950554e-01
 -6.4968449e-01
  3.7386712e-02
 -3.5138220e-01
 -1.8746982e+00
 -1.8399870e+00
  4.7588295e-01
 -9.2242789e-01
  2.8636782e+00
  5.7913944e-02
 -5.7404609e-03
  9.5182754e-02
 -7.0574835e-02
 -6.9008805e-02
 -1.1020515e-02
  5.7071153e-02
 -6.6953912e-02
 -9.9896774e-02
  4.4857547e-02
  1.4906327e-01
 -3.9762359e-02
 -8.0041643e-03
 -1.0148652e-01
 -2.3793530e-02
 -1.3888398e-01
  1.3029903e-01
  4.5649193e-02
 -1.3100906e-01
 -1.1235444e-01
  2.0712194e-01
 -9.7282985e-03
  2.4833323e-01
  8.8430144e-02
 -4.8321005e-02
 -2.0405677e-01
 -2.7029645e-01
 -6.1981231e-01
 -3.0041406e-01
  5.0323343e-01
 -4.4683799e-02
 -4.9242083e-02
  8.4688479e-01
  2.6319822e-02
  5.5499089e-01
  1.6366125e+00
 -2.6687756e+00
 -1.4716889e-01
 -6.6577315e-01
 -4.3585289e-01
 -9.3335319e-01
 -3.2742023e+00
 -2.4914943e-01
 -9.0198302e-01
 -4.3116021e+00
 -3.5083768e-01
 -3.3861646e-01
 -4.0764775e+00
 -1.0215460e+00
 -1.3875633e+00
 -2.2919460e-01
 -6.1553562e-01
  2.0821051e-01
 -5.0963765e-01
  4.4414803e-01
  2.5020725e-01
  6.7832269e-02
 -1.1819640e-01
 -1.7604284e-01
 -4.9223108e+00
  7.4437207e-01
  2.2373128e+00
  7.9470406e+00
 -4.7890473e-02
  4.4419134e-01
  2.1559269e+00
  1.8094355e+00
  1.2244232e+00
  5.0369663e+00
  1.1796918e+00
  1.4340626e-01
 -4.9360022e-01
 -6.2685752e-01
  7.3519701e-01
  4.3237492e-02
 -5.0211020e+00
 -9.7615086e-02
  4.7307283e-01
  4.2675501e-01
  6.4150810e-01
  9.5814335e-01
  4.0394381e-01
 -2.0821777e-01
 -3.9674675e+00
  9.8291141e-01
  1.7635045e+00
  8.1074369e-01
  1.3102769e+00
  5.7616591e+00
  1.1595370e+00
  5.6667191e-01
  4.6881062e-01
  1.9278865e-02
 -9.6879160e-01
 -9.8470986e-01
 -1.5048879e-01
 -8.6327815e-01
 -1.9031811e-01
 -1.1915194e-01
 -3.9608791e-02
 -2.7404475e-01
  8.6800539e-01
  8.3519620e-01
  7.2018218e-01
 -3.9801422e-01
 -7.0760036e-01
  4.6518406e-01
 -2.7637994e+00
 -1.6711992e-01
 -2.9366482e-02
  4.4870451e-01
  3.4919187e-01
  6.7038441e-01
  4.0225160e-01
  4.9205565e-01
  4.3488526e-01
  6.7093027e-01
  4.8473351e-02
 -5.9139854e-01
  3.1204648e+00
  4.0010440e-01
 -8.9166230e-01
  4.9932945e-01
 -8.5483557e-01
 -9.9695987e-01
  1.1609387e-01
 -1.2829848e-01
  6.5485102e-01
  6.8158358e-01
  4.0445995e-01
  3.1748533e-01
  1.9051571e+00
  6.7326486e-01
  8.2046139e-01
  7.6514930e-02
  7.9204822e-01
 -3.1252694e-01
 -3.0459747e-01
  1.9381862e-02
  1.0082940e+00
  2.0701420e+00
 -8.9781237e-01
 -1.7825654e-01
  4.5088701e+00
  5.9543997e-02
  1.7753470e-01
 -3.8196586e-02
 -5.2010495e-02
  8.1595309e-02
  7.7331997e-02
 -7.5586133e-02
  4.0288642e-02
 -1.1362630e-01
 -2.6190668e-01
  2.4640520e-01
  2.0836429e-01
 -7.2078958e-02
  1.2828346e-01
  2.1479377e-01
  6.1923172e-04
  4.8909850e-02
  1.8279435e-01
  1.5559866e-01
  5.6252068e-01
  6.3879885e-02
 -2.6572403e-01
  2.7213283e-02
  1.0994323e-01
  2.4146125e-01
 -5.1411486e-01
  1.3048143e+00
  5.0353110e-03
 -1.9035409e-03
 -1.7663189e+00
 -1.8488277e+00
 -9.5371103e-01
 -1.4012053e+00
  2.0927276e-02
 -2.0910621e-01
  8.9263511e-01
 -2.5457721e+00
  1.9703591e-01
 -9.3110752e-01
 -9.2583185e-01
 -1.1722102e-01
 -1.5129049e-01
 -1.4090705e+00
 -4.2446491e-01
 -2.4699123e-01
  9.9352859e-02
  4.9378946e-01
  7.2718649e+00
 -6.3021368e-01
  1.7405050e-01
  3.2729398e-02
 -2.5669694e-01
  2.7948847e-01
  1.5179982e+00
  2.4386778e-01
  3.1238347e-03
  6.4012814e-01
 -4.6869320e-01
 -1.3122107e-01
 -1.0057155e+01
  1.8526597e-01
 -8.1314045e-01
  3.9020401e-01
 -1.2470152e+00
 -1.0946511e+00
 -6.6751170e-01
  4.3647274e-01
 -3.0031003e-02
 -3.4997973e-01
  3.5012862e-01
  1.5157555e-01
 -6.2238922e+00
 -5.4512639e-03
  1.4415678e-01
 -1.8100125e-01
 -1.9659743e+00
 -1.6789967e-01
  4.3109119e-01
  5.1930845e-01
 -7.3780507e-01
 -1.5205692e+00
 -1.3773286e+00
 -9.1648754e-03
 -3.2549033e-01
  2.4555235e-01
  9.3597156e-01
  8.3265764e-01
  7.6758337e-01
  1.1125040e+00
  5.1372230e-01
  2.5930321e-01
 -7.1339071e-01
 -9.3244528e-03
  3.6560416e-01
  5.6030959e-01
  2.2142328e-02
  3.1022630e+00
  1.3334724e+00
  8.9943296e-01
  1.7532466e-01
  1.2343320e+00
 -3.1813064e+00
  1.0211291e+00
  6.2952203e-01
  4.3250731e-01
 -7.8727090e-01
 -3.2493478e-01
 -3.1285954e+00
 -2.6794696e-01
 -1.8942311e-01
 -9.3447730e-02
 -2.5575951e-01
  2.8111607e-01
 -1.6502553e-01
  7.9762585e-02
 -3.2599881e-01
 -7.6524824e-02
 -4.5471495e-01
  1.8559135e-02
  3.0912154e+00
  6.7288494e-01
  3.1210434e-01
  5.1169280e-02
  3.3840859e-01
  1.5242510e-01
 -2.9542810e-01
  2.8603375e-01
 -1.4563036e-02
 -8.9645690e-01
 -1.2065306e+00
 -7.4513704e-02
 -2.0146692e+00
  4.5855135e-02
 -4.9170005e-01
 -4.8427045e-01
 -7.6307529e-01
 -6.2168431e-01
 -2.5964046e+00
 -2.5410470e-01
 -1.2135218e+00
 -2.3981361e+00
 -9.7278506e-05
  2.4737629e-01
  2.3669276e+00
  1.5981974e-02
 -1.1517240e-01
  8.9622110e-02
 -7.5359166e-02
  1.3533457e-01
 -8.4198140e-02
 -1.9268008e-02
  1.4410944e-01
 -6.5943718e-02
  4.2637341e-02
  3.8617343e-02
 -1.3150542e-02
  1.2423807e+00
  3.2587264e-02
 -3.2391049e-02
 -1.8662171e-01
 -4.4110194e-02
  2.0117274e-01
  9.4857179e-02
  3.8245663e-02
 -2.6286457e-02
 -2.0541012e-02
 -5.8757719e-02
 -1.8287577e-01
  5.8783367e-03
  1.1186570e+00
 -5.0868962e-02
  7.3520499e-01
  4.9991673e-01
  6.8066680e-01
  9.8979050e-01
  6.4659733e-01
 -7.0955451e-03
  1.2507534e-01
 -8.3815724e-02
  3.3026055e-01
  1.0521660e+00
 -5.2741957e+00
 -2.4971607e+00
 -1.5948559e-01
  7.9066664e-01
  7.0735961e-02
  4.2521744e-05
  1.4748824e-01
 -2.7355688e+00
  1.2998093e+00
 -8.0976538e-02
 -4.1497483e+00
  2.9225303e-02
  1.3966341e-01
 -1.6694901e+00
 -9.7870773e-01
 -4.6784881e-01
 -9.9229030e-02
 -1.1824737e+00
 -2.3435061e-01
 -8.6607772e-01
  4.1003758e-01
  3.0827102e-01
  7.2970171e+00
  1.6061964e+00
  1.9089998e+00
  3.8180726e+00
  5.6524854e+00
  1.1112614e+00
  1.9310235e+00
  2.1819329e+00
  3.0199871e+00
  6.4829022e-02
 -5.4341930e-01
 -1.3349164e-01
 -9.9812019e-01
 -3.1600973e-01
 -8.2839078e-01
 -3.7069252e-01
  2.9468639e+00
 -1.2576300e+00
  4.7199497e-01
 -3.0036798e-01
  1.1651900e+00
  1.9712304e+00
  7.5014275e-01
 -5.5047505e-02
  4.2971453e-01
 -2.0990348e-01
  2.6909189e+00
  1.9022776e+00
  1.7098824e+00
 -9.1698676e-01
  1.9160628e+00
 -6.0029459e-01
 -7.4976355e-01
  5.7783939e-02
  1.1687908e+00
  2.3992072e-01
  4.5174198e+00
 -9.4930947e-01
 -1.0818005e-02
 -3.1998378e-01
  8.1169188e-02
 -5.4980981e-01
  1.9302124e+00
  8.9743459e-01
  7.9407281e-01
  7.7198094e-01
 -9.0801114e-01
 -1.9265176e-01
 -8.9859575e-01
  9.4738615e-01
  3.1973470e-02
 -9.4335206e-02
  6.4224191e-02
  4.0904477e-01
  4.0234464e-01
  2.1765864e+00
 -3.4047779e-01
 -1.2403768e+00
  3.6786649e-01
 -9.9336557e-02
 -3.6976371e+00
 -8.4759867e-01
 -8.1555054e-02
  2.4608240e+00
  1.1231647e+00
  2.0870876e+00
  1.6109558e+00
 -2.8506055e-02
  3.1166227e+00
  2.7800312e+00
 -1.5084669e-01
 -3.9894542e-01
 -3.0516510e+00
  2.6895636e-01
  2.5845885e-01
  2.5475028e-01
  8.6836916e-01
  2.7396922e+00
  6.7815810e-01
  1.8828413e+00
  2.1411486e+00
 -3.3113219e-02
  3.8211754e-01
 -5.5518638e-02
 -6.3006461e-01
 -1.7529415e-02
 -1.6328149e-01
  2.3739057e-02
 -7.5678080e-02
  2.8764331e-01
 -4.2181049e-02
 -1.8229894e-01
 -1.5143631e-01
 -2.1456048e-02
 -1.1461566e-01
  9.6411094e-02
  1.7581901e-01
 -5.3845935e-02
 -2.2553474e-02
  3.4121562e-02
  4.0119443e-02
  9.0203673e-02
 -2.6799347e-02
  3.6508977e-02
 -4.0186878e-02
  6.3025817e-02
  5.0276361e-02
  1.0301556e-01
  9.8490212e-03
 -2.1998222e+00
 -3.4150743e+00
 -2.7009945e+00
 -1.5824618e+00
 -6.2654316e-01
 -1.7744474e+00
 -7.8402096e-01
 -1.3857836e+00
  8.8936329e-02
  1.6572298e-01
  1.5699673e-01
  5.7529850e+00
  3.9337984e-01
 -4.7882935e-01
 -4.2404154e-01
  1.7570927e+00
 -2.9374066e-01
 -6.2523597e-01
 -1.6849156e-01
 -3.2675329e-01
  1.5613302e+00
  9.3987679e-01
  1.2407787e+00
  3.4417484e+00
 -1.3498463e-01
  5.9173650e-01
 -4.2567146e-01
 -4.2617746e-02
 -5.9149489e-02
 -2.4018325e-01
  5.7909447e-03
  2.1639720e-01
 -1.7532675e-01
 -2.8266288e-02
  7.7566588e-03
  1.6104005e-01
 -1.2239147e-02
  6.0313487e-01
 -3.4696248e-01
 -2.0298922e-01
 -1.1536094e-01
 -2.4766412e-01
  6.9338655e-01
 -1.4185466e+00
  3.2361475e-01
  5.1350325e-01
 -1.1228667e-02
 -7.2518915e-01
  8.9991385e-01
 -3.3930480e-01
 -4.4784617e-01
 -3.9428852e-02
 -8.0290127e-01
 -2.0996726e+00
  2.8630716e-01
 -1.1182402e+00
 -1.9289104e+00
 -2.3083125e-01
 -4.9542237e-02
 -1.0904056e+00
  6.7761868e-01
  6.6577011e-01
 -1.2797028e-01
  1.5048684e+00
 -3.6073506e-01
 -1.5716475e-01
 -3.4335116e-01
  3.4515548e-01
  4.1831455e-01
  6.5822285e-03
 -3.3431479e-01
 -4.8523884e+00
  6.7694998e-01
 -3.9340475e-01
  2.6646490e+00
  4.1197604e-01
  3.6009496e-01
 -3.0197101e+00
  8.5189074e-01
  3.6396604e-02
 -1.0036178e+00
 -3.7920487e-01
  2.0717548e-01
  3.5890994e+00
  1.5070271e-01
 -6.6359937e-01
  1.9360872e-01
  3.2222545e-01
  5.2411739e-02
  4.2719433e-01
  1.5165622e+00
  1.7558740e+00
  3.2810560e-01
  3.8357002e-01
  1.5117536e-01
  1.9075726e+00
  5.4105240e-01
  1.1209089e-01
  8.0605412e-01
  4.5168465e-01
 -1.1065571e+00
 -1.9353000e+00
  4.0457493e-01
 -2.8284028e+00
  4.8384878e-01
 -2.9933810e-01
 -8.5890013e-01
  6.7059094e-01
 -7.6110885e-02
 -6.0293400e-01
 -5.6277168e-01
  3.2146347e-01
 -1.2448581e+00
 -6.9846231e-01
 -1.1399363e-01
 -4.5442966e-01
 -8.1244826e-01
 -4.6208903e-02
  1.5794270e-01
  3.6865139e+00
  6.0210079e-02
 -1.4181191e-01
 -1.4570413e-02
 -8.1854753e-02
  1.3389087e-02
  1.1764106e-01
 -2.4899140e-02
 -1.9572079e-02
  1.1488119e-02
 -9.5027998e-02
 -8.3072454e-02
  1.6609041e-02
 -6.5111592e-02
  6.0006618e-02
  3.7443064e-02
 -1.6132511e-02
 -5.7134952e-02
  6.5612525e-02
 -4.0966637e-02
  1.4662018e-01
 -9.6900821e-02
  1.6646750e-02
  7.2110273e-02
  2.5953459e-02
  7.1122026e-01
  9.2216742e-01
  1.7657194e-01
  1.0587972e+00
  3.5941045e+00
  2.6741502e-01
  4.0247828e-01
 -3.6642957e-01
 -3.5450432e-01
 -2.4017577e-01
 -1.7854163e-01
 -7.2894663e-01
  2.7872303e+00
 -1.6301459e+00
 -6.2397540e-01
 -1.9209430e-01
 -1.3363210e+00
  1.0537766e+00
 -1.6604978e-01
 -9.6643791e-02
 -4.4837087e-01
  2.9274136e-01
 -4.0803906e-01
  4.9866650e-01
  4.9092975e-02
 -7.4161999e-02
 -2.0060129e-01
  2.8180376e-01
 -3.9168960e-01
  1.4132826e-01
 -3.4803247e-01
 -2.3696545e-01
  9.5640076e-03
  1.9296519e-01
  4.7545323e-01
 -1.2825158e+00
  1.4730893e-01
  1.3758335e+00
  2.5422843e+00
  1.2756530e+00
  1.5705361e+00
  1.2179191e+00
  2.9763997e-01
 -1.1427659e-01
  2.6126534e-01
 -5.9474277e-01
 -1.5209418e-02
  2.3339842e-01
 -8.4556751e-02
 -1.0095311e+00
 -2.1270368e+00
 -8.7067299e-02
  2.5229216e-01
  1.2967548e+00
  4.5081642e-01
  2.4923356e+00
  1.5480193e+00
 -9.9900387e-02
  3.1187245e-01
 -3.2510072e-01
  4.6351239e-01
  5.2199000e-01
  2.0676829e-01
  7.4570455e-02
  8.5101563e-01
  3.1159146e+00
  1.4534372e+00
  1.0682247e+00
 -1.5194354e+00
  7.2568464e-01
 -1.1286751e-01
 -7.4278289e-01
 -1.0698022e-01
  1.6728327e-01
  6.9003038e-02
  3.4376785e-01
  2.2021604e-01
 -2.7990934e-01
  9.7443414e-01
  2.2885855e-01
  9.6860725e-01
  8.8521630e-01
  1.4033628e-01
 -3.1443613e+00
 -3.3272445e-01
  1.0014248e-01
  6.6806816e-02
 -3.6671105e-01
  2.6742470e-01
 -9.1422814e-01
 -3.2388754e+00
 -1.0524153e+00
  2.4891163e-01
 -6.1473608e-01
  2.1711018e-02
  1.8926338e+00
  1.4893718e-01
  8.6784631e-01
  3.1080747e-01
  2.1751872e-01
  9.2009205e-01
  1.1249624e+00
  1.3578238e+00
 -4.5399779e-01
  6.0764825e-01
 -2.1027748e-01
 -2.1922678e-01
  2.5653048e+00
 -3.2847792e-01
  9.3775690e-01
 -8.9000851e-01
  4.8300013e-01
  1.2896352e-02
  2.3851338e-01
  4.2571792e-01
  2.4382924e-01
  7.8463477e-01
 -3.5435686e-01
 -2.7665764e-01
 -2.3781614e+00
  1.3517849e-02
  2.6588174e-02
 -8.6446911e-02
 -6.9961131e-02
 -3.4471345e-01
  1.1096627e-01
  9.7300671e-03
 -3.5526078e-02
  9.2593893e-02
 -4.7844127e-01
 -1.3277701e-02
  6.4134989e-03
 -1.8183401e-02
 -6.2846348e-02
  8.7101376e-03
  6.8927497e-02
 -9.2708699e-02
 -1.5582750e-02
  8.0983676e-02
 -1.4773009e-03
 -1.0882074e-01
 -6.2513344e-02
  1.6756199e-01
 -1.5486658e-02
 -1.1034729e+00
  4.8402831e-02
 -6.5417391e-01
 -6.9713399e-02
 -1.3778335e-01
  5.5996293e-01
  1.3815758e+00
  9.8858869e-01
  1.7940670e+00
  2.0664090e-02
 -9.1636300e-02
  1.7136441e+00
 -4.4969025e+00
  1.4860668e+00
 -1.7974330e+00
 -1.3912669e-01
 -1.2802624e+00
 -1.8781198e+00
 -5.2360481e-01
  2.3661110e-01
 -4.9433225e-01
 -5.2952021e-03
 -1.5847847e-01
  3.2341909e+00
  1.2345287e+00
 -2.8967820e-02
 -1.0686041e-01
 -1.4943980e-01
 -7.8315586e-01
 -1.8027343e-01
 -2.4944639e-01
 -4.3689322e-01
 -3.5806768e-02
 -2.1265836e-01
 -3.4207031e-01
 -5.8774376e+00
  3.8532144e-01
  1.3788739e+00
  4.3218935e-01
  1.1270202e+00
  6.7445707e-01
  2.0561566e+00
  1.4543039e+00
  6.8122560e-01
  2.0582218e+00
 -3.6417300e-01
 -7.5346507e-02
  3.5158418e-02
  5.2719659e-01
 -1.2852613e+00
 -2.5359452e-01
 -1.6333940e+00
 -9.1115493e-01
 -8.1649613e-01
 -1.9319925e-02
 -1.6252145e+00
 -5.8085734e-01
  6.6222452e-02
  4.3241672e-02
  2.3211622e+00
  5.1813656e-01
  2.0880499e+00
  1.3922141e+00
  1.4123878e+00
  1.0757428e+00
  3.7724562e+00
  2.9470770e+00
  2.6037469e+00
 -4.5179701e-01
 -1.1708853e-01
  6.0026294e-01
  2.2209587e+00
 -5.7856363e-01
  3.9131653e-01
  1.3052287e+00
  9.0285522e-01
 -6.1956000e-01
 -1.7825904e+00
  5.9884045e-02
 -6.8211478e-01
  3.8815744e-02
 -2.7107742e-01
  4.9711324e-02
  6.3546306e-01
  4.9523363e-01
  1.9212989e+00
  2.5676191e+00
  1.4434402e+00
  6.6367227e-01
  2.6891246e-01
  3.6182010e-01
  1.7716844e+00
  1.3535836e+00
 -4.6714699e-01
 -7.3159426e-02
  6.3497168e-01
  3.2833308e-01
 -9.9819273e-02
 -3.7390536e-01
  5.0235074e-02
 -1.1231194e+00
 -1.9763352e-01
 -1.4444204e-02
 -1.7544479e+00
  4.0273312e-01
  2.6019865e-01
  9.4612181e-02
 -9.0631837e-01
  2.1819387e-01
  4.4996169e-01
  1.3308696e+00
  2.1914966e+00
 -1.1928238e-01
  8.5719097e-01
  1.3040572e-02
  1.4575506e+00
  4.4252591e+00
  3.0430621e-01
 -1.2870352e-01
 -3.8557880e+00
  8.0833808e-02
 -2.1202289e-01
  1.4015527e-02
  2.1737471e-01
 -1.1021311e-02
  2.0844141e-01
 -4.0595867e-02
 -1.7781271e-01
  2.0370518e-01
 -8.0276966e-02
 -4.9635660e-02
  1.1518057e-01
  1.8449862e-01
  2.3525974e-02
 -1.7344639e-02
  1.8674512e-01
  1.7278771e-01
 -3.8605228e-02
  5.9433505e-02
  9.5668942e-02
 -1.7012830e-01
  3.4596011e-02
 -1.5293956e-01
 -3.5340179e-02
  2.9175639e-01
 -5.4043800e-01
 -2.0192149e+00
 -2.1803801e+00
  7.6446545e-01
 -1.3456389e+00
 -9.3919086e-01
 -2.7544508e+00
 -1.7792019e+00
 -1.0924557e-01
  3.3806583e-01
 -3.6197487e-01
 -1.7902371e+00
 -3.5484451e-01
 -2.5778815e-01
  4.4904265e-01
  5.5657372e-02
 -4.3154073e+00
 -5.3352516e-02
  9.5917717e-02
 -2.4341643e-01
 -4.5139524e-01
  7.3759317e-01
  2.8448708e+00
  8.1738538e-01
  4.3071583e-01
  2.1781735e-01
 -3.5407264e-02
 -5.7084590e-01
  6.1097729e-01
  1.4407595e-01
  6.0318828e-01
 -4.6495718e-01
 -8.8922459e-01
  4.6671835e-01
  6.7893376e+00
 -1.5746529e-01
 -3.4204689e-01
  2.3781590e+00
  4.4462952e-01
 -5.0873798e-01
 -2.5756164e-02
  4.1430885e-01
  1.0756347e+00
  3.7633446e-01
 -7.4415070e-01
  4.9127316e-01
  1.7295694e+00
  4.0809795e-01
  4.2146733e-01
  3.0065909e-02
  6.1571050e-01
 -5.1775801e-01
  2.6590232e-02
  1.1288978e+00
  1.0425647e+00
 -9.3092245e-01
  7.7818358e-01
 -6.5666234e-01
  5.5130148e-01
  5.2510637e-01
  8.1179178e-01
 -7.4307716e-01
  5.8341694e-01
  9.0042919e-01
  1.7754272e-01
  1.4585267e+00
 -6.9463181e-01
 -6.3056029e-02
 -6.3881874e-02
  2.5162461e-01
  9.5026992e-02
  2.1881726e-02
  1.5162480e+00
  2.2156799e+00
  1.0860404e+00
  1.2110869e-01
 -8.2318217e-01
  2.4874003e-01
  1.1817600e+00
 -1.3078984e-02
  2.9527125e-01
 -4.9026296e-01
 -3.0598152e-01
  5.3925866e-01
 -1.3175310e+00
 -2.9841456e-01
  2.1298711e-01
 -1.3305353e+00
 -2.6392904e-01
 -7.6703143e-01
  1.7040080e-01
 -9.0459079e-01
 -1.7420711e-01
  1.8127456e-02
 -1.4443775e+00
  1.2404708e+00
  3.6958346e-01
  4.8997188e-01
  9.1261858e-01
  3.8380453e-01
  2.1901679e-01
 -2.3446086e-01
  4.7348580e-01
 -1.3823661e-01
 -2.0325446e-01
  6.8758152e-02
 -2.6004343e+00
  1.6503790e-01
 -4.0128475e-01
 -9.4887596e-01
 -8.5901457e-01
  6.3760348e-02
 -1.5490451e+00
 -2.0812244e+00
 -1.3182400e+00
  3.2491702e-01
 -1.3987294e-01
 -6.8464434e-01
 -1.9851923e+00
 -6.6979550e-02
  4.7761895e-02
  5.4551523e-02
 -3.1539783e-02
 -4.0201655e-01
  6.6631652e-02
 -2.3974180e-01
  4.2279977e-02
 -8.3132215e-02
  1.0486983e-02
  1.1932231e-02
  3.7491158e-01
  6.8881594e-02
 -1.9490092e-01
  1.1997955e-02
 -1.1086793e-01
 -2.6544729e-02
  3.3749098e-01
 -5.7149187e-02
  7.1974918e-02
 -7.6709799e-02
  8.7982811e-02
 -2.2522090e-02
 -5.0463129e-02
 -2.9331472e-02
 -2.6491708e-01
 -2.6319972e-01
  5.5452353e-01
  1.1459467e+00
  6.0294902e-01
 -1.7625421e-01
  7.0026881e-01
  4.9469110e-01
 -3.2202327e-01
 -6.9288991e-02
 -1.6338010e+00
  8.5533440e-01
 -4.4381669e-01
  1.5914172e-01
  1.2262127e-01
 -6.3116395e-01
 -1.3685757e+00
  2.4093746e-01
 -1.3000140e+00
  2.9856033e+00
  4.2172876e-01
  1.0587037e-02
  3.6440377e+00
  9.9693626e-02
 -1.5746264e-01
  3.8495451e-01
  1.1107664e+00
 -1.7568828e+00
 -3.1004810e-01
  1.2606560e-01
  9.4164915e-02
 -4.4672000e-01
  2.7348694e-01
 -1.3160321e-02
  1.4672391e+00
  3.2610986e-01
  7.4159515e-01
  3.4674757e+00
 -2.9574928e-01
  1.2552366e+00
  4.1934574e-01
  3.6736673e-01
  1.4363120e+00
  1.5162398e-02
 -2.3787376e-01
  6.9920942e-02
 -8.5403764e-01
  2.3164620e-01
 -3.5347247e-01
 -1.4069395e+00
 -4.3598220e-01
 -1.3628651e+00
 -1.1997879e+00
  6.3278502e-01
 -9.7543603e-01
 -2.5224307e+00
  8.4048569e-01
 -6.4885229e-02
 -1.5266353e-01
  1.7929108e+00
  5.0391853e-01
  2.2206519e+00
 -2.2257112e-01
  5.7655442e-01
 -2.8645828e-01
  1.1769307e+00
 -4.7711679e-01
  8.2372969e-01
  1.5789491e-01
 -5.1583260e-02
 -1.9548541e+00
 -1.0549295e-01
  9.5903106e-02
  3.5191184e-01
 -1.1656310e-01
 -7.5339699e-01
 -4.1773927e-01
  1.4472060e+00
  2.2412474e+00
  1.5016398e+00
  1.4336584e-02
 -1.8075573e-01
  2.3245788e+00
  8.8460229e-02
  4.7529846e-01
  3.7605652e-01
  1.0666777e+00
  1.8397757e+00
  7.0038378e-01
 -2.4227205e-01
  9.5477693e-02
  2.2599198e-01
  2.6169184e-01
 -1.5591379e-01
  3.6218837e-01
  1.0621848e-01
 -2.9428804e-01
 -7.8580007e-02
 -1.0111683e-01
  5.3980220e-02
  7.7691299e-01
  1.9056481e+00
  3.6753824e-01
 -6.3348696e-02
 -2.2828208e-01
  4.2291522e-02
 -4.4934496e-01
  5.2217942e-01
  9.8114276e-01
  6.2092710e-01
 -1.0328820e-01
  2.2497183e-02
  2.5199645e+00
  4.9834171e-01
  5.2231587e-02
 -6.7274952e-01
 -3.3184949e-01
  9.0681088e-01
  2.1209388e+00
 -1.5761095e-01
 -5.0509300e-02
 -1.2926236e-01
  5.9070460e-02
  2.1964480e-01
 -3.8858399e-02
  9.7078525e-02
  6.2950579e-03
 -8.3528638e-02
 -9.9481987e-03
  1.5877556e-02
  1.2870575e-01
  2.0177573e-02
  3.1707980e-02
 -2.0867166e-01
  1.5947922e-01
 -1.5111876e-01
 -1.8572892e-01
 -1.2301339e-01
  5.9586305e-02
 -3.1694304e-03
  4.7597587e-02
 -2.2137398e-01
 -2.6079740e-02
 -2.9449001e-01
  3.8876370e-01
 -2.4267800e-01
 -2.5320220e-01
  9.7989470e-02
  5.5250328e-02
 -1.1289200e+00
 -8.8953924e-01
 -7.8586273e-02
 -3.4583333e-01
 -2.5344972e-02
 -2.4959037e+00
  4.0022120e-01
 -1.4553107e+00
 -1.2664107e+00
  2.8634235e-01
 -4.0470231e-01
 -6.7437583e-01
 -1.7083344e-01
  8.5944273e-02
 -2.2044940e+00
 -1.6859531e-02
  1.2380247e-01
  7.7914262e-01
 -3.3032766e-03
  3.3914357e-02
 -1.9750012e-01
  5.5792534e-01
  1.2627959e-01
  9.6750104e-01
  2.2595698e-01
 -4.7139162e-01
  5.8282644e-01
  6.7515677e-01
  7.0960027e-01
 -1.2065235e-01
 -3.8255405e-02
  1.1821862e+00
  3.0871942e+00
  5.6223798e-01
  7.5787681e-01
  1.1629257e+00
  1.3623732e-01
  2.8908515e-01
 -2.3673771e-01
  3.7304232e-01
 -1.0571517e-01
 -2.0005350e+00
  5.5937254e-01
 -2.9216379e-01
  3.7621975e-01
 -3.2005161e-02
  8.5949138e-02
 -1.6155083e-01
 -5.8864987e-01
 -5.5666417e-02
 -1.9978141e+00
  1.3170063e-01
 -6.8332952e-01
 -4.2124444e-01
  1.1854162e+00
  1.3363351e+00
  3.7260005e+00
  8.9424759e-01
  3.4299460e-01
  1.7619067e+00
  1.6093609e+00
  2.0547361e+00
  8.0426443e-01
 -8.3886003e-01
 -1.0277574e-01
  1.4408299e-01
  4.1992480e-01
  1.4936560e-01
  1.5386885e+00
 -9.5677808e-02
  5.2970409e-01
  2.0264234e-01
 -2.4151616e-01
  4.4066194e-01
  2.1402426e-01
 -2.3644540e-02
 -4.3833321e-01
  3.4309003e-01
  1.3499568e-01
 -1.3751568e-01
  5.5891789e-02
 -1.5211961e-01
  3.8095027e-01
 -2.6311311e-01
 -5.9075010e-01
 -8.8707483e-01
  1.3254415e+00
  1.4830084e-01
 -9.0803170e-01
  8.8834441e-01
 -7.2161776e-01
  2.6225030e-01
  7.7786499e-01
  7.4588418e-01
 -2.4606980e-02
  9.4264917e-02
  8.7500739e-01
 -2.0124021e-01
  3.1050184e-01
 -3.9118919e-01
 -1.1463572e-01
  1.4533373e+00
 -9.4517249e-01
 -6.3751668e-01
 -2.4772318e-02
 -8.3956353e-02
 -9.7013837e-01
  8.5831338e-01
 -1.7491011e-02
  1.8012917e-01
 -1.2145880e+00
  4.5514905e-01
  3.6211323e-02
  1.6569310e+00
  5.6364577e-02
  9.0736166e-02
 -6.4180009e-02
 -2.0913873e-02
  6.1968789e-03
  4.9124885e-02
 -1.6230379e-01
  1.3935558e-02
  1.4943369e-02
 -6.7131922e-02
 -1.1791524e-01
  1.2026165e-01
  3.1934228e-02
 -3.1971391e-02
 -1.6278423e-01
  9.8279849e-02
 -1.1425376e-01
 -1.6830094e-01
 -9.3539983e-02
 -8.1005529e-02
  1.6007769e-01
 -7.0237130e-02
 -1.3649008e-02
 -1.2833394e-01
 -1.0083282e+00
 -3.8193026e-01
 -5.6928128e-01
 -1.3030927e+00
 -1.6666552e+00
 -3.2818782e-01
 -5.9864575e-01
 -5.2552193e-01
  5.4368174e-01
  1.6453037e-01
  4.0250990e-01
 -2.3824358e+00
 -1.2573203e+00
  1.6190426e+00
  2.2835484e-01
  4.1090277e-01
  1.1826645e+00
 -1.1304698e-01
  4.0348224e-02
  9.9543206e-02
 -2.4418349e+00
 -3.7816256e-02
 -3.2501578e-01
 -1.1420058e+00
 -2.1857319e+00
 -1.7682289e+00
 -6.3215321e-01
 -6.0068858e-01
 -6.4321274e-01
 -3.1621182e-01
  9.8468173e-01
 -3.6966339e-01
  9.3564522e-01
  1.7525966e-01
  1.6569699e-01
 -3.9017446e+00
  2.9421219e-01
  6.1688071e-01
  8.0021971e-01
  9.2150086e-01
  7.4241358e-01
  1.8008313e+00
  1.3120772e+00
  5.9973246e-01
  1.7028587e-01
 -5.4749584e-01
  2.3735675e-01
 -1.5229580e+00
  2.2595724e-01
 -1.3106041e-01
  3.2441881e+00
 -4.0396503e-01
 -4.2127299e-01
  9.3955189e-02
 -5.4869765e-01
 -1.1076735e+00
 -6.4292192e-01
  7.1603015e-02
  8.2397729e-01
 -9.4401408e-03
  6.7974550e-01
  1.9553385e+00
  3.5930511e-01
  9.9282287e-02
 -9.2303425e-02
 -5.7614732e-01
  3.9629154e-02
  6.0606271e-01
  3.2277471e-01
  3.0428728e-01
 -2.9073483e-01
  1.9789537e+00
 -2.8494394e-01
 -2.4689965e-01
  2.3866696e+00
  1.9720271e-01
  4.2060053e-01
 -7.2802955e-01
 -2.3360026e-01
  7.8643674e-01
  3.0997580e-01
  5.2895504e-01
 -1.5292250e-01
  9.0555739e-01
  8.5650003e-01
 -7.8399867e-02
 -5.7571564e-02
 -4.0728098e-01
 -1.4304267e-01
 -1.2550003e-02
  3.6981246e-01
 -4.8389572e-01
 -4.7708866e-01
  6.9580972e-04
  3.7341230e-02
  6.4114314e-01
 -2.8609706e-02
  4.1549322e-01
 -1.9040075e-01
  1.0675602e+00
 -1.1643556e+00
  8.0284789e-02
  4.5275092e-01
 -7.3113096e-01
  1.3522450e+00
 -7.9032153e-01
 -4.7056913e-01
  4.4489309e-01
  6.0465965e-02
 -5.0918221e-01
  2.7412444e-01
 -2.0785122e-01
  2.4838686e-01
 -7.8560859e-03
 -2.9441285e-01
  1.4621589e-01
 -7.8658766e-01
  2.5880498e-01
  2.0265436e-01
  2.7986628e-01
  1.1578473e-01
  1.9447319e-02
  1.4561945e-01
  7.0921616e-03
 -3.7880482e-03
  8.5763521e-02
  8.3206438e-02
 -4.1960269e-02
  2.7521437e-01
  5.6215737e-02
 -2.0947363e-02
  7.7491105e-02
  6.5279536e-02
 -8.3921447e-02
 -5.9461202e-02
 -1.8329448e-01
 -2.3320451e-02
 -4.0882252e-02
  1.3193922e-01
  1.1576701e-02
  5.7313014e-02
 -2.5098087e-02
 -2.2725368e-02
  5.0082501e-02
 -1.9952717e-01
 -7.1523249e-01
 -1.0644381e+00
 -1.5902596e+00
 -6.9086373e-01
 -7.1067214e-01
 -8.2879078e-01
 -1.4467394e+00
 -1.2536708e-01
 -5.5137902e-02
  3.0138053e-02
 -1.2834598e+00
  7.7023655e-03
  7.7023655e-03
  7.7023655e-03
  7.7023655e-03
  7.7023655e-03
  5.6446858e-02
  5.6446858e-02
  5.6446858e-02
  5.6446858e-02
  5.6446858e-02
  2.9690206e-02
  2.9690206e-02
  2.9690206e-02
  2.9690206e-02
  2.9690206e-02
  1.8493595e-02
  1.8493595e-02
  1.8493595e-02
  1.8493595e-02
  1.8493595e-02
  9.6917534e-03
  9.6917534e-03
  9.6917534e-03
  9.6917534e-03
  9.6917534e-03
  1.8933661e-02
  1.8933661e-02
  1.8933661e-02
  1.8933661e-02
  1.8933661e-02
