nep4 9 Zr Ti Nb Ta Hf Mo V W C 
cutoff 8 4 252 33
n_max 4 4
basis_size 12 12
l_max 4 2 0
ANN 50 0
 -2.1598129e+00
  8.5293543e-01
  3.7025511e+00
  7.2829068e-01
 -7.0654744e-01
 -1.6154754e-01
  2.7902204e-01
 -1.0443789e+00
 -9.5542841e+00
  5.0874911e-03
  2.8389418e-01
  1.1231853e+00
  5.6921971e-01
  1.6218064e+00
 -3.0849874e+00
  5.1208850e-02
  4.2767959e+00
 -3.1071335e-02
 -4.3233816e-02
  4.6697557e-01
 -7.8995973e-01
  7.3294407e-01
  3.0806810e-01
 -5.7808781e-01
  2.6763127e+00
  6.5317607e-01
  7.1358114e-01
  8.4026724e-01
  4.1453061e-01
  6.8589050e-01
  2.1729646e+00
  2.2695947e-01
  6.0994506e-01
  3.4778076e-01
 -4.3492085e-01
 -4.2749596e-01
 -2.2954841e-01
 -9.2590559e-01
 -5.5000082e-02
  1.6895619e-01
 -2.2157218e+00
  7.4387193e-01
  7.2852069e-01
 -4.7928602e-02
  1.8650070e+00
  1.2788680e+00
  1.4311683e+00
  2.0287476e+00
 -6.0085458e-01
  1.3655964e-01
 -9.0675879e-01
 -4.1079068e-01
  4.6033816e+00
 -1.4379644e+00
  2.1653347e-01
  3.8929728e-01
  9.4911462e-01
 -9.6980929e-01
  2.3227021e-01
  8.0242884e-01
  8.2658732e-01
 -1.4149806e-01
 -9.7521871e-01
 -1.9304705e+00
 -1.6583550e+00
  1.2798325e+00
  1.2901634e-01
  2.2916046e-01
  5.7968110e-01
  1.6776341e-01
  6.0211283e-01
 -2.6844982e-02
 -5.1589948e-01
  1.6668858e-03
  2.6262552e-01
  1.5619323e+00
 -2.9898673e-01
  3.3440828e-02
  3.0757725e-01
 -1.0103372e+00
 -1.0185679e+00
 -5.7248276e-01
 -1.4813883e+00
  8.1109628e-02
 -1.0024406e-01
  1.9844292e-01
 -3.6656019e-01
 -3.1628506e+00
  2.9799610e-01
  1.2495018e+00
 -1.7102587e+00
  8.2713366e-01
 -1.0944896e+00
 -7.8982335e-01
  2.8249745e+00
 -1.2909644e+00
 -2.9989278e-01
  1.4208853e-01
  5.4009587e-01
  9.8573118e-01
 -8.7429684e-01
 -5.7925975e-01
  8.8018024e-01
 -9.4645286e-01
  5.8877730e-01
 -2.8116431e+00
 -3.2795739e+00
 -5.2259129e-01
  7.4528497e-01
 -4.5548728e-01
 -2.3826051e+00
  6.9453216e-01
 -1.6512272e-01
  4.6078879e-01
 -2.8037924e-01
 -4.3184376e-01
  1.5442948e+00
  7.9813778e-02
 -2.0916390e+00
  1.1051656e-01
 -8.6139876e-01
  2.5966412e-01
 -1.5387381e+00
 -6.0815829e-01
 -1.2317950e-01
  4.0710175e-01
 -3.5148340e-01
 -1.6357229e+00
 -1.0065645e-01
 -1.2289925e+00
 -1.7145512e-01
  2.8103128e-01
 -3.5492408e-01
 -1.2904178e+00
 -9.0411407e-01
  9.2587578e-01
 -6.2370741e-01
  1.7360371e-01
 -3.4097463e-01
 -2.0030333e-01
 -8.3319172e-02
 -4.3687755e-01
 -3.8647556e+00
 -4.7886457e+00
  8.3065593e-01
 -6.3025136e+00
  3.0534086e+00
 -5.5309106e-02
 -3.4021556e-01
  3.0327249e-01
 -5.4759979e-01
  6.0533524e-01
  6.3143861e-01
 -2.8539002e-01
  1.3607973e-01
 -1.2883902e-01
  2.6207099e+00
  5.2684605e-01
 -1.7865217e-01
  3.8916230e-01
  5.2097764e-02
 -2.8661379e-01
 -2.6287144e-01
  2.0112861e-02
  6.0418469e-01
  5.9813344e-01
 -8.5886180e-01
 -4.1706616e-01
 -1.5595230e+00
  7.2583485e-01
  1.8787259e-01
 -1.3105838e-01
  1.2684662e+00
  4.6983486e-01
 -4.8887658e-01
 -9.9708522e-03
  7.1262255e-02
 -9.6004462e-01
  5.2304044e-02
 -3.3549714e-01
 -1.7539750e+00
 -1.6189036e+00
  2.9568720e-01
 -2.7981689e+00
  1.8101525e+00
  2.7084589e+00
  1.5337254e+00
  8.6288178e-01
  8.0995552e-02
  6.8000543e-01
 -9.1539599e-02
 -2.2018781e+00
  7.2228849e-02
  5.0018325e-02
  3.4477446e-02
  1.3688860e+00
  1.8426071e-01
 -2.5577325e-01
  1.8454359e-01
  1.8141843e+00
 -1.8599199e-01
  2.7584692e-02
 -1.1788501e+00
  3.1234092e-01
 -1.8326117e-01
 -8.4733635e-01
  2.6348889e-02
  1.9628296e+00
 -1.1236119e+00
 -1.8610650e+00
  2.0992980e+00
 -2.5411236e+00
 -4.2081603e-01
  4.9497551e-01
 -2.6115152e-01
  5.5650330e-01
 -2.0517411e+00
  2.1757691e-01
 -7.0882154e-01
  1.3818756e-01
 -1.1161524e+00
  7.7607371e-03
  1.0978080e+00
  9.3088254e-02
 -5.2142310e-01
 -1.3213903e-01
 -1.4376792e+00
 -1.6236223e-01
  2.0429334e-01
  1.6156033e+00
 -3.7456906e-01
 -7.1544737e-02
 -7.2465014e-01
  1.5835848e+00
 -2.5932044e-01
  8.1774884e-01
  3.2488808e-01
  1.2789106e+00
 -1.4473520e-01
 -5.7658648e-01
 -5.0001341e-01
  9.4583392e-02
 -7.3135149e-01
 -5.5768579e-01
  3.5488896e+00
  1.8008687e+00
 -8.7242532e-01
 -9.8693591e-01
 -2.5606761e+00
 -1.8150564e+00
  1.3915193e+00
 -1.4250776e-01
 -1.2166092e+00
  1.7875153e+00
  1.8127726e+00
  1.0245441e+00
 -6.0475343e-01
  2.5345004e-01
 -3.1303799e-01
 -1.0628943e-01
  2.6926562e-01
 -7.3383063e-01
  1.1676491e+00
 -4.6997198e-01
  1.8760129e+00
 -1.5799075e+00
  1.7692678e+00
 -8.9624041e-01
 -5.8343560e-01
 -1.5833193e-01
 -3.3544514e-01
  2.4269953e-01
 -6.9317502e-01
 -2.8278092e-01
  5.0831097e-01
 -2.6860561e+00
 -7.4944240e-01
  8.4171575e-01
 -2.1630075e+00
  4.0285516e-01
 -1.0956652e+00
  1.0216737e+00
 -6.2684798e-01
  1.9530317e+00
  3.8045275e-01
 -2.1540766e+00
  2.8551760e+00
  8.7170970e-01
 -1.1368878e+00
 -7.4000144e-01
  1.5971009e-01
  1.1419156e+00
  5.5233937e-02
  2.0774498e+00
  1.2528163e-01
  1.3107420e+00
 -7.5825053e-01
  2.5552464e-01
  5.0752300e-01
  3.0723426e-02
 -3.9392078e+00
  8.9986309e-02
 -2.4738821e-01
  5.6147609e+00
  3.8889909e-01
  4.9729276e-02
 -9.8861063e-01
  5.7620406e-01
  6.5186363e-01
  2.5823137e-01
 -3.9674282e+00
 -2.9041532e-01
  2.4835904e+00
 -6.4749956e-02
  1.9850841e-01
  8.2010007e-01
  7.3981434e-01
  2.1997721e+00
  4.3097801e+00
 -7.3336500e-01
 -3.0530533e-01
  7.8399330e-01
  7.4792080e-02
 -5.6461507e-01
 -4.3798736e-01
 -1.0443077e+00
  7.4103691e-02
  1.4528744e-01
  8.0743116e-01
  5.4757065e-01
 -1.0934404e+00
 -8.5153828e+00
  5.3288764e-01
 -1.1276944e+00
 -2.1973944e+00
  1.9152857e-01
  1.3591267e-01
  2.3863681e-01
 -1.3653174e-01
 -8.8026911e-01
  4.2004612e-01
  8.6724770e-01
  1.1073484e-01
  1.1116365e-02
  5.2393740e-01
 -3.7924829e-01
 -3.4822094e-01
  5.1459533e-01
  5.6495428e-01
 -7.9197872e-01
  1.3232703e+00
  5.2941179e-01
 -9.5833890e-02
 -8.5984981e-01
 -2.2833445e+00
  2.8248960e-01
  5.9606541e-02
  2.2078300e+00
  8.1591892e-01
  7.2641277e-01
 -7.1619453e+00
  9.7263122e-01
 -5.9915960e-01
  1.3225511e+00
 -1.0348867e+00
 -9.1883576e-01
  2.8593535e+00
 -9.8917830e-01
  5.4806876e-01
  1.2752573e+00
  2.8454280e-01
 -1.2036368e+00
 -1.6329675e+00
 -2.1739298e-01
  7.2730398e-01
 -4.0321505e-01
  1.1736350e-01
  1.4878957e+00
  3.4148123e-02
  3.1661388e-01
  1.5467367e+00
 -2.9562357e-01
  3.2759425e-01
  1.0693719e+00
  3.4072185e-01
  9.2868900e-01
 -7.2368008e-01
  4.4679701e-01
 -3.4861690e-01
 -9.1026938e-01
  1.9169518e-01
 -5.4057378e-01
  3.9269304e-01
 -8.1114942e-01
 -8.1984627e-01
 -1.5837428e-01
  1.5133486e+00
  1.1498188e+00
 -1.1103166e+00
 -4.0728617e-03
 -2.2927503e-01
  2.7814426e+00
  4.2257900e+00
  3.0289251e-01
 -7.7908707e-01
  3.3792734e-01
  1.1412420e+00
 -1.3270185e+00
 -1.4454565e+00
 -1.2543722e+00
  1.5510359e+00
 -3.3194008e+00
 -1.1886134e+00
  2.7016284e+00
 -2.3616636e+00
 -1.0987371e-03
  1.8652442e+00
  8.5652101e-01
 -1.3605384e+00
  1.0275906e+00
 -3.5225208e+00
  2.5509217e-01
  1.0449485e+00
  7.4763823e-01
 -2.9892260e-01
 -7.2882468e-01
  6.4629954e-01
  1.3007238e+00
  7.2898078e-01
  7.8710425e-01
 -1.0184116e+00
  6.4034438e-01
 -1.6717296e+00
 -2.0770332e-01
  1.6946739e+00
  3.0048043e-01
  2.7527183e-01
 -3.9601729e+00
 -6.7753828e-01
 -3.1701005e+00
 -2.0867607e-01
 -5.7394940e-01
  3.4506586e-01
  2.2679513e+00
 -5.5859286e-01
 -2.9336045e+00
  3.8080201e-01
  1.0402206e+00
  1.3224043e-01
 -1.0609280e-01
  3.2315665e-01
 -1.0492333e+00
  4.3911961e-01
 -3.3230668e-01
 -2.6227975e-02
 -1.0450042e+00
 -3.3619668e+00
 -5.2260327e-01
 -3.6804109e+00
  8.8729903e-02
 -9.7813016e-01
 -2.3276067e+00
  6.3340753e-01
 -9.8468471e-01
  1.9765865e-02
 -3.8355568e-01
  9.6857959e-01
 -2.0899391e-01
 -3.0669580e+00
  4.5914409e-01
 -1.2498071e+00
  3.0861950e-01
  4.1606113e-01
 -1.1967359e-01
  3.4704735e-03
 -7.0681578e-01
  5.5993938e-01
  6.9001526e-02
  1.6180688e+00
  8.1237346e-02
 -5.5748349e-01
  1.3597945e+00
  1.4366422e+00
 -1.2061026e+00
 -2.2678252e-01
  2.1167309e+00
 -1.7713680e+00
  2.1825504e+00
 -4.5804146e-01
  1.1122220e+00
  4.6167624e-01
  3.8504267e-01
  1.1579361e+00
 -2.5223460e+00
  3.7403781e-02
 -1.5036571e+00
 -1.6379046e+00
 -2.1009510e+00
  2.5732702e-01
 -2.3937840e+00
 -2.4392772e+00
 -4.3218607e-01
 -5.6158552e+00
  3.9911580e+00
 -7.0196372e-01
 -8.5067028e-01
  6.5695930e-01
 -1.4496669e-01
  1.4866796e-01
 -4.4122495e-02
  3.9212787e-01
  1.6155206e+00
  7.8399038e-01
 -4.0849084e-01
  1.5603333e-02
 -9.3457894e-03
 -1.9526434e-01
 -3.3871386e+00
  2.2942831e-01
 -5.3478765e-01
 -7.1164161e-02
  4.6166036e-01
 -4.9608847e-01
  1.4237303e+00
 -8.9926027e-02
 -8.2073265e-01
 -2.8815016e-01
  1.0749936e-01
  6.5268576e-01
  7.3141509e-01
 -2.1385050e-01
  2.2646178e-01
  3.8454396e-01
 -1.4386195e+00
 -2.2170994e-01
 -1.5757762e-01
  3.5154190e+00
  6.1202013e-01
  7.8123111e-01
  9.4007689e-01
 -2.4464304e+00
 -1.1318117e-02
 -1.4739721e-01
  4.5203638e-01
 -1.2983469e+00
 -3.5522163e-01
  7.7498657e-01
  1.3620734e-01
 -1.9202574e-01
  8.2842422e-01
 -1.6316111e-01
 -9.5641166e-03
  7.0005608e-01
  3.4835643e-01
  7.0457619e-01
 -5.9599030e-01
  1.9283345e-01
 -2.0858831e+00
  1.2471390e+00
  5.0756478e-01
 -1.0138412e+00
 -1.0561885e+00
  1.2076492e+00
 -2.6554871e-01
 -1.1121861e+00
  9.7844523e-01
  5.4435003e-01
  1.7312196e+00
  3.7621501e-01
  1.0617758e+00
 -3.0911491e+00
  1.5595502e+00
  2.3740542e+00
  5.5126089e-01
  1.7054716e+00
  2.9227551e-02
 -1.3235967e+00
 -3.7118837e-01
  6.5581930e-01
  1.0514573e+00
  1.2377205e+00
 -2.7661258e-01
  7.4751598e-01
 -2.9527352e+00
 -2.5094268e-01
 -2.6030049e-01
 -7.3850036e-01
 -1.1242483e+00
 -1.6513755e+00
 -4.7794548e-01
  5.5317879e-01
 -3.4555919e+00
 -1.2908536e+00
  5.1731545e-01
  1.7414305e-01
  2.3648772e+00
  5.2455276e-01
  8.7752467e-01
 -3.6151782e-01
 -3.9244965e-02
 -1.9707993e+00
 -1.9563152e-01
 -9.7993851e-01
 -9.0324569e-01
  5.9351826e-01
 -2.2709435e-01
  6.5383506e-01
  3.6457717e-01
 -1.1097012e+00
 -9.3564039e-01
  4.8285797e-01
 -1.0405550e+00
  7.2883594e-01
  2.2151971e+00
 -7.9112256e-01
  4.1967443e-01
  1.0120385e+00
 -7.2764802e-01
 -7.3997766e-02
  2.9126814e-01
 -3.9105874e-01
 -3.7136009e-01
  8.4570639e-02
  8.0857188e-01
  9.3303546e-02
  5.8571082e-01
  1.1607744e+00
 -6.1380011e-01
  4.5692435e-01
  7.7641375e-02
 -1.7667249e+00
 -2.1377501e+00
 -8.9330816e-01
  4.5230675e+00
  2.5069186e-01
 -2.6446042e+00
 -1.7420988e-01
  4.3172045e+00
  1.3765932e+00
  5.5833411e-01
 -7.2217059e-01
  4.4561547e-01
  5.1112223e-01
 -1.1306672e+00
  3.1168904e+00
  4.1663799e-01
  4.8083076e-01
 -1.9334066e+00
 -5.3752627e+00
 -1.8136369e+00
 -1.3925031e+00
 -1.9324632e-01
 -1.6670368e+00
 -8.8824177e-01
 -4.8526311e-01
 -5.8179873e-01
 -2.8849739e-01
 -1.4438707e+00
 -1.2212564e+00
  2.6291528e-01
  1.4401852e+00
  1.7153275e+00
 -3.3380026e-01
  1.3640349e+00
 -1.4424797e+00
  1.8767618e-01
  3.8153657e-01
 -2.3831989e-01
  1.3062286e+00
  2.4341926e-01
  2.1707559e-01
  3.6298627e-01
 -3.9519918e-01
  5.6620204e-01
 -1.4195490e-01
 -4.0477566e-02
  2.1974988e-01
  8.7229669e-01
  4.3965098e-01
 -1.4124835e+00
 -4.5516723e-01
  1.1385911e-01
  9.2190027e-02
 -2.4311385e-01
  2.4872661e+00
 -9.6208972e-01
  7.6273388e-01
 -4.7068700e-01
  3.4605998e-01
 -1.6843982e-01
 -7.2582769e-01
  1.8685669e+00
 -2.5421362e+00
 -1.6619638e-01
 -1.2040490e+00
  2.0582330e-01
  2.0219477e-02
 -9.9205226e-02
  1.3620788e+00
 -7.6564562e-01
 -1.9658086e+00
 -1.4779943e-01
 -7.6304579e-01
 -1.4279431e-01
 -8.6902225e-01
 -2.6468560e-01
  1.0921761e-01
  1.2565678e-01
 -3.1903837e+00
 -7.1423745e-01
  1.0634075e+00
 -6.3542235e-01
 -1.6238642e-01
 -2.6439872e+00
  3.3340105e-01
  1.5028661e-01
 -9.0425439e-02
  6.3085091e-01
 -6.0858381e-01
 -1.1028483e+00
 -1.3688570e+00
  3.6408421e-01
 -2.5235102e+00
 -9.9369067e-01
  2.2690456e-01
 -4.2364106e+00
  2.1750093e+00
  7.3904926e-01
  1.1545519e+00
 -1.1431812e+00
 -1.6518886e-01
  9.6885854e-01
  9.6946520e-01
 -1.0141532e+00
 -9.2841530e-01
  1.5179715e+00
  3.0394891e-01
  3.6450142e-01
 -1.7288300e+00
 -5.7911956e-01
  3.2793814e-01
 -1.4686316e+00
  6.6115260e-01
 -1.5197340e+00
 -5.7749435e-02
 -2.5077265e-02
  9.3650901e-01
 -4.2574264e-02
  1.3935888e+00
 -4.0231824e-01
  1.9045487e-02
 -1.5149152e+00
  1.2920004e+00
 -1.7773752e+00
  2.1388383e-01
 -1.5105846e+00
 -1.9632962e-01
 -1.0933890e-01
  4.1417921e-01
  8.5991643e-02
  6.1196542e-01
 -7.8648192e-01
  1.5212859e+00
  1.4968094e-01
 -7.9106122e-02
  3.6568540e-01
  1.8403081e+00
 -1.5335971e-01
  6.9620138e-01
  2.2044502e-01
 -8.7702280e-01
  3.0954206e-01
 -4.6631879e-01
  2.2814376e+00
 -1.4081256e+00
  9.4750667e-01
 -1.1000780e+00
 -1.2070468e-01
 -1.4465873e+00
 -4.0265687e-02
 -7.4646258e-01
  3.3967909e-01
  5.5039942e-01
 -4.2583257e-01
  9.4974530e-01
  2.2425184e+00
 -4.2586449e-01
  2.4746263e+00
  5.5302802e-02
 -3.5285633e-02
  2.6666353e+00
 -5.2334404e-01
  3.5170996e+00
  4.4882774e-01
 -2.0572402e+00
  1.7245492e+00
 -9.8867863e-01
  1.4056176e+00
  4.0340996e+00
 -3.3472991e+00
  1.2030486e+00
  9.9007154e-01
 -9.1838998e-01
  2.4763288e+00
 -4.6473601e-01
 -3.7399453e-01
  2.7136600e+00
 -1.7888752e+00
  4.0950829e-01
  8.2461014e-02
 -1.1083595e+00
 -1.5228708e+00
 -3.1751767e-01
 -2.8748029e-01
  2.2904389e+00
  3.1631559e-01
  8.8366741e-01
 -4.3124869e-01
 -2.9460227e-01
 -1.5594862e+00
 -2.0720416e-01
 -4.1680118e-01
 -3.5945722e-01
  1.0807311e-01
 -7.5078374e-01
 -2.1216056e+00
  6.3497669e-01
 -2.4662983e+00
 -3.1821841e-01
 -8.9441717e-01
  2.1018136e-01
  2.9912758e+00
  2.1304964e-01
 -1.2102013e+00
  1.6801666e+00
 -6.3347340e-01
  7.7885067e-01
 -2.8795418e-01
  3.5263067e-01
 -1.6973842e-02
 -1.7312518e+00
 -4.0777463e-01
 -9.9032325e-01
 -2.0340803e-01
  2.2091515e+00
  1.4698365e-01
  2.2450407e+00
  8.0651116e-01
  9.1148907e-01
 -4.9715495e-01
 -9.8582155e-01
  5.8850288e-01
  1.7648711e+00
 -1.0846405e+00
  1.4565321e+00
  3.9248583e-01
 -8.5301930e-01
  1.5939061e-01
  8.0375242e-01
 -1.0887245e+00
 -1.7893311e-01
 -1.6951568e+00
  1.9125716e-01
 -1.4840841e+00
 -1.5290304e+00
  7.9937607e-02
  9.1727686e-01
  6.9578117e-01
 -9.0115148e-01
 -5.1043433e-01
  2.1101823e-01
 -5.0558591e-01
  1.4703034e+00
  1.2045134e+00
  1.0245031e+00
 -1.4270766e+00
  2.5095201e-01
  3.9229304e-01
  1.9203906e-01
 -1.8878797e+00
  2.4158521e+00
 -7.6086342e-02
  5.6869531e-01
  7.2323358e-01
 -3.3909148e-01
  2.4518086e-01
  2.5420645e-01
 -3.8768902e-01
  3.9086955e+00
  4.0928382e-01
 -1.5741090e-01
 -5.2067918e-01
  1.4524196e+00
  1.2887927e+00
  1.0288911e+00
  1.0819204e+00
  4.1822129e-01
 -1.3048327e+00
 -8.5945016e-01
  1.2449576e-02
  1.9028604e+00
  1.5852295e+00
 -6.5562350e-01
  1.5441389e-01
 -2.1914251e-01
 -1.9583395e-01
 -4.6309173e-01
 -1.4555547e+00
  2.2644680e+00
 -7.9904616e-01
 -5.6228590e-01
  1.7599134e-01
  1.8326875e+00
  1.5674129e-02
 -3.5643973e+00
 -4.9720699e-01
 -5.7437193e-01
 -4.4071433e-01
 -1.2956172e-02
 -1.3849816e+00
 -3.3987671e-02
 -2.0085782e-01
 -2.7384484e+00
  8.9992791e-01
  7.4549258e-01
  1.5993541e-01
  1.4134426e+00
 -1.2437024e+00
 -3.3393094e-01
  2.5125799e-01
 -3.0812958e-01
  1.6395314e-01
  5.4460341e-01
 -1.4711219e-01
 -1.1083356e+00
 -9.9483418e-01
 -1.4106022e-01
 -2.9627830e-01
 -7.2016931e-01
 -9.0897679e-01
 -1.7558078e-01
 -5.8380336e-01
  1.2993175e+00
  4.2036173e-01
  3.3508909e-01
  9.4629467e-02
  1.1561722e+00
 -5.0673062e-01
  1.9832118e-01
 -7.2861600e-01
  1.4140354e-01
  2.6013702e-01
  8.0895567e-01
  1.9720841e-02
 -2.2826893e+00
 -1.7083754e-01
 -2.0864342e-01
  1.5790726e+00
  1.0068375e+00
 -4.5122974e-02
  2.7063224e+00
 -4.2971009e-01
  3.0228868e+00
 -1.8584341e+00
 -2.4667857e+00
  8.5197264e-01
 -1.3743311e-01
  6.0584259e-01
 -1.1103957e+00
 -5.3558415e-01
 -1.4230482e-01
  3.8431954e-01
  2.3600188e-01
 -2.5224628e+00
 -1.9513425e-01
 -1.5044807e+00
 -3.4242897e+00
 -6.4495057e-01
 -2.6950829e+00
 -1.5321976e+00
 -2.3162761e+00
 -2.3972127e-01
  1.5006468e+00
 -2.3054962e+00
 -6.1506081e-01
  3.7202168e-01
  1.8899419e+00
 -6.2746489e-01
  8.5469596e-02
  2.0218656e+00
 -2.1717868e+00
 -5.6870455e-01
 -2.1439006e+00
  7.8115001e-02
  2.3988008e+00
 -7.5962685e-02
  3.7976992e-01
  2.6920819e-01
 -1.6531317e+00
 -5.9327047e-02
 -1.0599889e+00
 -2.1282663e+00
  3.7994894e-01
 -2.3063080e+00
 -8.3505195e-01
 -2.3219590e+00
  4.1033921e-01
  9.1409981e-01
 -5.5954123e-01
  5.1204640e-01
  8.4230751e-01
 -2.9708156e-01
  8.4964693e-01
  8.7444746e-01
 -1.4593741e+00
  3.3260337e-01
  6.3107669e-02
 -3.8698316e-01
 -1.0224375e+00
  8.1927866e-02
 -1.4478971e-01
 -1.0581418e-01
 -5.6568176e-01
 -5.7733464e-01
  1.2764302e+00
 -4.0393299e-01
 -1.6920300e-01
  7.7083695e-01
 -5.9780562e-01
 -3.6259495e-02
 -5.5230904e-01
  2.0126190e+00
 -1.6168521e-01
  2.6449043e-01
 -3.8722178e-01
  5.8469284e-01
  1.1932125e+00
 -7.5467730e+00
  6.9712186e-01
  1.2126912e-01
  6.9913447e-02
  2.7762726e-01
 -1.3561673e+00
  8.5780174e-01
 -5.2546763e-01
  6.4597893e-01
 -3.6593397e+00
  1.1127524e+00
  9.8235583e-01
 -1.4928826e+00
  1.5602604e+00
  5.5021912e-01
 -9.8429060e-01
 -2.0045745e+00
 -4.0169516e-01
  4.0324339e-01
  4.1824839e-01
  2.8951850e-02
  9.6302456e-01
  5.2492434e-01
  8.1429023e-01
  8.9152992e-02
  2.4481010e-02
  1.1657362e+00
 -1.0543794e-01
 -1.4404279e-01
  8.8912562e-02
 -6.3307047e-01
  4.8360139e-01
 -3.9637396e-01
  7.6695539e-02
 -1.5944358e+00
 -8.0593467e-01
  1.2319023e-01
  7.0569247e-02
  6.6137207e-01
 -1.2812731e+00
 -3.9489409e-01
 -8.3627123e-01
  4.1828528e-03
  2.3200707e-01
  1.7551930e+00
 -1.2657343e+00
  1.3022615e+00
  6.7787027e-01
  2.3310652e+00
  1.0390950e+00
  8.6045653e-02
  1.7834671e+00
 -6.4578295e-01
  1.4283593e+00
 -5.7249850e-01
  4.7958043e-01
  1.4780855e+00
 -2.4620470e-01
  8.2095891e-01
 -3.2099634e-01
  1.1877486e-02
  4.4594043e-01
 -2.1146089e-01
  1.4438180e+00
 -1.0809673e+00
 -1.9975992e+00
  4.7530091e-01
  1.2804579e+00
  7.1088374e-01
  2.9325256e-01
  1.1448888e+00
  9.1476041e-01
 -1.6266526e-01
  7.7668256e-01
 -8.9204347e-01
 -6.2464607e-01
 -9.6628241e-02
  5.0090897e-01
  7.0654911e-01
  3.1191225e+00
  2.3232825e+00
 -1.9144084e+00
 -2.4837890e+00
  3.0170875e+00
  1.6557146e+00
 -1.5613991e+00
  1.5384802e+00
 -3.0228507e-02
  3.3857951e+00
  7.3979741e-01
  4.3805246e+00
 -1.5826204e+00
 -2.2186944e+00
  3.1979311e+00
  1.4826255e+00
  3.5794124e-01
 -9.8875040e-01
 -5.9687990e-01
 -3.0715725e+00
  4.7152579e-01
 -5.0123394e-01
 -4.1768163e-01
  2.4623525e-01
  1.0743880e+00
  2.7750432e-01
  1.9909922e+00
  5.4590243e-01
 -1.5403994e+00
  2.1047165e+00
  3.7457111e+00
  1.6082661e+00
 -1.0211837e-01
  3.9731350e-02
 -1.3153402e+00
  4.7893873e-01
  1.6450881e+00
  1.0320134e+00
  9.9639094e-01
  3.2197607e+00
  5.3839242e-01
  5.6763995e-01
  1.3046246e+00
  7.0867866e-01
 -2.0150664e+00
  8.7096953e-01
 -2.0180047e+00
  1.9784832e+00
 -6.8310440e-01
 -1.4103647e-01
  9.8216587e-01
  5.9499687e-01
  9.6721095e-01
 -4.3666723e-01
 -2.8844552e+00
 -1.7923948e-01
 -8.0156380e-01
  2.0325279e+00
  3.8221557e+00
  1.0752326e+00
 -1.9743145e+00
 -4.3385115e-02
  1.7017280e+00
  2.7571094e-01
  2.5086534e-01
 -1.8532110e+00
  2.8556232e+00
 -1.5386318e+00
 -2.3039165e+00
 -1.3401200e+00
 -1.3827308e+00
 -1.1220539e+00
  3.5019579e+00
  1.9117805e+00
  1.7052598e-01
  2.3432326e+00
 -2.7254922e+00
  5.8991414e-01
  1.2948967e+00
 -2.4463651e-01
 -2.4947665e+00
  1.9590810e-02
  4.6709308e-01
  9.5771268e-02
 -8.3161658e-01
  5.4288495e-01
  1.3158081e+00
 -1.6141427e+00
 -5.3551865e-01
 -1.4571511e+00
 -1.0353085e+00
  3.8797820e-01
  1.0735003e+00
 -1.4820418e+00
 -8.8852495e-01
 -1.6749294e-01
  6.3539636e-01
 -6.5720278e-01
 -2.0537202e-01
  6.9702601e-01
  2.3462389e-01
  4.0162802e-01
 -2.3508571e-02
  2.6971245e-01
 -1.8601160e+00
  3.5792738e-01
 -2.4511323e+00
  7.1088684e-01
 -5.2848160e-01
  6.2278908e-01
 -1.8078581e+00
  1.5539344e-01
  4.4182092e-01
  1.7894108e+00
  1.4816576e+00
 -7.7096629e-01
  6.8996763e-01
  3.7307099e-01
 -3.6946413e-01
 -8.8379395e-01
  9.2245424e-01
 -1.7362574e-01
  6.3746434e-01
  2.7624831e-01
 -1.6542704e-01
  7.5425482e-01
  1.7481437e-01
 -1.3222797e+00
  2.2896191e-01
 -3.4382537e-01
  1.6563841e+00
  7.0266229e-01
  6.0237586e-02
 -4.3898708e-01
  1.2736590e+00
  1.0199150e-01
  5.1921344e-01
 -2.8049323e-01
 -1.4545228e+00
 -9.1049767e-01
 -1.9969761e-01
  1.5969644e+00
 -5.2787668e-01
 -4.9066788e-01
  1.6471506e+00
  8.7034100e-01
 -3.9078450e+00
  6.8879902e-01
 -1.4337462e+00
  5.4868859e-01
 -9.4903335e-02
 -1.3116488e+00
 -1.1259384e+00
  5.7119000e-01
  1.2463888e+00
 -6.9746619e-01
 -6.0293144e-01
 -1.4776360e+00
  6.2623334e-01
 -2.4801627e-01
  1.8247750e+00
  7.8339733e-02
 -5.8941686e-01
  1.3718507e+00
  1.5230927e+00
  7.2410721e-01
  6.8661213e-01
 -5.1090455e-01
 -1.4091568e+00
  5.4344422e-01
  1.2300638e+00
  2.3980949e-02
  1.1496089e+00
  3.9796659e-01
  5.0403976e-01
 -2.2500014e-01
  9.6618134e-01
  7.4356520e-01
 -7.2456348e-01
 -4.0332603e-01
 -1.1529080e+00
 -2.4763319e-01
 -1.1910150e+00
 -1.7994584e-01
  5.2399892e-01
 -6.9178700e-01
 -4.3397248e-02
 -8.7577927e-01
  5.9576857e-01
  1.0916783e+00
  6.7918855e-01
  9.6599001e-01
  2.8483460e-02
  7.8854275e-01
 -7.4972212e-01
  3.1980607e-01
  4.0338609e-01
  7.7819014e-01
 -8.3858156e-01
  4.9040294e+00
  9.6779794e-01
 -9.3187720e-01
  7.5939476e-01
 -2.2312509e-01
 -1.0455059e+00
 -2.7909046e-01
  6.1993641e-01
  8.4385401e-01
  7.3932219e-01
 -3.1066054e-01
  4.5927310e-01
  4.9136522e-01
  7.2486877e-01
 -5.1334739e-02
  1.6986771e-01
  2.6272638e+00
 -5.8722037e-01
  3.3616757e-01
 -3.4533319e-01
  3.9821273e-01
  4.3610623e-01
 -9.1462396e-02
 -8.5106397e-01
 -1.7367941e-01
 -8.3545363e-01
  1.9214245e+00
  1.1202963e-01
 -9.0733701e-01
 -6.6067928e-01
  3.1866881e-01
 -1.1776445e-01
  1.2596220e+00
  1.2024052e+00
 -2.2996470e-02
  5.5808771e-01
 -8.4336370e-02
 -3.7359324e+00
 -1.2355328e+00
  2.3962231e+00
  1.7353721e-02
 -6.2993187e-01
  3.3791962e+00
  1.0348738e+00
  3.4922187e+00
 -9.7847566e-02
 -7.1947348e-01
  1.4235716e-02
 -2.1371327e-01
  1.7416781e+00
 -1.3477458e+00
  7.1005946e-01
  4.6241683e-01
  1.6645759e-02
 -4.5128596e-01
  1.3914478e+00
 -6.5974796e-01
  3.1532571e+00
 -7.9044628e-01
 -4.7363532e-01
  7.4281335e-01
  1.6539726e+00
  3.3234429e+00
 -9.7975796e-01
  7.8219068e-01
 -2.7030127e+00
  4.7419977e-01
  3.2223600e-01
 -2.4381227e+00
  4.5731440e+00
  1.0873742e-01
 -1.9266040e+00
 -1.6619145e+00
  9.3211734e-01
 -3.8329035e-01
  5.0825119e-02
 -1.7973876e-01
 -1.1016114e+00
  3.5442901e-01
 -5.8063455e-02
  3.0656293e-02
  9.7887152e-01
 -1.3747083e-01
 -8.0261099e-01
  2.6222005e-01
  2.6550651e-01
 -1.3593694e+00
  7.8852493e-01
  1.5974877e+00
  1.0198526e+00
 -2.8597683e-01
 -1.0288045e+00
 -1.0849807e+00
 -2.3781691e-01
 -5.8291727e-01
 -1.7530354e+00
 -6.2003517e-01
  5.2264148e-01
  4.5153832e-01
 -5.3795934e-02
 -3.7023669e-01
  4.2569047e-01
  9.4826245e-01
 -1.2167487e-01
  2.1372359e+00
  5.2902758e-01
  4.7395188e-02
 -3.4208112e+00
  1.1498818e+00
 -2.0441248e+00
 -7.1091747e-01
 -7.0382571e-01
  1.3039427e+00
 -1.4767849e+00
  1.6850392e+00
 -1.4750915e+00
  1.3508497e+00
 -6.7463654e-01
 -3.2834354e-01
 -1.0424910e+00
  4.3277806e-01
 -8.7600482e-01
  4.3884394e-01
 -3.7295085e-01
 -9.9557382e-01
  9.7710043e-02
 -3.1142848e+00
  2.7996924e+00
 -1.0792978e-01
  2.6924694e+00
 -5.1179892e-01
 -5.6217337e+00
  1.6054522e-01
  5.8347994e-01
  1.1919217e+00
 -7.6702069e-03
 -1.0456096e+00
  1.2016348e+00
 -6.6815853e-01
  1.4110593e-01
 -9.5561779e-01
  5.7142645e-01
  1.2117836e+00
  5.7637995e-01
 -7.3256642e-01
 -1.0897804e+00
 -3.7917476e-02
 -6.0752451e-01
  1.2315941e+00
 -1.2873571e-02
 -1.4725952e+00
 -8.0665159e-01
  5.6460299e-02
 -8.0234730e-01
 -2.4297744e-01
  4.3493205e-01
  3.0066025e+00
 -4.8929358e-01
  1.0589066e+00
  2.2437458e+00
 -1.4317328e-01
  6.4139909e-01
  1.0249383e+00
  1.3274024e+00
  3.0080056e-01
  1.4908403e-02
 -1.3897853e+00
 -1.6159984e+00
  1.5436283e-01
 -2.0844867e+00
  3.5125545e-01
  1.2658748e-01
  2.8702645e+00
  7.3986727e-01
  5.8098632e-01
 -4.3097013e-01
 -4.6464428e-01
 -3.5378891e-01
  4.6957612e-01
 -5.2738279e-01
 -2.0534837e+00
  9.9396688e-01
  1.4593481e+00
 -1.1311818e+00
 -7.7633783e-02
 -1.2952900e+00
 -8.3193487e-01
 -2.6006708e-01
 -1.1870730e+00
 -1.2369930e+00
 -1.9614100e+00
 -1.0792211e+00
  2.8922501e+00
  6.2892810e-02
  1.9960362e+00
  5.3519611e+00
 -4.5847946e-01
  1.7047887e+00
  6.8336791e-01
  1.2510132e+00
 -3.2897265e+00
  1.1877961e+00
  1.4738914e+00
  9.6953523e-01
  2.9038966e-01
 -8.1010675e-01
  2.6543677e-01
 -6.7172515e-01
 -8.6520237e-01
  2.1054084e+00
 -1.5736815e+00
  1.6023890e+00
  4.7759385e+00
  1.8532861e+00
  1.5834157e-01
  7.3602694e-01
 -8.4032500e-01
 -1.4893364e+00
  5.0367785e-01
  1.4156293e+00
  2.5287235e-01
 -1.0991395e+00
 -2.4395366e+00
 -1.2338983e+00
 -5.4876238e-01
 -2.8738037e-02
  3.7325987e-01
  3.8505549e+00
  2.0124984e+00
 -1.4751432e+00
 -7.9871219e-01
  1.2686334e+00
 -2.1825907e+00
 -1.0545520e+00
  4.8218614e-01
 -2.4024186e+00
 -1.9793845e+00
  1.2141742e+00
 -2.6604772e-01
  1.0866221e+00
  3.4316771e+00
 -3.8642533e-02
 -1.0319397e+00
 -1.4073981e+00
 -5.0541800e-01
 -1.6845123e-01
  1.2585001e-01
  3.1994379e+00
  8.2013786e-01
  6.2851697e-01
 -6.5814638e-01
 -5.9253865e-01
 -9.5267087e-01
  3.7973692e+00
 -7.4374020e-01
  1.3606583e+00
 -2.2053495e-01
  6.2693477e-02
  2.6708567e-01
 -6.1697251e-01
  5.3065062e-01
  8.1734341e-01
 -2.2920540e-01
 -9.1422689e-01
  1.9104310e+00
 -8.1885552e-01
  1.0991050e+00
  3.7957153e-01
 -3.9447787e-01
 -1.4799437e-01
 -1.5155025e+00
  9.4563346e-03
  7.9227549e-01
  5.9240335e-01
 -2.2436748e-01
  3.9582014e-01
 -1.4213194e+00
 -1.8274136e+00
 -2.8463167e-01
  2.0392376e-01
  3.7382570e-01
  8.3373994e-02
  1.1608056e+00
 -2.1194062e+00
 -2.1059690e+00
  2.2863069e+00
  2.0402825e+00
  6.6037256e-01
  6.6236788e-01
 -1.8311083e+00
 -1.7068213e+00
 -2.1002259e+00
  1.5906943e+00
  2.9084740e+00
 -9.5615244e-01
 -5.3006017e-01
 -6.7832881e-01
  3.0664301e+00
  1.4184582e+00
 -1.6486256e-01
 -8.2915092e-01
 -1.1723012e+00
  1.6207540e+00
  2.6706054e+00
  6.6718245e-01
  2.6213343e+00
 -4.3567104e+00
  2.5675774e+00
  1.5319093e+00
  4.7158236e-03
 -2.1733887e-02
  1.2195195e+00
  8.4911895e-01
 -3.9178851e-01
 -3.4729406e-02
 -1.0161911e+00
 -6.7894465e-01
  8.8877022e-01
  9.6175444e-01
 -1.8328524e+00
 -7.2470438e-01
 -2.9852539e-01
 -5.1509219e-01
  6.7550912e-02
  1.1672097e+00
  1.1899035e-01
  1.2356579e-01
 -2.6092374e-01
  5.0511675e+00
 -1.0277954e+00
 -9.6939772e-01
  8.5311079e-01
 -7.4891782e-01
 -8.2773939e-02
 -2.6591235e-01
 -3.0351433e-01
  1.2933181e-01
 -5.1280111e-03
  1.5826651e+00
  2.2271447e+00
  1.4398645e+00
 -1.8883106e-01
  6.4597082e-01
 -3.4228006e-01
 -1.5045269e+00
 -9.7273898e-01
 -1.0208267e+00
  5.3026718e-01
 -3.7258086e-01
 -5.5915254e-01
  1.2748505e+00
  2.1220670e+00
 -6.3820038e+00
  5.4757828e-01
 -1.1206779e+00
 -3.1296304e-01
 -1.1149320e-01
  7.1078725e-03
  4.0866894e-01
 -4.5051274e-01
 -1.5971369e-01
  3.2943010e-01
 -1.9698629e-01
 -2.0816842e-01
  2.5226349e-01
 -7.2699763e-02
  3.0202813e+00
  4.8564860e-01
  1.2341174e+00
  7.7030057e-01
 -1.3465911e+00
  7.3078769e-01
  9.7142035e-01
  3.9873970e-01
 -2.8765649e-01
 -2.0757203e+00
 -2.0472887e+00
 -1.6218864e+00
 -4.9805388e-02
  8.0595356e-01
  4.1968051e-01
  1.2450897e-01
 -3.6979258e-01
 -8.8005924e-01
  1.3451411e-01
 -2.8652474e-01
 -2.9098570e-02
  9.1518462e-01
 -1.5870495e+00
  1.1523395e+00
 -3.2093769e-01
  5.2929647e-02
 -2.8542588e+00
 -1.9236282e+00
 -2.4172083e-01
 -3.5966346e-01
 -2.3099057e-01
  6.2015351e-02
 -9.3713319e-01
 -1.6175152e-01
 -9.9472100e-01
  8.0176425e-01
  9.7469628e-01
 -1.7799592e+00
 -4.2163885e-01
  3.8416898e-01
  2.4416590e-01
 -5.8449347e-02
 -3.7260020e-01
 -4.8766080e-03
  7.3894039e-03
  2.9978880e-01
 -3.5332254e-01
 -9.7859740e-01
  8.4166908e-01
 -6.6268981e-01
 -4.3897232e-01
  2.2278093e-02
 -6.1125708e-01
 -1.7749707e-01
  1.3747967e+00
  3.1623989e-01
  4.9330428e-02
 -4.5368940e-01
 -1.1316482e+00
 -6.4360636e-01
 -7.7011549e-01
 -9.4481331e-01
 -3.5423720e-01
 -1.8420005e-01
 -1.3768580e+00
  7.9460996e-01
 -8.2225776e-01
  4.7508228e-01
 -5.4787297e-02
  9.9616283e-01
  1.0959907e+00
  6.2676340e-01
  4.7433668e-01
  4.1671565e-01
 -1.4868954e+00
 -1.4406832e+00
 -8.1960338e-01
 -1.6249296e-01
 -7.8928524e-01
 -1.5015649e+00
  2.3395658e+00
  2.6095271e+00
 -4.8130700e-01
  6.2001073e-01
 -2.1404331e+00
 -4.9638680e-01
  1.5566354e+00
  1.0339644e+00
 -3.5039917e-01
  1.2342160e+00
  5.7212025e-02
  6.0210550e-01
  2.1456323e+00
  1.3945261e+00
 -1.0490149e-01
 -1.2670027e+00
  5.3313804e-01
  1.4624916e+00
  1.3911313e-01
  5.5234026e-02
 -8.7532389e-01
  2.4886065e+00
  8.2175291e-01
 -8.6054862e-01
 -5.1165873e-01
  6.7127585e-02
  1.6801497e-01
  1.1850609e-02
  9.1140586e-01
  1.4610727e+00
 -4.0986761e-01
 -8.9851713e-01
 -3.2703975e-01
 -3.7750974e-01
 -1.2241422e+00
 -1.9934371e+00
  1.1246378e+00
  5.4760003e-01
 -2.5213721e+00
  1.4070284e-01
 -3.9599216e-01
  7.4974614e-01
 -1.5602380e+00
  2.1647567e-01
 -2.1969381e-01
 -1.5531682e+00
  3.4882399e-01
 -1.5543275e+00
  3.9376140e-01
 -3.1049135e-01
  1.3911644e+00
  1.8330755e+00
 -2.3090112e+00
  6.3022304e-01
 -1.4651120e+00
 -1.3538212e+00
  4.9781509e-02
 -2.4770312e-01
  9.5986950e-01
  2.7372036e+00
 -3.3720237e-01
 -6.6536024e-02
 -4.3462691e-01
 -3.7517183e+00
  1.2108176e+00
 -7.3067915e-01
 -1.3033718e+00
 -6.1923927e-01
 -2.1183389e-01
 -3.5228853e+00
 -2.3263495e+00
  5.2483100e-01
 -1.8646876e+00
 -4.7003719e-01
  1.7532012e+00
 -6.4687419e-01
  1.4229504e+00
 -3.7695691e-03
 -1.0532453e+00
 -5.1436931e-01
 -3.8723257e-01
 -7.8950685e-01
 -4.2765242e-01
 -2.3250569e-01
  1.5075796e+00
  4.7222388e-01
 -3.0910511e+00
 -8.6896449e-01
  2.4806111e+00
  4.0871463e+00
  1.9927467e-01
 -8.5031784e-01
 -6.7361528e-01
 -5.3667635e-01
  2.4403498e+00
  2.9557419e+00
 -1.4770737e+00
  1.2557862e+00
 -6.4997238e-01
  1.5570501e+00
  9.9998581e-01
 -2.7274403e-01
  1.8173631e+00
  3.2397669e-02
 -3.1758818e-01
 -2.5430429e-01
 -3.5845873e-01
 -1.4696531e+00
  1.0823758e+00
  2.3685350e-01
 -1.2019436e+00
 -4.1867462e-01
 -4.3227557e-02
  5.6262982e-01
 -3.8076293e-01
  3.4262173e+00
  9.3789148e-01
  3.0699334e+00
 -1.4537722e+00
  3.7590913e-02
 -4.7363460e-01
  1.7323480e+00
  2.6106133e+00
  4.7901520e-01
 -2.0017934e+00
  1.7240196e+00
  1.2506311e+00
  1.3569186e+00
  7.8767157e-01
 -2.7972276e+00
 -1.0793701e-01
 -1.0465196e-01
  2.1880162e+00
  2.2689390e+00
 -1.6800152e+00
 -5.0051165e-01
 -9.5547363e-02
 -3.9778945e+00
 -1.3994406e+00
  1.1311752e+00
  7.6821893e-02
 -5.5072606e-01
  2.2711493e-01
  1.5570527e+00
 -4.7255126e-01
 -5.4124558e-01
  3.0316434e+00
  2.9997616e+00
  2.8956590e+00
  8.6388612e-01
 -5.6836772e-01
  1.8349313e+00
  2.0109825e+00
  7.2986281e-01
  4.8912942e-01
  5.9102327e-01
  4.0037230e-01
 -9.7767109e-01
 -6.1995368e-02
  5.2402961e-01
 -6.3846099e-01
 -5.0975227e-01
 -1.5054189e+00
 -9.0119213e-01
 -8.2506621e-01
  3.3781269e-01
  1.1351960e+00
 -1.3201576e+00
  4.4569847e-01
 -2.1161664e-01
  1.8038251e-01
 -1.7840437e+00
 -1.6995680e-01
 -5.8431017e-01
 -2.9117775e-01
  9.7948611e-01
  8.9444911e-01
  9.7872865e-01
  1.5375715e+00
  2.3043225e+00
 -1.3241143e+00
 -5.3689939e-01
 -6.2045646e-01
  1.3549206e-01
  8.8781518e-01
 -2.8806263e-01
 -7.5325382e-01
 -6.9530910e-01
 -3.4299010e-01
 -4.4217187e-01
 -6.9029450e-01
 -1.5381733e+00
 -1.6504171e+00
 -1.1984154e+00
  1.5792137e+00
  8.6087030e-01
 -1.6645939e+00
 -8.8541782e-01
 -1.3074958e-01
 -8.2792825e-01
 -1.3581935e+00
  5.0138575e-01
  4.1431811e-01
  8.6366063e-01
  1.2143465e+00
 -3.6970469e-01
 -6.1428094e-01
 -8.1421572e-01
 -8.5798213e-03
 -1.0547761e+00
  5.3853440e-01
 -2.3578757e-02
  1.7954554e-01
  1.5512619e+00
 -2.2152286e+00
  3.2684840e-03
 -7.3159057e-01
  1.9611267e+00
  7.1721703e-01
  1.9975144e-01
 -4.9977046e-01
  5.1014494e-02
 -6.2716126e-01
  5.5756420e-05
 -2.8388355e+00
 -1.4985465e+00
  1.5965706e+00
  6.1640042e-01
 -1.1386207e-01
 -2.4002388e-01
 -7.3370886e-01
 -8.0164570e-01
  4.8204488e-01
  2.0287578e-01
 -4.5811900e-01
 -4.6370026e-02
 -1.1593924e+00
  5.8580625e-01
  2.6796856e+00
 -5.1968050e-01
  5.8774209e-01
 -5.4827586e-02
  7.9745777e-02
  6.8233919e-01
  4.2426360e-01
  6.4108729e-01
 -3.1434125e-01
  1.1868500e-01
 -4.1796416e-03
 -2.0860173e-02
 -3.5446316e-01
 -2.7588505e-01
  2.0007634e+00
  1.7042674e+00
  1.5250427e-01
 -2.5538120e+00
  9.7921413e-01
  1.4799818e+00
 -2.1809361e+00
  3.3592308e-01
 -8.0062765e-01
 -4.3097600e-02
 -9.7448653e-01
  1.8665521e-01
 -8.4913242e-01
  1.6296118e+00
  1.6927816e+00
  2.8550856e-02
  1.0116558e+00
 -6.9363289e-02
 -7.4702362e-03
  2.5000196e+00
 -2.7372224e+00
  1.2189138e+00
  1.4599183e+00
  2.0083249e+00
  1.7041411e+00
 -6.8715012e-01
  2.6242310e-01
  2.6146410e+00
 -1.5247990e+00
  6.5693581e-01
 -7.3280078e-01
  9.1806877e-01
  1.0381463e+00
 -6.0282874e-01
 -1.8286805e+00
  2.5947838e+00
  3.3348057e-01
  3.3779231e-01
  2.0083711e+00
 -7.5529985e-02
  6.3766323e-02
 -5.3249655e+00
 -6.7341810e-01
 -1.5352411e+00
  4.7771198e-01
  2.5932035e+00
  4.3374893e-01
  8.6114699e-01
  7.9987502e-01
 -1.2371534e+00
  9.7752815e-01
 -1.0241596e+00
  8.2237154e-02
  1.7339976e+00
  4.8089042e-01
  2.5757426e-01
 -1.1042998e-01
 -1.4587298e-02
 -2.0082171e+00
  1.3664943e-01
  1.2134653e+00
 -5.1971757e-01
  3.2015227e-02
  4.5166656e-01
  1.6869128e-02
 -8.6447436e-01
  6.1768778e-02
  1.2701955e+00
  9.6912396e-01
 -2.7656200e+00
  1.2820393e+00
 -9.3148804e-01
  1.4968406e-01
 -9.4645900e-01
  4.2211121e-01
  7.2600299e-01
 -6.1312747e-01
 -1.6238075e-01
  7.6341075e-01
  7.7846277e-01
  2.6960501e-01
  2.7458453e+00
 -1.0060799e-01
 -1.6459280e-01
 -4.0230200e-01
  4.6281275e-01
  1.5362710e-01
 -1.6880313e+00
  2.5043851e-01
 -1.3935618e-01
  2.9513064e-01
 -2.1186061e-01
 -8.8302690e-01
  1.4207630e+00
  1.2302406e+00
 -9.2911571e-01
  4.5898700e-01
  1.1443735e+00
  3.4012103e-01
 -2.6483804e-01
 -1.2597238e-01
 -9.8380423e-01
 -2.2130737e+00
  1.1484045e+00
 -9.7793251e-01
 -5.8419180e-01
  1.1692288e+00
 -2.4954386e+00
 -1.2200648e+00
 -3.3181944e-01
 -1.2948850e+00
 -7.7666879e-01
  1.3565340e+00
  1.0188776e+00
  4.0716580e-01
  5.5403717e-02
 -1.7242043e+00
 -1.3982848e+00
  3.1250370e+00
 -1.0124103e+00
  1.7194042e-01
  4.1272256e-01
 -3.1259507e-01
 -5.3980714e-01
  4.8993856e-02
 -3.3593681e-01
  3.5820150e-01
  5.1662272e-01
  1.3653104e+00
 -2.2259958e+00
  6.3695282e-01
  1.1791281e+00
 -5.4289186e-01
 -8.4627479e-01
 -2.0585284e-01
  1.4449763e-01
 -3.4997749e-01
  9.8320276e-01
  9.4908428e-01
 -5.0631769e-02
 -1.0792267e-02
  8.7657571e-01
 -2.1405743e-01
 -1.4075892e+00
 -6.4912431e-02
  8.7310219e-01
 -3.7243438e-01
 -8.0170006e-02
  2.1575001e-01
  2.2241825e-01
 -6.0747170e-01
 -3.3120120e-01
 -9.0120751e-01
  1.9385548e+00
 -1.0527556e+00
 -3.0600595e-01
 -9.5344639e-01
  9.3855047e-01
 -1.1352587e+00
 -5.4425550e-01
  5.6778455e-01
  1.3735991e+00
  1.8632793e+00
 -3.8518098e-01
  8.9183158e-01
  1.4656466e+00
  1.8763990e+00
  8.7232965e-01
  3.5988169e+00
  1.1390477e+00
  2.6299974e-01
  1.6117605e+00
 -6.1498225e-01
  2.7848494e+00
  1.7746761e+00
  5.0087279e-01
  1.4334552e+00
  4.2768332e-01
  2.5437729e+00
 -1.8389606e+00
  3.1719768e+00
 -1.0963567e-01
  4.1014278e-01
 -2.9544172e-01
  1.1146741e+00
 -5.7648271e-01
  1.4826096e+00
  2.3822141e-01
  9.9032384e-01
 -2.3548982e-01
  1.7478013e+00
  2.0669508e+00
  2.0082650e-01
 -2.4624197e+00
  9.1705948e-02
 -7.7605587e-01
  8.7232572e-01
  9.1184300e-01
 -9.8486692e-01
  3.9892290e-02
  2.5447097e-02
 -1.1810718e+00
 -5.9336102e-01
  3.8464463e-01
 -6.8408293e-01
  2.2441171e-01
 -1.9215122e+00
 -2.1733847e+00
  2.7586260e+00
  1.0669763e+00
  8.4731114e-01
 -5.4655153e-01
  8.0249333e-01
 -5.3390783e-01
  1.1145198e+00
 -1.0673518e+00
 -3.0545790e+00
  1.0084890e+00
  1.2252988e+00
 -1.7445472e+00
  1.1612085e+00
 -4.3248620e+00
  8.7398124e-01
 -1.1947957e+00
 -6.9375247e-01
  1.2137189e+00
  1.2119592e-01
  1.5899674e+00
  3.8727796e+00
 -1.8380702e-01
  3.0878069e+00
 -6.2050992e-01
  6.1585517e+00
 -1.2340330e+00
 -6.5096611e-01
 -3.3283541e-01
 -6.0420275e-01
  5.2123389e+00
  1.8806046e+00
  5.3049237e-01
 -2.5335462e+00
  1.9266027e+00
 -2.8562065e-02
  6.4892340e-01
 -1.0333689e+00
  2.3800541e-01
  1.4346509e+00
 -2.4178739e-01
  5.6340364e-03
 -1.0609876e-01
  4.6139565e-01
 -2.8182013e+00
  1.9229306e+00
 -5.4866010e-01
 -1.3677440e+00
 -1.6413426e-01
  1.8269768e-01
  1.0283483e-01
  3.4273534e+00
  5.4063761e-01
 -9.7340155e-01
 -1.4464784e+00
  3.1656525e+00
  1.0880998e+00
 -5.6895560e-01
 -2.5859914e+00
 -6.4601505e-01
  1.4957191e+00
  3.4149122e+00
 -1.8716211e+00
 -1.8306916e+00
  8.1603175e-01
  1.3142992e+00
 -5.8586079e-01
 -1.2218300e+00
  1.1886290e+00
  5.4454231e-01
 -5.4679102e-01
 -7.5858694e-01
 -5.8493428e-02
  7.1659714e-02
 -2.0854247e+00
 -4.8550346e-01
 -2.5025028e-01
  7.5750214e-01
  8.3237648e-01
  1.1794550e+00
  1.3837298e+00
 -6.8001270e-01
  2.6913473e-01
 -3.6601102e-01
  3.2160017e+00
  4.5727611e-02
  9.5458202e-02
  1.5296223e+00
  9.0974674e-02
 -7.0897132e-02
  9.7005421e-01
 -5.0749123e-01
  4.8615888e-01
 -1.6623616e-01
  1.2409364e-01
 -2.0474923e+00
 -3.3498627e-01
 -5.0821072e-01
  5.2416712e-01
  1.6804177e+00
  8.7411034e-01
 -1.7234963e-01
 -2.8644273e-02
  7.4579006e-01
  5.4758358e-01
  3.5328835e-01
 -3.5608202e-02
  9.7256613e-01
  5.7898873e-01
 -1.7234637e-01
  3.5935178e+00
  4.4007713e-01
  5.0208914e-01
 -2.8668401e-01
  4.8130932e-01
  4.0799490e-01
 -4.4252846e-01
  2.0411568e+00
 -2.9840028e-01
  2.0754059e-01
  2.0839698e+00
 -4.9521556e-01
  1.6254205e-01
  3.5845140e-01
 -6.8136793e-01
 -5.5449522e-01
 -3.5374475e+00
  1.0704567e-01
 -9.4239700e-01
 -4.0331426e-01
 -1.7899579e-01
 -4.1902387e-01
 -1.2470876e+00
 -2.6165481e+00
  2.4244739e-01
  3.0027944e-01
  5.4981011e-01
 -8.1748998e-01
 -7.3047966e-01
  1.0276423e-01
 -3.8967514e-01
  1.5177759e+00
 -1.1328243e+00
 -8.2614756e-01
 -8.7714672e-01
 -9.8403549e-01
  6.8264768e-02
  1.6056575e+00
 -2.4647846e+00
  8.6872739e-01
  4.9204922e-01
 -2.8442541e-01
  1.1392017e-01
 -9.7788882e-01
  8.6670232e-01
  1.0935318e-01
 -1.1604528e+00
 -5.4163909e-01
  4.4483364e-01
 -4.7132578e-01
 -8.2629994e-02
 -3.9352942e-01
  1.4291556e-01
 -3.5607513e-02
  1.4227405e+00
 -9.9806035e-01
  6.5200853e-01
  3.9287150e-01
 -4.1209513e-01
 -5.7792449e-01
 -5.8518761e-01
 -1.6673880e+00
  5.9006709e-01
 -2.2029415e-01
 -4.5701987e-01
 -1.8850996e+00
  3.4380663e-02
 -3.3221489e-01
  9.6685731e-01
 -5.8759534e-01
 -1.8045548e+00
 -1.5521410e+00
 -2.7000710e-01
  1.3364291e+00
 -1.3644439e+00
 -7.2057968e-01
 -3.4825113e-01
 -1.0224720e+00
  7.9165596e-01
 -6.4249837e-01
 -2.9943618e-01
 -1.6943586e-01
  5.2999520e-01
 -6.9382511e-02
 -1.6620705e-02
  3.0332372e-01
 -3.2389587e-01
  1.4047255e-01
 -7.1863562e-01
 -3.1619850e-01
  1.1713707e+00
 -1.5876571e+00
  8.5656524e-01
 -4.2201290e-01
  1.7996533e+00
 -3.2236724e+00
 -7.0932621e-01
  7.7819240e-01
  3.5381842e-01
  1.4230654e+00
 -6.6958137e-02
 -2.2580500e+00
 -3.6157167e+00
 -3.6261392e-01
 -1.7335224e+00
 -4.7894737e-01
 -3.7632138e-01
  1.7661736e+00
  6.4161229e-01
  1.3687593e+00
 -1.9991251e+00
 -2.3036566e+00
 -4.2773142e-01
 -9.3088394e-01
  1.5450464e-01
  8.0876106e-01
 -2.4065783e+00
 -7.2388762e-01
 -9.4636038e-02
  1.3017559e+00
  6.6393390e-02
 -8.6732960e-01
 -8.5159457e-01
 -1.3904111e+00
 -1.0447302e-01
 -1.4665339e+00
  5.7174683e-01
 -1.8573148e+00
 -6.9364685e-01
 -7.3149997e-01
  5.5131917e-03
  2.0384707e+00
 -2.1615524e+00
  2.1497263e-02
 -5.7736689e-01
  4.3096188e-03
  2.5286784e+00
  3.8833240e-01
  1.4484175e-02
 -1.2321324e+00
 -1.2952481e-01
  4.4126445e-01
 -3.0589545e+00
 -2.0468788e+00
  1.3436921e+00
  1.2869059e-01
  1.1322657e+00
  1.4756269e+00
  8.3784014e-01
  1.0162187e+00
  7.5421011e-01
  2.2824852e+00
  6.1672717e-01
 -1.3816577e-01
  4.6109432e-01
 -1.8514998e+00
  4.9139717e-01
 -2.0360956e+00
  1.1526271e+00
  2.1665859e+00
  1.5666502e+00
  1.1461096e+00
 -7.5403512e-01
  3.2865784e-01
  1.1225387e+00
 -1.3595514e+00
 -1.4566027e+00
 -1.6513931e+00
  3.6581650e-01
 -1.0707968e-01
  8.8097960e-01
  6.9926597e-02
 -1.9266582e+00
  2.5358712e-02
  5.3139064e-02
  5.7184494e-01
  1.2941750e+00
  5.2623615e-02
 -9.9713385e-01
 -1.7974219e-01
 -1.1573075e-01
  2.1640064e-01
 -4.1022253e-01
 -1.4710489e-01
  9.2150092e-01
 -1.5369065e+00
 -2.6242122e-02
 -1.0938134e+00
 -1.2208936e+00
  4.9100232e-01
  2.7265344e+00
  8.4486622e-01
  7.8200626e-01
  1.6282957e+00
 -1.9519816e-01
 -8.7779200e-01
 -3.3528531e-01
 -5.4136348e-01
  1.2575322e-01
 -7.3325926e-01
  8.3562827e-01
 -5.1057315e-01
 -2.4523141e+00
 -9.1049969e-01
 -1.6453096e+00
 -3.0716509e-01
 -1.3197075e-01
 -1.1393657e-01
  1.8182735e+00
  1.5868042e+00
 -2.0324533e-01
 -1.4388140e+00
 -5.0975662e-01
 -3.4231567e+00
 -1.9988158e+00
  2.2276707e-01
  5.8765674e-01
 -3.8540937e-02
 -9.6160018e-01
  4.6464637e-02
  1.4887365e+00
 -6.6246286e-02
  8.9422041e-01
  6.0104841e-01
 -1.7799529e+00
  1.5359192e+00
  6.3364065e-01
 -8.7794465e-01
 -2.2059347e-01
  4.4201821e-01
  1.6770434e+00
 -4.8806557e-01
  2.2540612e+00
  2.5099227e-01
  2.4331970e+00
 -1.4875542e+00
  7.8915507e-01
 -2.3374884e-01
 -1.8324547e+00
  1.3555063e+00
 -6.7695773e-01
 -2.0098254e-01
  2.0619450e+00
  8.6847258e-01
  8.6656457e-01
 -2.7155060e-01
  2.2595531e-01
  3.2568297e-01
  8.7671965e-01
  1.8024641e-01
 -1.0472828e+00
  1.2967365e+00
 -2.2008569e+00
 -2.3623364e+00
  1.6547003e+00
 -3.4178808e-01
 -3.2637313e-01
  4.4729337e-01
 -9.0083480e-01
  9.2320764e-01
 -2.0127296e+00
 -3.4279469e-01
 -4.0167367e-01
  3.0354851e-01
 -1.8465860e+00
  1.8125408e+00
 -1.4947172e+00
 -1.4824424e+00
 -2.3191764e+00
  2.0269580e+00
  1.0006071e+00
 -1.4578763e-01
 -3.2116137e+00
 -8.6069489e-01
  4.2580795e-01
 -5.0889337e-01
  3.1753151e+00
 -2.7701551e-01
 -2.4348505e-01
 -4.4477367e-01
 -1.6474221e+00
  1.4856461e+00
  1.1252297e+00
  2.1591277e+00
 -3.9683488e-01
 -7.9711348e-01
  1.6801653e+00
 -1.4423678e+00
 -1.1735797e+00
  7.9203002e-02
  2.3712859e-01
 -9.7059673e-01
  1.1364075e+00
 -1.4168694e+00
  1.2295368e-01
  2.7843678e+00
  1.0816203e+00
 -4.4459280e-01
  7.0571378e-02
  1.6986459e-02
  1.6900876e+00
  8.4301400e-01
 -3.8964965e+00
 -5.1195431e-01
  1.1020304e+00
 -1.0558615e-02
  1.2736423e+00
  1.8929143e+00
  2.8908265e+00
 -2.4588183e-02
 -4.8087301e+00
 -4.0451042e-02
  2.3895748e-01
  7.3579659e+00
  1.1439018e+00
  9.2123622e-01
  1.6224635e+00
  5.6678343e-01
 -5.1360399e-01
 -1.4979488e+00
 -1.7087247e-02
 -5.8719122e-01
  3.0377182e-01
 -6.5150070e-01
 -5.1520175e-01
  2.6294310e+00
 -9.5769900e-01
 -2.0905852e+00
 -2.9727094e+00
 -2.8079978e-01
  3.8594356e-01
 -3.0747168e+00
 -8.6474083e-03
 -7.5081688e-01
 -4.8064101e-01
  1.6327481e-01
  1.0574210e+00
  1.3403885e+00
 -1.8139948e+00
  1.0872741e-01
  4.4201565e-01
  2.6615211e-01
  8.6737031e-01
 -1.7789035e+00
 -1.3050865e+00
  2.6841959e-01
 -7.4360876e+00
  7.2449309e-01
 -2.5137931e-01
 -9.5067835e-01
 -4.9227932e-01
  6.3863683e-01
 -3.8291964e-01
 -1.8392922e-01
  2.2554943e-01
 -2.2264811e-01
  2.1417470e+00
 -9.6949965e-01
  2.5556214e+00
  9.4972938e-02
 -2.1751602e+00
  1.7711320e+00
  5.8076894e-01
  3.6687678e-01
  9.2029637e-01
 -2.0839739e+00
 -8.3089095e-01
  1.3009936e+00
  1.9155545e-02
  1.1560479e+00
  1.0273423e+00
  1.0469919e-03
  2.6001520e+00
 -2.0900151e-01
  2.7321038e+00
 -4.7551253e-01
  9.1300386e-01
  7.5585181e-01
 -2.4733004e-01
 -1.7659653e+00
 -1.6911862e-02
 -6.2145370e-01
 -1.9256344e+00
  6.3017166e-01
  1.4477890e+00
  1.8162990e-01
 -1.1339344e+00
  1.3920652e+00
  1.3871492e+00
  1.2608683e+00
 -1.2366046e+00
 -1.2383517e+00
 -8.9849482e+00
 -3.9936164e-01
  2.0307882e+00
 -2.9955471e-01
  3.2861933e-01
  1.4843976e+00
 -5.2889031e-01
  5.4960376e-01
  1.3064418e+00
 -3.8035281e+00
 -8.7295502e-01
 -1.3072495e+00
  8.9576882e-01
 -1.0159606e-01
 -5.4399180e-01
 -1.2504754e+00
 -2.9788754e+00
 -6.6992611e-01
  7.1407765e-01
  6.5423334e-01
  2.6096416e+00
  5.8793312e-01
 -6.9167292e-01
  1.6578300e-01
  4.6240127e-01
  1.0674160e+00
  2.8353126e+00
  1.4146404e-01
 -2.0353734e+00
 -2.5550034e+00
 -5.9635276e-01
 -8.8198280e-01
  1.9391480e-01
 -3.2739431e-01
 -6.0246295e-01
  2.5292408e-01
  6.6177726e-01
 -5.4912376e-01
 -5.2562493e-01
 -1.1956502e+00
 -2.7010839e-02
 -1.7272061e-01
 -7.1350843e-01
  3.9887625e-01
  3.2604766e-01
  3.0577958e-01
  6.6059947e-01
 -9.8818535e-01
  6.5547526e-02
 -2.6280832e-01
  4.7891772e-01
  1.8484828e-01
  3.0972573e-01
  1.4477839e-01
  2.8966680e-01
  3.6939815e-01
  3.1380755e-01
  8.2721746e-01
 -2.6680189e-01
  5.3842872e-01
  1.9603832e+00
  1.8567622e-01
  2.4980633e+00
 -4.1552177e-01
 -1.2872002e+00
 -1.0105161e-01
  1.1103682e-01
 -6.3281912e-01
  7.8993130e-01
 -1.7133312e+00
  1.3528932e-03
 -1.6354272e+00
  1.2730067e+00
 -1.9375523e+00
  2.6308926e-02
  5.7139659e-01
  3.4267095e-01
 -4.1442999e-01
  3.6653683e-01
 -1.5657315e-01
 -3.7828453e-02
  3.8737833e-02
  1.2408249e+00
 -3.2713280e+00
  3.0340078e+00
 -3.6166796e-01
 -4.1322538e-01
  2.9996669e-01
 -3.9767318e+00
  6.6089444e-05
 -1.9318032e-01
 -3.1515856e+00
 -3.0574055e+00
 -3.4967496e+00
  3.1178973e+00
 -1.2376647e+00
 -3.0389473e-01
 -2.2576375e+00
  1.4878789e+00
 -1.6187248e+00
 -1.5102684e-01
  2.9264519e+00
 -4.1557828e-01
  8.0515748e-01
  1.3668569e+00
  3.2588336e-01
  5.4304242e+00
 -1.2661906e-01
 -1.1526388e+00
 -1.2981360e+00
 -8.0626196e-01
 -4.5875385e-01
  1.8597816e-01
  2.1387808e+00
  1.9153235e+00
 -2.3158787e-01
 -1.2182626e+00
  1.0169332e+00
  4.3196726e+00
 -6.8750948e-01
 -2.3620963e+00
  1.4272268e-01
  1.5132540e+00
  3.2141814e+00
  3.1060808e+00
 -1.4640538e+00
 -6.0375690e-01
 -2.4169521e-02
  2.3831601e+00
  3.2005701e+00
 -1.1802801e+00
 -4.2885309e-01
  2.0505188e+00
 -1.4706665e+00
 -2.0136063e-01
 -7.6111817e-01
  1.8136002e+00
  1.4166448e+00
 -9.2926359e-01
 -1.0689296e-01
  4.3163567e+00
  9.1639757e-03
  3.8545492e+00
 -2.9902036e+00
  5.1521891e-01
 -3.6008197e-01
  1.6525844e-01
  1.9316614e-02
 -4.3347594e-01
  2.1356110e-01
  1.7154023e-01
 -3.0253210e+00
 -6.5234172e-01
 -5.6754583e-01
  1.9427514e+00
  1.2120411e+00
  2.0554309e-01
 -3.2897839e-01
 -7.8441495e-01
  1.0168445e-01
 -1.4488373e+00
  2.9640090e+00
 -3.0981058e-01
 -1.4986074e+00
  5.6299376e-01
 -2.2945397e-02
 -1.9999616e-01
  8.9488792e-01
  1.5444374e+00
 -7.3583812e-02
  1.6149918e+00
 -5.0187969e-01
  1.8581545e-01
 -1.2959313e-01
 -1.1454735e-01
  1.2849432e+00
  2.2741897e-01
  2.6000139e-01
 -1.0164571e+00
  2.7725679e-01
  1.7987751e+00
  2.7108893e-01
 -1.8468207e+00
  7.8148007e-01
 -1.3310332e+00
  5.8490384e-01
  4.4377935e-01
 -6.7801695e+00
 -1.0419001e-01
  4.9759829e-01
  5.3508055e-01
  2.0247793e+00
  6.3534462e-01
  1.1620131e+00
 -8.8335133e-01
  4.0301561e-02
 -2.5012088e-01
  1.4590758e-01
  4.4402719e-01
 -9.8251534e-01
 -6.7131823e-01
  1.2301148e+00
  1.5356233e+00
 -9.3763906e-01
 -1.7158531e+00
 -7.2180498e-01
  1.0741338e+00
  7.2510123e-01
 -6.0636973e-01
  8.7099664e-02
 -2.4171324e-01
  3.9163686e-02
 -3.4287864e-01
  3.1499286e+00
 -1.2784224e+00
 -7.5969452e-01
  2.1333665e-01
 -1.4588505e+00
  1.4489409e-01
  2.1320677e-01
  5.1425141e-01
 -5.7483995e-01
 -1.0039909e+00
  3.7272683e-01
 -2.0885420e+00
 -5.5085707e-01
 -3.1846905e-01
 -3.6436152e-01
 -1.4827280e+00
 -2.8406527e+00
 -5.0088990e-01
  6.4868891e-01
  4.8150873e-01
 -9.0435898e-01
  6.9527172e-02
  6.8022370e-01
 -4.3829319e-01
  1.8575066e+00
 -3.4452817e-01
 -5.9753948e-01
  2.6170230e-01
 -7.4303859e-01
  1.1386074e-01
 -4.3118691e+00
  1.4663591e+00
 -1.9323386e-01
 -4.4735038e-01
  4.8456740e-01
  3.6743984e+00
  1.2823166e+00
 -1.1232454e+00
 -2.9743269e-01
  1.0031408e+00
 -8.0760217e-01
  8.8374943e-02
 -6.1142647e-01
 -9.7189927e-01
  6.3022083e-01
 -1.0703083e+00
  5.8715796e-01
 -4.2707095e+00
  1.5769669e+00
  9.6584976e-01
  6.6335374e-01
  1.1651775e-01
 -9.7628677e-01
  4.5674804e-01
 -4.6217126e-01
  8.1034429e-02
  6.5207124e-01
  1.5254136e-02
 -2.7018607e-01
  4.7261131e-01
  4.0437013e-02
  2.2292237e+00
 -3.9549509e-01
 -1.2366501e+00
  4.6125853e-01
 -6.8950558e-01
 -7.0353901e-01
 -5.1530451e-04
 -3.2772475e-01
  5.5809200e-01
 -1.3719273e-01
  1.4763072e-01
  3.1732810e-01
  1.0156252e+00
 -2.5272414e-01
 -7.0748770e-01
  1.0826635e+00
 -1.1006887e-01
  1.9546483e-01
  3.0803585e-01
 -2.3773728e-01
 -5.7245803e-01
  4.6326816e-01
 -4.0569946e-01
  1.5680434e-01
  8.4132951e-01
  2.5704235e-01
 -1.0833436e-01
 -1.1116748e-01
  1.3454028e+00
  3.8848746e-01
 -7.7670228e-01
  1.5422759e+00
  3.1988882e-03
 -9.2643332e-01
  4.4671097e-03
  3.4304443e-01
  6.9964647e-01
  9.6218163e-01
 -1.4568284e-01
 -8.0665338e-01
  4.3583080e-01
 -3.2347170e-01
  3.9950800e-01
 -7.1378225e-01
 -3.2450396e-01
 -1.6785741e-01
 -1.1310873e+00
 -3.2400835e-01
  1.6007485e+00
 -1.3105257e+00
  1.2596914e-01
  5.6089759e-01
 -8.7643731e-01
  7.1644306e-02
 -8.3868849e-01
  4.0872857e-01
 -2.6435345e-01
 -5.5328476e-01
  4.4423008e+00
 -2.7938394e-02
 -1.5242413e-01
 -5.6601703e-01
 -3.8381076e-01
  1.6039077e+00
 -6.5229410e-01
 -4.0252382e-01
  4.2183569e-01
  5.5541113e-02
 -6.1599560e-02
  2.0680959e+00
 -5.3442168e-01
 -8.0857897e-01
 -6.4795369e-01
 -3.2870114e+00
 -1.2216376e-01
  4.8857635e-01
 -7.4546885e-01
 -1.0877293e+00
  3.2136402e-01
 -4.7257668e-01
  4.7870941e-02
 -6.3439406e-02
 -1.3108370e-01
  2.3392508e+00
  4.2562115e-01
 -1.0178083e+00
  1.9361192e+00
 -1.7922329e-02
  2.6167268e-01
 -2.8029804e+00
 -1.6598032e+00
  1.6634572e-01
  2.1625178e-01
 -1.1384958e-01
 -5.9019321e-01
  6.8356342e+00
  9.0974224e-01
  1.1649553e+00
 -1.4111266e-01
  1.4200989e+00
 -1.4737296e-01
  2.2734444e+00
 -9.0241379e-01
 -2.1782613e+00
 -2.4230778e+00
 -5.3050351e-01
  5.5227017e-01
  2.0144558e+00
  3.8191497e+00
  4.0611252e-01
  7.7973479e-01
 -4.9146280e-01
  3.9622190e+00
  3.7023745e+00
  7.7866435e-01
 -1.2661026e+00
  1.3349339e+00
 -1.1077458e+00
  2.5368354e+00
  5.0882733e-01
 -8.2827054e-02
  1.6464977e+00
 -5.7287818e-01
  1.7935448e+00
 -9.6808666e-01
 -1.1223619e+00
 -1.0730991e+00
  3.0426941e+00
 -1.1159928e+00
 -1.4974952e-02
  7.8441834e-01
 -4.5442967e+00
 -1.9490783e-01
  6.9451132e+00
 -2.3944210e-01
 -4.1979450e-01
 -3.8338441e-01
  1.1567150e+00
  2.3123693e-01
  1.0159460e+00
 -3.3831981e-01
  3.9248937e-01
 -5.8124453e-01
 -6.6421127e+00
  2.1943018e+00
  7.0924103e-01
 -1.8309854e-01
  1.1499106e+00
 -9.2688763e-01
  1.9086256e+00
 -2.9938836e-03
 -1.5780724e+00
  1.4538170e+00
  3.0897031e+00
  3.9066258e-01
 -9.8010212e-01
  1.0162401e+00
 -6.2466520e-01
 -6.4627826e-01
 -4.8679918e-01
  5.2373284e-01
 -4.1017828e+00
  4.7706822e-01
  2.9316995e-01
  3.3388071e+00
  2.0210695e+00
 -1.1301134e+00
  3.4695804e-02
  1.3298939e+00
 -2.5901506e+00
  2.4201164e+00
 -7.9443944e-01
  9.8599172e-01
 -2.5708771e-01
  3.9277253e+00
  2.5721815e-01
  5.7770908e-01
 -2.6938183e+00
  1.2999351e+00
  6.6257961e-02
 -1.9190781e+00
  6.6950560e-01
 -6.0426050e-01
 -6.1364755e-02
  7.9578108e-01
  1.3066906e-01
  7.6450044e-01
  1.2104166e+00
  2.7016917e-01
 -3.6825341e-01
 -1.8260716e+00
  1.1379974e+00
 -1.7672096e-01
  1.2083443e+00
 -2.1376875e-01
 -2.0277815e+00
 -3.5086033e+00
 -2.2536461e+00
  8.4799266e-01
 -5.0404632e-01
 -6.8977624e-01
  7.5679386e-01
  7.8171647e-01
  2.0758729e-02
  1.4920119e+00
 -1.4054322e-01
  1.4808102e+00
  1.0006080e+00
  2.3842752e-01
  6.7833948e-01
  2.6105072e+00
 -2.8016286e+00
 -3.2206469e+00
 -1.5817794e-01
 -6.6403434e-02
 -1.2660741e+00
  9.2017728e-01
  7.1680075e-01
 -2.2463145e+00
 -8.2197791e-01
  1.2084147e+00
 -1.1426514e+00
  5.1660764e-01
 -3.9766249e-01
  9.6896237e-01
  1.2855475e+00
 -2.8748472e+00
  6.5681547e-01
  1.2045845e+00
  1.6637332e+00
 -9.5605649e-02
  6.0348552e-01
  1.0428302e-02
 -2.3998685e-01
  6.2455970e-01
  3.3577986e-02
  6.9665188e-01
 -9.7430903e-01
 -1.1843448e-01
 -2.2847583e+00
 -4.7171943e-02
 -2.6119086e-01
  1.9554952e+00
 -1.9992562e-01
  2.1232460e+00
  4.2983964e-02
 -2.5024775e-01
 -1.9271938e+00
  1.1211296e+00
  1.3541883e+00
  2.5133913e+00
  7.1529716e-01
 -2.3792901e+00
  1.8617578e+00
  2.3202410e-01
  1.0766017e+00
  3.7421367e+00
 -4.6689320e+00
 -4.1390219e+00
  1.2484275e+00
  8.1241953e-01
  1.4212147e+00
 -2.4370781e-01
 -2.5239127e+00
 -3.3659655e-01
 -8.5056418e-01
 -1.4008567e+00
 -2.4640744e+00
  3.8891826e-02
 -2.4652400e+00
 -9.6242255e-01
 -5.8185500e-01
 -1.2643839e-01
  1.5057409e-01
 -1.3526347e+00
 -2.6613122e-01
 -9.8522311e-01
 -1.1639231e+00
 -6.4059573e-01
 -2.5719562e-01
 -7.8411770e-01
 -1.1936538e+00
  7.6161599e-01
 -5.8219188e-01
  3.5403293e-01
  1.6376499e+00
  6.9060850e-01
 -1.3865461e+00
  3.0841851e-01
 -8.0031955e-01
  9.4608098e-02
  2.6388255e-01
 -5.9691930e-01
  1.1669993e+00
 -4.4178987e+00
  2.1214845e+00
  3.1730378e+00
  4.7730203e+00
 -4.5277414e-01
  1.4561545e+00
 -2.0317420e-01
 -1.2199818e-01
 -3.4770222e+00
 -1.3148468e+00
 -5.5915892e-01
  3.8236314e-01
  5.3344268e-01
  2.7432439e+00
  4.3883157e+00
  5.6601815e-02
 -5.7283932e-01
 -1.2294415e+00
  4.8852932e-01
  2.4791877e+00
  2.1849165e+00
  4.2449728e-01
  3.1518416e+00
 -2.6008317e-01
  2.4003550e-01
 -2.6870961e+00
  1.3306803e+00
 -3.1806394e-01
  6.1330456e-02
  9.3968344e-01
 -4.4066392e-02
 -1.1750443e+00
 -1.4679015e+00
 -5.1795799e-01
 -6.8025130e-01
 -1.3728744e-01
 -4.1662812e-01
 -8.0212963e-01
 -1.9122340e-02
 -6.4448893e-01
 -1.0201957e+00
 -3.4684879e-01
  9.2779279e-02
  5.8339542e-01
  1.8572817e+00
 -2.0897056e-01
  2.6416403e-01
  1.1173309e+00
  1.2028241e+00
  2.3930807e-01
 -2.3250329e-01
 -1.1531636e-01
 -2.4352634e+00
  2.3186862e+00
  1.1197916e+00
  1.0523320e+00
 -4.5859686e-01
  2.7211624e-01
 -1.5418582e+00
  2.4202409e-01
  7.2861701e-01
 -1.4076258e+00
  4.5674419e-01
 -1.2944981e-01
 -4.0864339e-01
  1.0454965e+00
  1.1536902e+00
  1.6227494e+00
 -4.5605612e-01
  9.9683702e-02
 -2.2266658e-01
  5.0308192e-01
 -5.7168764e-01
  1.6502896e-01
  9.8462934e-03
  2.0308266e+00
  5.6316048e-01
 -5.3645343e-01
 -5.2573591e-01
  2.4208136e-01
  4.0296790e-01
  1.0151559e-01
  3.6966783e-01
 -2.0980431e-01
  1.1718503e+00
  1.2083155e+00
 -5.7161592e-02
  5.2042788e-01
 -2.1303876e-01
 -1.3305682e-01
  1.0812144e+00
  4.7640434e-01
  7.3069173e-01
  5.5018827e-02
 -2.4744439e+00
 -1.1763337e+00
 -4.8711839e-01
 -1.4423367e+00
  4.1569710e-01
 -2.8993207e-01
 -3.6318716e-01
 -6.2911205e-02
 -1.9943831e+00
 -3.0835772e-01
  1.5556285e-01
  4.2088896e-01
 -1.1442026e-01
  1.0088551e+00
  1.8687449e+00
 -4.2901812e+00
 -2.6575610e-01
 -8.5334456e-01
  1.4158759e+00
 -1.3144414e+00
 -1.6083903e+00
 -1.4518589e+00
 -5.3252000e-01
  4.5596957e-01
  1.2180902e+00
 -7.7897608e-01
 -4.1653156e-01
  3.8154936e-01
 -1.1611712e+00
 -1.2011452e+00
  9.7418433e-01
 -1.6228170e+00
 -7.7315700e-01
  2.4545455e+00
 -5.4167217e-01
  3.0803213e-01
  4.1326660e-01
  2.3655151e-01
  1.4695121e-01
 -2.3715601e+00
  1.5752152e-01
 -2.5571735e+00
  3.8531404e-02
 -5.3337753e-01
 -6.3691247e-01
  1.1141477e+00
 -6.1330754e-01
 -5.0278199e-01
 -2.1831954e+00
  3.1330841e+00
 -1.5439072e+00
  1.6114329e+00
 -1.4452553e+00
  2.9797831e-01
  3.5630521e-01
 -2.2965951e-01
  5.6380212e-01
 -3.3367181e+00
  2.0308079e-01
  1.2164393e-01
 -2.5849025e+00
 -8.5214472e-01
  2.7026985e+00
  2.5560616e-02
 -1.3142599e+00
  1.4867404e+00
 -7.8141177e-01
  4.7887668e-02
 -4.9550414e-01
  2.5264382e-01
 -1.8905455e+00
 -2.6857605e+00
  6.2382495e-01
 -2.2447617e+00
 -1.7652671e+00
  9.2695957e-01
  6.5683103e-01
 -5.0196689e-01
  3.8741727e+00
 -1.6134283e-01
  1.0968903e+00
 -1.1395109e-01
  2.8166153e-02
  2.4897928e+00
 -4.1675222e-01
 -3.0308969e+00
  2.1755545e+00
 -3.7426643e+00
  4.4285579e+00
 -3.6094156e-01
  2.1378152e+00
 -1.1564125e+00
 -4.7622678e-01
  1.5859100e+00
 -1.4863348e+00
  3.0585450e-01
  1.2132478e+00
  1.3488087e-01
  1.7612694e-01
  1.2517276e-01
 -3.3089414e-01
 -1.3676013e+00
  1.6270025e+00
 -1.4698015e-01
 -1.0772392e+00
 -1.7629831e+00
 -1.6540509e-01
  8.7116027e-01
 -6.8544215e-01
 -6.2078512e-01
 -1.5828054e-01
  3.0083081e-01
 -4.4500686e-02
 -2.3349235e+00
 -2.5867155e+00
 -8.2893753e-01
 -8.5995865e-01
 -3.3720772e+00
 -2.7965443e+00
 -5.0116271e-01
 -1.1586814e+00
 -3.0755129e-02
  1.3487986e+00
  3.6591986e-01
  1.9728457e+00
 -1.9562434e+00
  4.6695542e-01
  1.5688831e-01
 -5.8745205e-01
 -1.9016150e+00
 -2.5197096e+00
  2.4415094e-01
  4.4043545e-02
  1.0280482e+00
 -1.1445507e+00
  7.4824893e-01
  3.8429105e-01
 -3.1156614e-01
  4.2645791e-01
  1.7272320e-01
  4.2905831e+00
 -8.2078600e-01
  2.3577723e-01
 -1.3027487e+00
  2.2605999e+00
  2.5760117e-01
 -1.6988029e+00
  1.6877762e+00
  2.0488222e+00
 -2.3636189e+00
  2.1905870e+00
 -4.7399822e-01
  1.3155313e-01
 -5.0105518e-01
  2.7719269e+00
  5.4526240e-01
 -1.8157829e-01
 -4.5993599e-01
 -2.2304314e-01
 -4.5409904e+00
 -4.8343610e-02
  2.0099690e+00
 -1.9564506e-01
  1.5923332e-01
 -4.5378876e-01
 -5.4835594e-01
  2.6640114e-01
 -2.1507028e-01
  1.8110013e+00
  5.4140913e-01
 -4.3210843e-01
 -3.9676753e-01
  3.7495770e-02
  1.2335225e+00
 -1.3379449e-01
  5.0171691e-01
  9.8941579e-02
 -1.2894647e+00
  1.0724000e+00
  2.6272624e+00
  1.2048703e+00
  1.1089543e-01
  2.3837513e-01
 -1.1217601e+00
  1.6775498e+00
 -5.0080675e-01
 -6.3875228e-02
 -3.7030798e-01
 -8.4119290e-01
  2.4535785e+00
  6.6139358e-01
 -4.8361310e-01
 -1.6426393e+00
  3.4347802e-01
  1.1584632e+00
 -1.0473599e+00
 -9.3214667e-01
  1.1895189e-02
  4.6094897e-01
  2.7152994e+00
  2.4569192e+00
 -1.6186131e-02
 -5.7288969e-01
  1.4767461e+00
  1.2310535e+00
 -1.9779921e+00
 -1.4268985e+00
  1.1533685e+00
  3.9901242e-02
 -2.0680751e-01
  3.1899738e-01
  4.5372599e-01
 -1.4189929e+00
  7.4826217e-01
 -1.8667912e+00
 -5.6230736e-01
  1.8864676e-01
 -7.7859759e-01
  8.9480054e-01
  4.1013032e-02
  3.9145239e-03
  2.3535120e+00
 -1.4108093e-01
  1.3957714e+00
  1.0891303e-01
 -2.6542345e-01
 -1.3425163e+00
 -5.5676603e-01
 -8.4358114e-01
  6.1019564e-01
 -4.2896040e-02
  1.0205388e+00
  1.8122257e+00
 -1.8662984e+00
  1.2946048e+00
 -2.3061328e+00
 -1.6337484e+00
 -2.0077188e+00
  1.0924351e+00
  1.2450697e+00
  8.9112496e-01
  9.6350753e-01
 -8.6155975e-01
 -1.1858962e+00
  5.9870963e+00
  4.5704031e-01
  2.3190679e-01
 -4.1561060e+00
 -1.1696734e-01
 -8.9381284e-01
 -5.7755095e-01
 -3.2874029e+00
  1.5528931e-01
 -4.7582817e-01
  5.6640965e-01
  8.3920938e-01
 -8.1606694e-02
 -1.0879956e+00
  2.7301925e-01
 -5.2368054e+00
  6.0860699e-01
  9.9578035e-01
  5.7060711e-02
 -5.9789068e-01
  1.0021663e+00
 -1.0336549e+00
 -3.7201807e+00
 -1.4458336e+00
 -1.4199550e+00
  8.5271347e-01
 -1.1113093e+00
 -2.3668146e+00
  8.3110058e-01
  3.1975549e-01
 -3.5242087e-01
 -7.9635471e-01
 -1.4609843e+00
 -1.1510754e+00
  4.0776464e-01
  3.1925247e+00
  1.0476522e+00
 -2.3464530e+00
  1.3000858e+00
  1.3998426e+00
 -2.2400198e+00
  1.0267003e+00
  1.8376607e+00
 -2.1642396e+00
 -1.3210047e+00
 -1.4577532e-01
  1.8624450e+00
 -9.6280730e-01
  2.0183671e+00
  1.4992537e+00
 -4.7764418e-01
  2.2041652e-02
  1.1802194e+00
 -2.1120564e-03
  4.7729370e-01
  2.5313699e+00
  6.0601276e-01
  1.9004971e+00
 -3.0378795e-01
 -1.6667528e+00
 -5.4045027e-01
 -2.6448679e+00
  2.5271514e-01
 -2.1040461e+00
 -2.3671558e+00
 -1.9211407e+00
  1.5596859e+00
 -1.9228701e-01
 -2.3463271e+00
 -1.9415883e+00
 -2.6621759e+00
 -6.9043941e+00
 -2.5610194e-01
 -7.8133315e-02
 -2.0561559e+00
 -3.2573783e+00
 -2.8172872e+00
  2.1424748e-01
  1.9439325e+00
 -1.1598907e-02
  2.0730163e-01
  3.1055093e+00
  1.7736808e+00
  5.8017206e-01
 -1.8870890e-02
  1.8076868e+00
  2.3944902e+00
 -5.8428705e-01
 -9.8691779e-01
  1.4184664e+00
  5.8417208e-03
 -1.3124775e+00
  7.9891348e-01
  2.5280854e-02
 -2.6135588e-01
 -4.5363343e-01
  1.1202548e-01
  9.9084005e-02
  1.6235735e+00
  1.8309814e-01
  1.3472828e-01
  2.3139581e-01
  1.9808298e+00
  3.8442048e-01
 -9.2441386e-01
 -8.2511550e-01
  1.8736048e+00
  1.3858896e-01
  5.0542557e-01
  1.1590390e+00
  3.5328004e-01
  1.6386256e-01
  2.5990436e+00
 -5.6209851e-02
  2.2347867e+00
  2.4747047e+00
  7.7321899e-01
  4.3899912e-01
 -1.4427131e+00
 -1.4656752e+00
  3.0018387e+00
  6.8324751e-01
  3.0267590e-01
 -1.4696673e+00
 -1.7082298e+00
  4.1659117e-01
 -1.5621020e-01
 -7.8604348e-02
  1.0069038e+00
 -1.2479712e+00
  3.3679130e+00
 -1.6272698e-01
 -1.8197675e+00
  2.1212521e+00
  7.8543589e-02
  2.5660107e+00
 -2.8782973e-01
 -6.6689156e-02
 -1.4642762e+00
  1.5748031e+00
  3.6165974e-01
  9.1039765e-01
  1.3886850e-01
 -9.4038808e-01
  5.0145406e-01
 -1.4619206e+00
 -3.6565346e-01
 -7.0239091e-01
  2.5443235e-01
  1.3061145e-01
  1.7425694e-01
 -2.5153015e+00
  2.2744689e+00
  1.6174321e+00
 -1.2790579e+00
 -2.8868759e-01
  9.9283528e-01
 -1.3797716e+00
  8.9574116e-01
  7.1644557e-01
  2.1067307e+00
 -6.5526569e-01
 -7.1497887e-01
 -2.7030458e+00
  3.9038682e+00
  5.0817657e-02
 -1.3813716e-01
  9.1753447e-01
  3.9104053e-01
  8.1983495e-01
  1.1744434e+00
 -3.6777788e-01
  2.1866591e+00
 -1.3485327e+00
 -2.3198503e-01
 -9.0623587e-01
 -3.3510357e-01
  1.0850936e-02
  8.8549858e-01
  6.7753918e-02
 -5.8181089e-01
  2.8472206e-02
  4.5530826e-01
 -2.6939777e-01
  2.3125947e-01
  8.9447743e-01
  4.0589151e-01
  1.9828078e+00
 -2.3199449e-01
  1.2196542e-01
  5.3309906e-01
 -1.2015206e+00
  5.5114996e-01
  3.8888025e-01
 -5.1730371e-01
 -9.9686809e-02
 -1.1281039e+00
  1.6323595e+00
  1.0723439e+00
  2.0762293e+00
  2.3974080e+00
  5.5717313e-01
  1.2892479e-01
 -1.9216872e+00
  2.7818295e-01
 -1.8303881e+00
 -2.0500788e-01
 -6.6229886e-01
  1.3487778e+00
  1.4977608e+00
  1.1819319e+00
  9.7360593e-01
 -4.2154908e+00
  2.2591457e-01
  3.9571592e-01
 -2.4463978e-01
  1.5788229e+00
 -2.0280070e+00
  1.1075916e+00
  2.4259191e+00
 -5.6494907e-02
  4.0351410e+00
  8.9202505e-01
  1.2058332e+00
  3.0231449e-01
 -1.8992424e-01
  2.8903263e+00
  2.0036979e+00
 -3.8498560e-01
  9.1180317e-02
 -2.8298249e+00
  5.1812607e-01
 -5.6549538e-02
  1.8279748e-01
 -1.4151597e+00
 -1.5944254e+00
  4.9675804e-01
 -3.7559764e+00
 -1.9926996e+00
 -7.0096654e-01
  5.4613471e-01
  4.8706272e-01
 -1.5426606e+00
 -1.3715221e+00
 -1.8653836e+00
 -6.2939055e-02
 -3.6411801e-01
 -3.4296346e+00
 -9.1120362e-01
 -2.3023157e+00
  6.6343242e-01
  2.2509222e+00
 -1.7321573e+00
 -8.5228014e-01
 -7.0185721e-01
  7.3789859e-01
 -1.0694647e+00
  1.1485119e+00
  1.5647100e+00
  1.8061198e-01
  3.6120063e-01
 -7.7636695e-01
  1.9184158e+00
 -1.8250056e-02
  8.1187302e-01
  2.7240353e+00
 -9.0115809e-01
  3.3947736e-01
  9.9589074e-01
  8.1552440e-01
  1.3319391e+00
 -2.4485302e+00
 -1.5602024e-02
 -8.1686538e-01
 -3.0397475e+00
  1.7052428e+00
  5.8330429e-01
  1.7393774e+00
 -1.4645593e+00
  6.3499779e-01
 -2.5810459e+00
  7.3626184e-01
 -7.6965761e-01
  1.4058380e+00
  2.8674920e+00
 -7.5781740e-02
  9.0781617e-01
  2.1825187e-01
 -1.3791565e+00
 -8.5603856e-02
 -2.6644864e+00
 -9.5238447e-01
 -1.9209442e+00
 -7.7312565e-01
 -1.2162460e+00
  4.7583622e-01
  9.3421155e-01
  6.4668810e-01
 -1.6943513e+00
  1.3117982e-01
 -1.5854008e+00
  2.8861341e-01
 -7.7708262e-01
  1.5172684e-01
 -1.0967422e+00
  7.6107275e-01
 -1.2868389e-01
 -9.2446399e-01
  9.9237915e-03
  9.7373796e-01
 -2.8017769e+00
  3.5673779e-01
  6.3414031e-01
 -1.6366732e-01
 -6.2016660e-01
  7.9164103e-02
  1.9242259e+00
  3.4242436e-01
  9.7610444e-01
  4.6593797e-01
  1.0006405e+00
 -1.0281193e-01
 -1.0947791e+00
 -3.6781085e+00
 -4.4565722e-01
  2.1336734e-02
 -3.1298814e+00
 -4.5924559e-01
  1.4467506e+00
 -1.3200058e+00
  2.8308027e+00
  2.0901412e-01
 -3.9278114e-01
 -1.5409153e+00
  9.6834838e-01
  2.2741251e-02
  6.9760221e-01
  9.8840886e-01
 -1.3661865e+00
  1.4956226e+00
 -1.2214361e+00
  1.0195893e+00
  3.9807126e-01
  7.4163127e-01
 -3.5597162e+00
  4.5005098e-02
  6.3845116e-01
 -1.2388107e+00
  1.5497237e-02
  3.8285291e-01
 -3.7941076e-02
 -1.7535430e+00
 -1.9512929e+00
  8.6252910e-01
 -2.2564707e+00
 -2.0235741e-01
  3.4345347e-01
 -3.6427908e-02
  2.1110000e-01
  7.7267140e-01
  4.0996933e-01
  3.6391708e-01
 -4.1772887e-02
 -1.6976005e-01
 -2.4293697e-01
  6.8422437e-02
 -2.6634717e-01
  2.1898828e-01
  2.8706365e+00
 -6.7407703e-01
  6.2857753e-01
  1.6366611e+00
 -4.5661420e-01
  6.4402896e-01
  1.1927636e+00
  9.2222720e-01
  1.0606332e+00
  5.8925700e-01
 -2.1963420e+00
  5.2829541e-02
 -2.9790121e-01
  3.5904080e-01
 -1.5001539e+00
  1.1968111e+00
 -4.4747388e-01
  2.3707761e-01
 -2.1678424e+00
  1.6331896e-01
  7.2407298e-02
 -1.2974625e+00
 -3.4704101e-01
 -8.7391633e-01
  1.6707382e+00
 -7.9974854e-01
  3.6345929e-02
  1.8274426e-01
  6.9166315e-01
  1.5540733e+00
 -2.5404806e+00
  2.3412466e+00
 -5.4162037e-01
 -6.5789171e-02
 -5.3897700e+00
 -9.8638272e-01
 -1.9760637e-01
 -1.6093866e+00
 -1.1509484e+00
 -9.5759732e-01
  8.4249902e-01
 -1.8691716e-01
 -6.5569359e-01
 -1.2211652e+00
  1.6409363e-01
  1.4573421e+00
  1.9647877e+00
 -6.2919520e-02
 -1.8195826e-01
  2.4714346e-01
 -3.3315110e-01
  3.4526598e+00
 -1.5411530e+00
  4.0679771e-01
  3.1641230e-02
  3.1109638e+00
  3.7446091e+00
 -7.2017390e-01
  2.4620919e-01
 -2.0182666e-01
 -2.2570155e+00
  2.6988826e+00
  7.2016084e-01
  2.3197061e-01
 -1.3357424e+00
  4.4547535e-02
 -9.0269721e-01
  5.6113356e-01
 -1.0738591e+00
 -2.0417458e-01
 -2.6998945e-02
  1.0544207e-01
  5.9933554e-02
 -5.2831179e-01
 -2.8913194e-01
  2.6613889e-02
 -7.7175573e-02
  1.5536203e+00
  2.3480318e+00
 -5.6541485e-01
  4.0995729e-01
  9.4692606e-01
 -9.3933308e-01
  2.2004414e+00
  7.0691007e-01
 -6.8570137e-01
 -1.8529968e+00
 -1.8149189e+00
  1.0396165e+00
 -1.4698547e-01
  1.6065764e+00
  1.9048911e+00
 -1.7939718e+00
 -6.1567563e-01
  1.8652059e-01
  1.0230950e+00
  7.6723069e-02
  1.0210559e+00
 -2.3479245e+00
 -2.2979142e-01
 -2.5441375e+00
 -1.8183428e+00
  2.7842931e-02
  1.2490512e+00
  1.4177887e+00
 -7.6451045e-01
  6.8325967e-01
 -2.1718111e+00
  1.2375028e+00
  1.8984658e-01
 -1.6502003e-01
 -3.8724873e-02
  2.4423513e-01
  1.9910499e-01
 -7.4174583e-02
 -8.5548520e-01
 -1.1839372e+00
 -1.4340931e+00
  2.5578125e+00
  3.5609818e-01
 -1.5708630e+00
  2.4112732e+00
  1.1835734e-01
  2.0338520e-02
 -1.5208293e+00
  2.6528862e-01
 -2.9357531e+00
 -6.5282620e-03
  9.5642440e-02
 -3.3232993e-01
 -2.6639983e-01
  8.2621169e-01
  6.4809263e-01
 -1.7687896e+00
 -5.5856019e-01
  1.1709343e+00
  6.9847174e+00
 -8.8284832e-01
  2.1708624e-01
 -7.0160580e-01
 -1.2488817e+00
  3.4246665e-01
  1.7922334e-01
 -7.5167209e-02
 -6.9310105e-01
  1.8842393e-01
  8.3410239e-01
 -2.4106598e-01
  4.8497722e-01
  1.9918839e+00
 -1.4676520e+00
 -1.1062806e+00
 -8.1885800e-02
  8.3900118e-01
  7.8346211e-01
 -2.4638119e+00
  1.3496605e-01
  4.0657768e-01
  5.3971606e-01
 -8.4541154e-01
 -1.2033285e+00
  8.8676763e-01
  1.1229529e+00
  2.5935692e-01
 -4.9452630e-01
  8.1778884e-02
  4.7293127e-01
  1.0063373e+00
 -1.4401290e-01
  2.8130074e+00
  1.0798877e+00
  1.9847996e+00
  5.8515608e-02
 -8.3473778e-01
  1.2572021e+00
  1.1392475e+00
  1.7879311e+00
  2.6146641e-01
  1.4234670e+00
  2.0781884e+00
  1.0690962e+00
  2.8743045e+00
 -8.3449322e-01
 -5.7096332e-02
  1.5644467e+00
  1.1896738e+00
 -1.8827616e-01
  7.6364440e-01
  1.2829494e+00
 -1.7910257e-01
  1.5935224e+00
  1.7966112e-01
  4.7745350e-01
 -5.1456863e-01
  3.6381638e+00
 -6.5604407e-01
 -3.1998062e-01
 -1.0150532e+00
  7.4507707e-01
  1.9402261e+00
 -2.6018187e-02
 -1.0647063e-01
 -4.7881845e-01
  1.0546614e-01
  7.2746627e-02
  6.5707856e-01
  8.4999859e-02
  5.1047021e-01
 -5.2264237e-01
  5.1215285e-01
 -2.2412041e-01
 -5.8408129e-01
 -2.4329793e+00
 -6.9252682e-01
 -1.2161873e-01
  1.6878599e+00
  7.7916789e-01
  1.0283724e+00
 -2.2013206e+00
  2.3452587e+00
  3.9685827e-01
 -4.3467665e-01
 -1.5782535e+00
  6.3254005e-01
  4.3735415e-01
 -3.4863770e-01
 -9.2081225e-01
 -2.9543048e-01
  3.1875799e+00
 -1.9069593e+00
 -1.0310582e+00
 -1.2737198e+00
 -2.6772647e+00
 -6.1157960e-01
  3.7219036e-01
  1.2130833e+00
  1.9025890e+00
 -6.6425151e-01
 -1.0790776e+00
  2.7226114e+00
  6.8060331e-02
 -4.7587225e-01
 -7.1849751e-01
  3.7125683e-01
 -3.2708275e-01
 -3.4458986e-01
  1.9118324e-01
 -1.5882211e+00
 -2.4185984e-01
  4.8495913e-01
 -1.1299341e+00
 -2.3885526e-02
  1.3338981e+00
 -1.6912496e-01
 -6.4988226e-01
 -1.7433236e+00
 -3.6685932e-01
 -8.9869750e-01
 -4.2011094e+00
  1.4034238e+00
  9.1052800e-01
 -1.3061064e-01
 -7.1020073e-01
  1.4462742e+00
 -3.8792744e-01
  5.6814462e-01
 -3.8299429e-01
 -1.0106803e+00
  2.7886361e-01
  1.3916355e-01
 -1.5972984e+00
  9.6676785e-01
  5.5299330e-01
  1.5950438e+00
 -1.3303980e+00
  2.1199685e-02
  1.6007962e+00
  1.0937550e+00
 -2.5007164e-01
 -1.7592105e+00
 -1.0716081e-01
 -5.4137856e-01
  4.7464359e-01
  8.0579436e-01
  1.9828082e+00
 -2.8074007e+00
 -1.0804992e+00
  1.1206943e+00
  8.9220941e-01
 -2.2914574e-02
  5.2954125e-01
 -7.1302378e-01
  2.2209087e-01
  1.7760253e+00
  1.2236100e+00
 -1.9499108e+00
 -5.6193435e-01
 -3.0411036e+00
 -1.5515059e+00
  3.0726713e-01
  5.8210589e-02
  2.7689189e-01
  9.6574163e-01
 -5.9546697e-01
 -3.4692836e-01
 -5.0083905e-01
 -5.3513032e-01
  7.3047137e-01
  2.2822025e-01
 -7.6090133e-01
  1.3148539e+00
 -4.2407373e-01
  8.8414830e-01
  8.1388998e-01
 -2.5050869e+00
 -1.8347287e+00
 -8.2400644e-01
  6.1785114e-01
 -7.9938209e-01
 -1.2140200e+00
 -8.9188635e-01
 -1.1374859e+00
 -1.0199561e+00
  3.7882552e-01
  6.1674052e-01
 -4.9852455e-01
 -3.2471809e-01
  3.0276806e+00
 -1.7237290e+00
 -2.7897769e-01
  1.2313685e+00
 -7.2317827e-01
 -6.3820701e+00
 -9.6086150e-01
 -6.6131210e+00
  7.8652924e-01
 -7.5158596e-01
 -1.1077788e+00
  2.6063676e+00
  6.1467266e-01
 -7.6159966e-01
  6.2495553e-01
  1.2838582e+00
  9.2665124e-01
 -4.1631827e+00
 -1.2099209e+00
  4.1693544e-01
 -1.3753814e+00
 -5.3645170e-01
  2.5892217e+00
 -1.6021329e-01
  4.6662465e-01
  3.1336638e-01
  1.1736225e+00
  2.9034369e-02
  6.0906947e-01
 -3.1165957e-01
 -4.4564608e-01
  3.8185373e-01
  1.0519546e+00
  1.2293178e+00
  7.4308741e-01
  4.6482205e-01
 -8.4024388e-01
 -3.6262427e-02
 -2.5995433e-01
 -8.2220173e-01
  1.8467001e+00
  5.2584058e-01
  2.4741323e+00
  9.6959269e-01
  9.3794122e-02
  1.8789362e+00
  8.0304390e-01
  1.2682687e+00
 -4.5649832e-01
  2.7101504e-02
  8.0007225e-01
 -5.6422555e-01
 -7.3779708e-01
  9.9615544e-02
 -7.2059309e-01
  1.2664948e-01
  4.2024368e-01
  1.8906792e-01
  4.7565812e-01
  1.2388558e+00
  1.3642004e+00
  2.5481766e-01
  1.7204605e-01
  2.5744754e-01
 -5.5008715e-01
  1.7585082e-02
  1.6425874e+00
  1.0247141e-01
 -1.2731109e+00
 -1.0862762e-01
 -3.2921691e+00
  4.8168030e-01
 -2.1874771e+00
 -3.9504628e+00
  3.5135067e-01
  2.4717367e+00
  7.7558386e-01
 -2.5268373e+00
 -3.5376756e+00
 -6.0472864e-01
  7.1333909e-01
 -3.2195201e+00
 -2.9154417e-01
 -1.7268497e+00
 -1.2700331e+00
  3.6580336e-01
 -4.4130564e-01
 -1.3703972e+00
  8.4127349e-01
  1.3538340e-01
 -9.4029593e-01
 -5.2461529e-01
  2.4802905e-01
  3.7950137e+00
 -2.8769273e-01
  6.9765793e-03
  1.1105524e+00
  3.8256423e+00
 -5.5741960e-01
 -3.1145289e+00
 -7.9963738e-01
 -1.0636747e+00
  1.8717577e+00
  4.2458189e-01
 -3.4117572e-02
 -1.1051285e+00
  1.6392776e+00
  6.9268203e-01
 -1.7989546e+00
  2.2656020e-02
 -3.7492895e-01
  1.8119508e-01
  6.6765338e-01
 -3.5810074e-01
 -4.5013762e-01
 -1.0359054e+00
  8.7249106e-01
 -2.3653214e+00
 -1.9040928e+00
 -3.2533029e-01
 -1.8909968e+00
 -2.9222238e+00
  5.5033273e-01
 -4.6562858e+00
 -3.1567898e-01
 -2.2523756e+00
  1.2041619e-01
  9.5772356e-01
 -9.8550040e-01
 -3.8866553e+00
  4.3367958e+00
 -2.2520123e+00
  6.5440428e-01
 -3.0464933e+00
  2.5472906e-01
 -3.9334944e-01
  9.3755227e-01
  5.2935141e-01
 -1.8548952e+00
  7.0284307e-01
  1.3689899e+00
 -9.8658764e-01
 -3.3495170e-01
 -1.6078940e-01
 -4.3769103e-01
 -4.4017613e-01
 -3.8479924e+00
  1.2617593e+00
  2.9900458e-01
  3.2165591e-02
 -6.5022367e-01
 -5.6758994e-01
  7.8555405e-01
  4.7265655e-01
 -5.6842864e-01
 -5.8675486e-01
 -7.4290812e-01
  2.1863475e-02
  2.7178472e-01
  1.4598407e+00
  4.9885336e-01
 -6.3396072e-01
 -1.4575257e+00
  1.9808408e+00
 -3.2412416e-01
 -1.1449429e+00
  9.6453923e-01
  1.6158700e+00
 -1.0749467e-01
  4.1037602e+00
  1.7726817e+00
 -3.1215248e-01
  2.1658492e-01
  1.0213228e+00
 -6.8772548e-01
  2.2501173e+00
  3.2461709e-01
  1.6881050e+00
  1.8281264e+00
 -1.2196710e+00
 -1.0610310e+00
  1.0310044e+00
  1.1095370e+00
 -1.1430119e-01
  5.7790691e-01
  1.3400779e+00
  3.6060065e-03
 -1.0066460e+00
 -1.8041024e+00
  8.0214322e-01
  6.2876773e-01
  2.4816512e-01
  6.6375387e-01
  1.8480498e+00
 -1.4982964e+00
  1.0564761e+00
  8.7114954e-01
 -6.7398660e-02
 -2.3673575e+00
  1.6048867e+00
  1.9265017e-01
 -1.7170777e+00
  2.1021923e-01
  3.4466192e-02
 -2.0597203e+00
  5.0701237e-01
 -1.2163444e+00
  8.8679731e-02
 -5.1039416e-01
 -1.7695080e-01
  4.3306097e-02
  1.1613760e+00
  3.1918558e-01
 -1.0755677e+00
 -5.2547318e-01
 -8.7365812e-01
 -2.3619368e+00
  5.7534683e-01
 -2.6699245e-01
  9.2751908e-01
 -8.1261581e-01
  2.9920576e+00
 -5.3145874e-01
 -7.5538799e-02
 -8.3521879e-01
  2.5468868e-01
 -2.9719105e-01
  7.1373183e-01
 -2.3964863e+00
  2.9636581e+00
  1.2759255e-02
  8.2567888e-01
 -2.5656943e+00
  8.4503651e-02
  1.2010200e-01
 -4.3125212e-01
  1.4030506e-01
  7.9979062e-01
 -6.2396984e+00
  2.9940411e-02
 -7.2111353e-02
 -3.9733398e-01
 -9.0271682e-02
  1.2344581e+00
 -6.4818859e-03
  1.1297665e+00
 -2.0284050e+00
  2.8180900e-01
  6.8876243e-01
 -4.1847563e-01
  1.7209424e-01
 -2.3876367e+00
 -3.2363373e-01
  3.4552845e-01
 -7.7396667e-01
  8.2394227e-02
  5.5249143e-01
  2.7137101e-03
 -1.9136243e+00
  4.0820774e-01
 -1.9547567e-03
 -1.3435844e-01
  1.9260522e+00
 -6.3622838e-01
  2.2031479e-01
  1.2485968e-01
 -4.2019725e+00
 -2.5800529e-01
  1.9248378e+00
  9.3393907e-02
  3.3759150e-01
  1.0935551e+00
  8.8336736e-01
  1.7254884e+00
 -8.2337976e-01
  2.6753323e+00
 -2.1588075e+00
  3.0922550e-01
  5.3823489e-01
 -7.8174961e-01
 -3.8467711e-01
 -9.4062150e-02
  1.2265644e+00
  3.5059533e-01
 -3.7835896e-02
 -3.7511364e-01
  4.9474433e-01
 -1.9599092e+00
 -1.8317121e+00
  6.1509210e-01
  2.9283807e+00
 -1.2452686e+00
  1.4464384e-01
 -3.0769119e-01
 -7.0979518e-01
 -6.0373753e-01
  3.0839238e-01
 -8.6801559e-01
 -1.5822952e+00
 -9.6595871e-01
  3.7282455e-01
  1.2042216e+00
  3.7720165e-01
  1.4943254e-01
  2.1148236e-01
  3.3220074e-01
  6.2186718e-01
  1.3590410e+00
  1.5865000e+00
 -7.8990322e-01
  4.2568305e-01
  1.3892480e+00
 -7.2143304e-01
 -8.5513465e-02
  6.2414181e-01
 -3.2062930e-01
  1.8960634e+00
  5.5240005e-01
  5.2114654e-01
  2.6371446e+00
  2.1343369e+00
 -1.2606643e+00
  1.2530490e+00
  2.6297321e+00
 -1.0840168e+00
 -6.4790905e-02
  1.6378138e+00
  2.5228608e+00
 -1.3143944e+00
  2.2295611e+00
 -5.9621119e-01
  3.2773783e+00
  1.0797957e+00
 -6.8277550e-01
  3.4728384e-01
  2.6042347e+00
  1.1129508e+00
  1.8388107e+00
 -1.2127701e+00
  9.4379818e-01
  2.8618979e-01
  4.8352189e+00
 -2.7173555e-01
  4.6420392e-01
 -1.0127925e+00
 -1.3527265e-01
  2.1890380e+00
  9.0783429e-01
 -2.4211218e+00
  6.3150120e-01
  1.9238926e+00
  1.0492784e+00
 -2.0366735e+00
 -5.5749726e-01
 -2.8349200e-01
  5.6642705e-01
  9.9952185e-01
 -1.2564509e+00
 -1.0981506e+00
  1.6481180e+00
  4.7501931e-01
  2.6793617e-01
 -9.3660361e-01
  1.6896499e+00
  4.5974675e-01
  9.7610563e-01
  8.1235826e-01
 -1.0867242e-02
 -9.9672383e-01
 -1.3614564e+00
 -1.8377702e+00
 -5.5422586e-01
 -1.1623955e+00
 -4.6855113e-01
 -1.8446498e+00
 -9.6772268e-02
  3.6028665e-01
 -1.4512526e+00
  1.4041835e+00
  5.0387329e-01
 -1.6271684e-01
  1.3779850e+00
  4.9837965e-01
  4.4580679e+00
  4.3236861e+00
 -1.5896500e+00
  1.8816028e+00
 -2.8487051e-01
  6.3843603e+00
  9.7920436e-01
 -1.8219924e+00
  3.8224211e+00
 -8.7375110e-01
 -4.3482175e+00
  6.6430008e-01
 -4.1735396e+00
 -2.0762274e-01
  3.7579581e-02
  5.1482636e-02
  1.6192938e+00
  1.7005179e+00
 -2.4831958e+00
 -1.1528999e+00
 -6.3270861e-01
 -4.1841602e-01
 -6.6175306e-01
 -1.1909590e+00
  4.1271666e-01
  2.1024294e-01
  1.2623357e+00
  1.4670238e+00
 -1.3498104e+00
 -3.4545213e-02
 -8.5845739e-01
  1.0259289e+00
 -2.4721998e-01
 -7.3272783e-01
 -2.2808881e-01
 -1.0230659e+00
  5.8215189e-01
  3.2750900e+00
 -6.0371971e-01
 -1.0464380e+00
  3.9872384e+00
  3.7073225e-01
 -2.9157960e-01
 -1.9041421e+00
  3.7086642e-01
  4.4723591e-01
  8.1243414e-01
  1.0329087e+00
  8.8698602e-01
 -4.0668577e-01
 -3.3567736e+00
 -8.9541835e-01
 -2.0202464e-01
  2.5658153e-02
  9.4153774e-01
  7.2977954e-01
 -9.7185647e-01
  2.2241194e+00
 -1.0343190e+00
 -1.3050114e+00
  3.7056670e-01
  1.2930928e-01
  2.8231359e-01
  1.4651730e+00
 -1.7113559e-01
 -1.1729147e+00
 -8.4600347e-01
 -1.2567893e+00
  1.0197033e+00
 -1.9555975e+00
  2.9130134e-01
 -1.2461211e-01
  2.3584402e+00
  2.8144081e+00
  1.8308483e-01
  1.2891095e+00
  1.1902477e+00
 -6.4944834e-01
  8.5265309e-01
 -5.5365033e-02
 -9.7145176e-01
 -7.7408731e-01
  1.9329858e+00
 -1.5771099e+00
 -1.1258297e+00
 -4.8960242e-01
 -1.3726268e+00
 -2.3128462e+00
 -6.7097247e-01
 -1.3025463e+00
  1.9597726e+00
 -8.5084188e-01
  4.5118126e-01
  9.1120201e-01
 -5.1137000e-01
  1.7610662e+00
 -2.1774180e+00
  2.7397293e-01
  1.8024766e-01
 -1.7097461e-01
  3.4059606e+00
 -4.0910780e-01
 -6.4710057e-01
 -2.9267862e+00
 -1.2498825e+00
 -9.3377233e-01
 -7.4727708e-01
 -7.9165995e-01
 -2.2022767e+00
  2.9848956e-02
  8.2202899e-01
  3.4283257e+00
 -5.0387996e-01
  2.8402758e-01
 -9.1161621e-01
 -1.1235532e+00
 -9.5663965e-01
 -7.4654102e-01
  7.3841506e-01
  2.3385669e-01
 -1.1701001e-01
  7.5352216e-01
 -2.3726032e+00
  2.2156436e+00
 -7.4196655e-01
 -6.2365365e-01
 -2.2309184e+00
  1.5636733e+00
  1.6988555e+00
  1.4102893e+00
  9.7125995e-01
 -1.0867052e-02
  4.9081392e+00
 -3.2705233e-02
 -5.6249051e+00
  3.7270924e-01
  4.1427726e-01
  2.7372255e+00
 -1.4581913e+00
  7.6645333e-01
 -1.6246096e+00
  6.2528950e-01
  6.0972804e-01
 -4.5937414e+00
 -3.6067030e+00
  1.1296592e+00
 -6.5704697e-01
 -4.7810726e+00
 -7.8646469e+00
 -3.8933143e-01
 -7.7649289e-01
 -4.6946794e-01
  3.9743400e-01
 -6.4275688e-01
  6.2742662e-01
  2.8463907e+00
 -3.6121478e+00
 -3.2217440e-01
  4.1780472e-01
 -1.6699008e+00
  3.5654542e-01
  1.4857128e+00
  1.6844071e+00
 -1.8742235e-01
 -1.3337864e+00
  5.4709202e-01
 -3.2424724e-01
  1.0514621e+00
 -7.1409807e-02
  7.4865711e-01
  3.2768276e+00
 -2.2354746e+00
 -2.9601836e-01
 -2.5653419e+00
  7.4729371e-01
  1.1558105e-01
  1.8901324e-01
  2.0235314e+00
  2.2691062e-01
 -1.6961449e-01
 -7.8974038e-01
 -2.2545150e-01
  1.6477737e+00
 -3.9216149e-01
  6.2084693e-01
 -1.1636512e+00
 -5.3060189e-02
  2.5726192e+00
  1.1038797e+00
 -8.9358330e-01
  9.6729708e-01
  1.4593804e-01
 -1.3200620e+00
  1.1502380e+00
 -3.5533741e-01
  1.6327296e+00
 -2.2552550e+00
 -1.2940683e+00
 -4.1461426e-01
 -1.1042441e-01
 -1.0753259e-01
  4.4551027e-01
 -1.2300881e+00
 -6.6093510e-01
  2.1008137e-01
 -2.3482391e-01
 -1.5058924e-01
  3.1642222e-01
 -1.4144738e-01
 -8.6473858e-01
 -1.5133060e+00
 -6.2672395e-01
 -4.1933009e-01
  1.8895075e+00
  1.6524308e+00
  8.2338756e-01
 -1.7378275e+00
 -4.1659363e-02
  1.2217748e+00
  1.5345666e+00
 -4.8401055e-01
  2.2545414e-01
  1.6210139e+00
  1.8157802e+00
  1.8251854e-01
 -1.1024980e-01
 -2.7615082e-01
  8.4297216e-01
  2.7085292e-01
 -1.7750182e+00
  8.9306450e-01
 -2.9420382e-01
  5.4832339e-01
  7.3044813e-01
 -1.7813203e-01
 -2.5033672e+00
 -9.2960469e-02
  2.4506485e-01
  3.9816809e-01
 -1.0566887e+00
  4.9216002e-01
 -6.5680665e-01
  1.6474527e+00
 -7.2902429e-01
  6.0089672e-01
 -2.5113039e+00
 -1.9343923e-01
  1.3592278e+00
  1.2584171e+00
 -8.6087272e-02
  1.8619755e-01
 -8.5060668e-01
  1.9083620e+00
 -5.9000939e-01
 -1.2363591e+00
  7.6895761e-01
  5.6121308e-01
 -2.9092419e-01
 -1.1508294e+00
 -1.5724754e-01
 -6.8937920e-02
 -9.5065182e-01
 -8.1243140e-01
 -9.5810533e-01
 -1.4878978e-01
  2.1853907e-01
 -1.0917478e+00
 -5.4821205e-01
  9.5179725e-01
  1.0502405e+00
 -1.9654428e+00
 -1.6290150e+00
 -1.1307970e-01
  1.3696160e+00
 -1.0160667e+00
 -2.2751560e+00
 -1.8855031e+00
 -2.8414223e+00
  3.3995452e+00
 -8.1067425e-01
 -3.1904783e+00
  3.7168317e+00
  9.6097898e-01
  1.3711858e+00
 -9.9032611e-02
 -5.4900014e-01
  8.8637096e-01
  1.1493311e+00
  1.5018131e+00
  6.5258670e-01
 -6.0067201e-01
  5.5413377e-01
 -1.6004613e-01
 -5.7804794e+00
 -2.1281464e-01
 -1.1911484e+00
  4.0988302e-01
 -4.9602427e-04
  5.1454246e-01
 -5.0518382e-02
 -1.5842566e-02
  1.9954753e+00
 -1.2761186e-01
  2.1073761e+00
  3.0034286e-01
 -1.4441521e-02
 -1.0340398e-01
 -4.2058784e-01
  9.5561430e-02
  5.7821475e-02
 -7.7370107e-02
  1.3043638e-01
  1.7282071e+00
  4.2087126e-01
  3.5234374e-01
 -4.3952677e-02
  3.7884942e-01
  2.4973412e+00
  1.0996621e-02
  5.6440485e-01
  7.5160980e-01
 -3.8859840e-02
  3.6048543e+00
  1.0532180e+00
  8.2555607e-02
 -1.5520923e-01
  2.4138869e-01
  3.0859768e+00
  5.9850401e-01
  4.5760453e-01
  2.8735375e-01
  9.5798832e-01
 -1.0522094e-01
 -8.0392265e-01
  1.8958278e+00
 -1.8194174e+00
  6.8121687e-02
  2.6089567e-01
 -1.1155643e+00
 -9.6669030e-01
  5.9352475e-01
 -2.5063529e+00
  8.6214894e-01
  2.4712801e+00
  1.6070023e+00
 -4.7048992e-01
 -1.6405123e+00
 -7.3065889e-01
 -2.8245392e-01
 -7.7923805e-01
 -1.5832117e+00
  2.1240418e-01
 -1.2425607e+00
  2.0358589e+00
  3.7239012e-01
  1.3411160e+00
 -9.5909137e-01
  3.5558093e+00
  4.0574360e-01
  3.8127294e-01
  1.2147220e+00
 -1.1766728e+00
  4.4467483e-02
  2.7570826e-01
  6.0251248e-01
 -7.7691406e-01
 -1.7420158e+00
  7.5617331e-01
 -3.7191029e+00
  6.6572398e-01
  3.9754510e+00
 -4.3113656e-02
 -4.2726469e-01
 -1.5483813e+00
 -2.3643990e-01
  5.8890313e-01
  5.7305133e-01
 -2.5236723e+00
  2.6985943e+00
  3.9814606e+00
 -2.9522884e-01
  3.6767119e-01
  1.0096626e+00
  8.9519590e-01
  2.4531808e+00
 -4.2636776e+00
  1.0589119e+00
 -2.7354279e+00
  7.4707270e-02
 -1.5793650e+00
 -1.7584224e-01
  7.0236456e-01
  1.6681985e+00
 -2.6713002e-02
 -4.0349001e-01
  1.8600819e-01
 -2.8309574e+00
  6.5575701e-01
  1.8794494e+00
  7.8884774e-01
  9.1319144e-02
 -1.0105032e+00
 -1.2468421e-01
 -2.0168230e-02
 -2.8510802e+00
  2.8722414e-01
 -2.0500162e+00
 -1.5445301e-01
 -1.2728548e-02
  5.3484595e-01
  7.3690093e-01
  5.7823849e-01
 -1.0279204e+00
  3.4752944e-01
  5.7251304e-01
  1.9514087e+00
 -5.7687597e+00
  1.7028384e-01
 -2.2189250e+00
 -1.8259739e+00
  1.4557620e+00
  2.9396346e-01
  2.6175549e+00
 -4.9660310e-02
  3.5034594e-01
 -2.4725701e-01
 -6.7933989e-01
 -1.2838770e-01
  2.1222141e+00
 -1.4851860e+00
  7.3599982e-01
  3.8660159e+00
  3.7636342e+00
 -6.4483052e-01
  3.3353825e+00
  1.0113102e+00
  7.1377492e-01
  8.0366874e-01
  3.4676549e-01
 -1.3069564e+00
  2.9994826e+00
 -2.7417519e+00
  3.8271186e+00
  1.9477521e+00
 -2.0569453e+00
 -1.9733294e+00
  1.3385832e-01
 -7.8576815e-01
 -4.9596286e+00
 -4.4344449e-01
  1.0500216e-01
 -7.3106468e-02
 -1.5599458e+00
 -1.1843818e+00
  1.4194654e-02
  1.0338161e+00
  3.3086364e+00
 -8.6745018e-01
  2.3574955e+00
  6.5976632e-01
 -4.5875311e-01
 -1.4597747e-01
 -1.8902509e+00
 -1.3779801e+00
 -3.5402471e-01
 -1.7592425e+00
 -1.2128048e+00
 -3.5296724e+00
  4.5771405e-01
 -1.3943992e+00
 -1.8346430e+00
 -1.6277251e+00
 -2.0499597e+00
  2.4192907e-01
 -1.9251053e+00
  4.4186087e+00
  4.6988783e+00
  1.0584693e+00
  8.1462431e-01
 -5.5409050e-01
 -4.9388921e-01
  7.0027316e-01
  2.4891380e-02
  1.6159350e+00
 -1.3828092e+00
 -2.0546248e+00
 -3.2155734e-01
  1.7198560e+00
 -1.0607457e+00
  9.0382233e-02
  7.3229516e-01
  2.1865231e-01
  6.3542776e-02
 -1.9107323e+00
  1.7771515e-01
 -9.9561852e-01
  8.7364340e-01
 -2.2210668e-01
 -1.3835590e-01
 -1.7217061e-01
 -7.3269105e-01
 -1.6124575e-01
  1.0731907e+00
  1.2239797e+00
 -4.0041361e+00
 -3.5028324e-01
  1.0048269e+00
 -8.4570771e-01
 -3.0012755e+00
 -1.2311282e+00
  1.1115670e+00
  9.6802241e-01
 -1.8772026e+00
 -1.9795964e+00
 -1.4237086e-01
 -2.7360171e-01
 -3.2702079e-01
  1.2397898e-01
 -6.6927540e-01
 -9.7238094e-02
 -3.9826024e-01
 -1.7093787e-01
 -1.9742637e+00
 -2.1223836e+00
  8.3278418e-03
 -1.5685591e-01
  1.6298752e+00
  1.1965871e-01
 -2.5816700e+00
  6.6736054e-01
 -2.2337956e+00
 -6.0985225e-01
 -5.2410472e-02
 -3.0810430e+00
  1.1517495e+00
  7.3040444e-01
  1.0075133e-01
  1.7433387e-01
 -1.7596235e+00
  4.4087660e-01
 -5.4290330e-01
  1.6559321e+00
  3.6265168e-01
  1.7447385e+00
  1.9373157e+00
 -2.4638341e-01
 -8.2733721e-01
  1.9745413e+00
  3.2909057e-01
  4.7951946e-01
 -1.3600916e-01
  1.3831741e+00
 -5.0410092e-01
  3.1455603e-01
 -1.0973777e+00
  1.4248756e-01
  7.8015655e-01
  7.5934660e-01
 -2.6562276e+00
 -2.8575182e-01
  1.4348541e+00
  9.5650518e-01
 -3.8077012e-01
  4.3797508e-01
 -3.3285004e-01
  5.8041614e-01
 -1.0089202e+00
  1.6609532e-01
  1.5222088e+00
  1.6830574e+00
 -8.3582348e-01
 -2.0732186e+00
 -4.1124851e-02
 -1.0722134e+00
 -8.9517641e-01
  1.2738252e+00
  6.4446366e-01
  2.6200264e+00
  1.0841674e-01
  9.6116275e-01
 -8.1589118e-02
  1.3629329e+00
 -6.7569524e-01
 -1.7012907e+00
 -4.6345732e-01
  4.4860106e-02
  9.4562069e-02
 -1.1229172e+00
 -4.6111846e-01
 -6.8925399e-01
  2.3388524e+00
 -1.4465059e+00
 -1.3509655e+00
  1.1098412e-01
 -8.2776912e-02
 -8.3392267e+00
 -3.7669086e-01
  8.3880401e-01
 -5.8158064e-01
 -6.3504297e-01
  8.4065002e-01
 -3.6570576e-01
 -4.1453955e-01
 -8.3486176e-01
 -3.5912940e-01
  3.5847151e+00
  9.3996689e-02
 -8.1404024e-01
  6.8687075e-01
  4.3477324e-01
  8.6082035e-01
 -1.7759590e+00
  1.2055103e+00
  4.2468870e-01
  1.2614290e-01
  8.2360297e-01
 -5.2588427e-01
 -3.2325473e+00
 -6.4062077e-01
  1.1676155e+00
 -1.2660993e+00
  3.2140148e-01
 -2.6882106e-01
 -4.3791831e-01
  8.3673161e-01
 -1.2798991e+00
 -1.1792817e+00
  1.7526384e-01
 -1.0478283e+00
 -2.0945972e-01
  5.6809390e-01
 -2.9676521e-01
  1.0164695e+00
 -8.1527643e+00
  3.0535686e+00
 -9.2399049e-01
 -4.1941977e+00
 -2.2404954e-01
  3.6017442e+00
  3.5672650e+00
  2.0062592e+00
 -5.0268638e-01
  1.1973453e+00
  1.3390336e+00
  2.1593177e-01
 -1.0335438e+00
  1.5568587e-01
  1.0987744e+00
  2.0922444e+00
 -4.9314874e-01
 -7.4560302e-01
 -7.3787168e-02
 -5.9645642e-02
 -8.8959402e-01
 -9.9454057e-01
 -2.6812375e-01
 -9.1183025e-01
 -1.6475158e+00
 -1.6491506e+00
  2.0360269e-01
  8.0219269e-02
 -4.5314640e-02
  1.4132209e-02
 -8.4101373e-01
 -2.4198594e+00
 -1.2530849e+00
 -9.3830809e-02
  5.0334799e-01
 -1.3271728e+00
 -4.6208277e-01
 -1.7241803e-01
  1.4639102e+00
  3.3369546e+00
  2.2659461e-01
 -1.2523562e+00
  3.7282112e-01
  4.3066974e+00
  2.4327698e+00
  1.1321373e-02
 -6.1397016e-01
 -1.5875989e+00
  3.2955587e-01
 -6.2073267e-01
 -2.4884960e-01
  4.9279979e-01
 -6.1832476e-01
 -1.0245097e-01
  1.3577847e+00
  1.7716779e-01
  5.7774651e-01
 -5.4233140e-01
  5.5582315e-01
 -4.8452544e-01
 -1.6077365e-01
 -1.6900376e+00
  1.9599642e-01
  9.9090350e-01
 -1.7940015e+00
  1.7149347e+00
  8.3556086e-02
  1.7430046e+00
  5.1341057e-01
 -9.6440658e-02
  1.3196619e+00
  7.6795053e-01
  2.1062060e-01
 -8.6048019e-01
  3.1714606e-01
  4.2685410e-01
  3.4515145e-01
 -7.5573343e-01
  1.9337659e+00
 -2.7921360e-02
  1.5876362e-02
 -2.2705150e+00
 -9.4143999e-01
 -1.6162899e+00
  2.0540020e+00
  1.2603118e+00
 -9.7618735e-01
 -8.8826537e-01
 -1.7460761e+00
 -1.2795196e+00
  8.6359876e-01
  3.2587349e-01
  2.7722144e-01
  1.5078368e+00
 -1.4507942e+00
  5.5408084e-01
 -2.9903471e-01
  1.1640185e+00
 -2.9886878e-01
 -4.1299577e+00
  4.0235606e-01
  4.7536564e-01
  1.8029897e+00
  1.9230957e-01
 -3.7156186e+00
  1.8231122e+00
 -2.7337449e+00
 -1.5249296e+00
  1.1532195e-03
 -7.9087931e-01
  3.4452498e-01
 -2.4795015e+00
  7.3392883e-02
 -9.1395825e-01
 -2.4524224e+00
 -9.0760821e-01
 -9.2280209e-01
 -9.2760555e-02
  2.5872791e-02
  1.0745399e-02
 -4.6051595e-01
 -2.4187789e+00
 -4.8393819e-01
  2.3117809e-02
  2.1954682e+00
 -1.5776212e+00
  1.0971286e+00
  6.4723366e-01
 -6.8876201e-01
  7.8087157e-01
  4.6451268e-01
  2.0141666e+00
 -4.9418002e-01
 -1.0048628e-01
 -3.5755378e-01
 -8.7322730e-01
 -3.4105916e-02
  2.3477008e+00
  2.3221283e+00
 -1.3705269e+00
  3.1759143e-01
  1.2751601e+00
  5.2089131e-01
  6.1268532e-01
  3.0255875e-01
 -1.1579176e+00
  2.3725113e-01
 -2.5591631e+00
  1.5078604e+00
  1.5889070e+00
  3.9806917e+00
 -2.8099179e+00
  1.7364256e+00
 -2.5081446e+00
  9.1787376e-02
 -6.4562398e-01
 -3.1157771e-01
  1.5268908e+00
  1.2612227e-01
 -9.0675938e-01
 -6.8175428e-02
 -6.6286606e-01
 -1.0248067e+00
  2.4979289e+00
  5.7265055e-01
 -1.2156346e+00
 -5.1211101e-01
  7.9825079e-01
 -1.6816814e-01
 -2.9766208e-01
  4.6975920e-01
  1.2669507e-01
  7.6077956e-01
 -4.8372015e-01
  1.0161434e+00
 -2.9587403e-01
  2.4947712e-01
 -1.8249233e+00
  1.5535571e-01
 -1.2874504e+00
 -8.5300797e-01
  1.7484961e-01
  5.9781498e-01
 -1.5927649e+00
 -8.5903513e-01
  6.7153692e-01
 -7.2797332e-03
  1.7587647e+00
  7.3107404e-01
  6.6210121e-01
  6.8941623e-01
  1.3726704e+00
 -4.2006963e-01
 -1.4239025e+00
  1.5686882e+00
  6.8391013e+00
  6.0703570e-01
 -2.6602111e+00
  6.6237742e-01
  1.9310931e+00
  3.0605868e-01
 -2.7293739e-01
  1.1534734e-01
 -2.4580066e+00
 -1.6024546e-01
 -2.7547497e-01
 -2.2408710e-01
 -1.9681594e+00
 -1.5867645e+00
 -5.9866971e-01
  1.4815553e+00
 -5.7078236e-01
  9.7216815e-01
 -4.9662167e-01
 -1.7653093e+00
  2.2082521e-01
  5.2176266e+00
 -6.9077986e-01
 -7.5587255e-01
 -2.9875667e+00
 -7.2754031e-01
  1.5021977e+00
 -5.5751372e-02
 -2.5139669e-01
  8.6692673e-01
 -8.0299273e-02
 -1.2880346e+00
 -1.4785482e-01
  7.8163877e-02
  4.0934011e-01
 -4.1012293e-01
  4.2747421e+00
 -2.9837461e+00
 -1.1523499e+00
  1.6577700e-01
 -4.9682599e-01
 -1.1574360e+00
  4.0311682e-01
  1.4132612e+00
 -1.9740067e-02
 -1.2082657e-01
  1.3884958e+00
  1.0991383e+00
 -2.3001802e+00
  2.8981245e-01
 -9.0011847e-01
 -5.2493286e-01
 -1.4401688e-01
 -1.0676049e+00
 -1.3182172e+00
  1.8791060e-01
 -8.1424099e-01
 -4.7054967e-01
  7.5900036e-01
 -8.6599016e-01
 -1.1564792e+00
 -2.8870457e-01
  2.3137024e-01
 -2.5791055e-01
  5.7263250e+00
 -8.9223856e-01
 -1.1047521e+00
  3.7227640e-01
  7.2245669e-01
  4.0204683e-01
  1.1402096e-01
  1.4998468e+00
 -8.9897221e-01
  8.4571666e-01
 -3.9775422e-01
  1.6110837e-01
 -6.9332218e-01
 -2.0466242e+00
  1.3875771e+00
  1.8725324e+00
  1.5430832e+00
 -1.0175297e+00
  1.2530533e+00
 -3.7247643e-01
 -4.0937629e+00
 -1.0773450e+00
  3.0177802e-01
 -4.2598281e+00
  1.2901145e-01
 -2.2680309e+00
 -4.6890655e-01
  3.0242670e-02
 -1.1418476e+00
 -4.2843852e+00
 -4.8332387e-01
 -3.7247401e-01
 -2.0563199e-01
  2.1656418e-01
  1.5261663e+00
  2.5531306e+00
 -8.7140846e-01
  1.6433307e+00
 -3.6447027e-01
 -4.1529423e-01
 -7.8384951e-02
 -4.0685940e-01
 -2.4808290e+00
 -6.8203419e-01
  1.7397904e-01
  1.2843058e-01
 -2.6644161e-01
 -1.8049312e+00
  1.2480584e+00
 -9.9547297e-01
  2.3669283e+00
 -3.8003886e-01
 -7.1923065e-01
  8.8162547e-01
  3.9277480e+00
 -9.2915273e-01
 -1.6011008e+00
 -9.3860470e-02
  2.7801844e-01
  1.3103092e+00
  2.2106364e+00
  1.1911225e+00
 -1.4297746e+00
  9.7827095e-01
  1.9964278e-01
 -2.0918701e+00
 -7.1958315e-01
 -1.6401646e+00
  1.2754279e+00
  1.9689076e-01
  7.0511751e-02
 -6.8465883e-01
  9.6670061e-01
 -1.0403541e+00
 -1.5329107e+00
 -1.4428951e+00
  3.3058546e+00
  5.4962283e-01
  1.1237630e-01
  1.7642748e+00
  5.6461787e-01
  2.6492848e+00
  9.0999901e-02
 -2.3165965e+00
 -4.7073925e-01
  1.4381137e+00
  9.9398613e-01
 -3.6406171e-01
  1.2369776e+00
  3.2264662e-01
 -1.2839980e+00
  9.3054062e-01
 -4.0692139e+00
  5.6389694e+00
 -1.3536959e+00
 -7.2492284e-01
 -2.3374084e-02
  8.9647102e-01
  1.5836271e+00
  1.3087767e+00
  2.9174199e+00
  6.2558228e-01
 -1.1720196e+00
 -2.0979307e+00
  7.7125311e-01
 -6.5196425e-01
  5.0105011e-01
 -4.2940021e-01
  1.1892172e+00
 -8.4070009e-01
  9.4842255e-01
 -5.7090884e-01
 -3.3041778e+00
  1.6743556e-01
 -1.0449892e+00
 -7.0886576e-01
 -5.2862579e-01
 -1.7297069e+00
  4.1928515e-02
 -1.3911468e-01
 -3.0528274e-01
 -5.2044374e-01
  1.7315239e-02
  1.1388164e+00
 -5.4612488e-01
 -1.6185871e-01
  2.9867361e+00
 -3.7575310e-01
  1.2069267e+00
 -1.4881766e+00
  1.0315627e+00
  2.2292216e+00
  2.6410575e+00
  6.7084289e-01
 -1.0756687e+00
  3.7778130e+00
 -1.8520668e+00
  2.5893488e+00
  1.6464225e+00
 -2.0108452e+00
 -1.5920888e-01
 -2.8619647e-01
  6.2325560e-02
  3.0270886e-01
 -2.9254678e-01
  6.4393127e-01
  2.4385479e-01
  1.0649616e-01
 -4.1063809e-01
 -1.9274423e+00
  3.4804225e-01
  2.8795782e-02
  6.2298857e-02
  7.6691204e-01
  1.7110837e+00
 -3.4855651e-03
 -1.7370197e-01
 -3.1062204e-02
  6.5641475e-01
 -1.2814277e+00
 -1.3945391e+00
  4.8262995e-01
  1.9592149e+00
  1.1396374e+00
 -1.4738812e-01
 -1.7590297e+00
  1.6288832e+00
 -1.1958753e+00
  3.2760959e+00
  9.0873647e-01
 -2.8589563e+00
 -3.1031880e-01
  2.2777007e+00
  1.2244346e+00
 -3.8968298e-01
 -1.9851027e+00
  8.6449933e-01
 -3.6036849e-01
 -8.5907853e-01
  2.4841962e+00
 -5.4140361e-03
 -4.8369244e-01
 -3.5630646e+00
  4.8037961e-01
  3.8543314e-01
 -1.0860416e+00
  9.2412972e-01
 -2.5063214e+00
 -1.7693163e+00
 -1.0161028e+00
  8.1391633e-01
  3.5378286e-01
 -8.7863916e-01
 -1.0705808e+00
  3.9980200e-01
 -1.5477842e+00
 -1.2589236e-01
  9.1466337e-01
 -1.5538435e+00
 -5.5992216e-01
 -1.3286448e-01
  7.7959254e-02
  4.0031186e-01
  3.3686844e-01
 -1.8754319e+00
  6.2828787e-02
  7.0047134e-01
 -1.5554491e+00
 -2.2661006e+00
  2.5851544e-02
 -2.3997979e+00
  9.7405338e-01
  1.5560348e+00
  4.3875561e+00
 -5.9813386e-01
  3.1550062e-01
 -2.8065472e+00
 -1.7305970e+00
  5.9818029e-01
 -9.3848485e-01
 -2.1529824e-01
 -2.2131690e-01
  6.2514251e-01
 -8.7785417e-01
  2.7246958e-01
  8.7882549e-01
 -1.8749899e-01
  1.3103026e+00
 -3.1466678e-01
  5.2317649e-01
 -6.3682717e-01
  3.4577149e-01
  5.8949989e-01
  1.5566183e+00
  2.0724267e-01
  2.9971883e-01
  2.4011520e-01
  7.2261405e-01
 -1.4012245e-02
  5.0329185e-01
  8.1840670e-01
  9.8772871e-01
  3.3855286e-01
  1.6758094e+00
  1.0911929e-01
 -3.7073195e-02
 -6.8873775e-01
 -1.2929249e-01
  3.6631453e+00
  9.5454574e-01
  1.1165782e+00
 -1.8046932e-01
  2.0238609e+00
  3.1552382e+00
 -1.6263634e+00
 -7.8105515e-01
  4.6781355e-01
 -7.5635135e-01
 -1.7592487e+00
  1.7700709e+00
  6.8339312e-01
  6.4258955e-02
  4.3362749e-01
 -1.5387468e+00
  1.5310241e-01
  7.2344393e-01
 -4.3331604e-02
  2.4115515e+00
 -7.5157988e-01
 -1.8865752e-01
 -3.5769150e-01
 -4.8130822e-01
  2.7407482e-02
 -4.1924328e-01
 -2.1645300e-01
 -1.3521947e+00
  6.6424036e-01
  2.8711170e-01
  1.2736260e+00
  1.2785104e-01
 -2.0218767e-01
 -1.6664401e+00
  4.7877327e-01
  1.1969346e+00
  7.5550032e-01
 -4.1806811e-01
 -3.1498045e-01
  1.1646144e+00
  5.0170757e-02
  2.1122508e+00
  1.1504737e-01
  1.6017164e+00
  3.5213420e-01
  1.4309418e+00
  4.0904794e+00
  4.5181561e+00
  3.6159427e+00
 -2.5014610e+00
  3.8399377e+00
 -2.1668983e+00
  5.0156674e+00
  2.7439663e+00
  1.5068194e+00
  3.2421401e+00
 -1.9968796e+00
 -9.8062098e-01
  1.8360167e+00
 -1.1233108e+00
  4.8592806e-01
  1.1597587e+00
 -5.6007165e-01
  3.2796034e-01
  2.3391254e+00
  1.1675803e-01
 -7.2069436e-01
 -7.0638396e-02
 -1.5078435e+00
 -3.7103152e-01
  1.9515416e-01
 -1.0411437e+00
  9.1192491e-02
 -6.9987021e-02
 -2.9341984e-01
 -1.2976937e+00
  8.6939943e-01
 -1.8120662e+00
 -9.1339707e-01
  1.8835169e-01
 -1.6698037e-01
 -1.5944262e+00
  1.9191666e+00
  3.6847055e-01
 -1.6857367e+00
 -5.6571388e-01
 -1.0065593e+00
  3.7144005e-01
  1.6639005e+00
  1.8278983e-01
 -1.7977390e-01
  1.0680221e+00
  7.5876361e-01
  1.5077119e+00
 -1.4538544e+00
  1.1158410e+00
 -2.6965690e+00
 -2.3738606e+00
 -1.4088051e+00
 -1.1637772e+00
 -2.8350756e-01
 -7.6304609e-04
  1.9001236e+00
  2.8835332e+00
 -2.0910771e-01
 -6.0760319e-02
  7.0080501e-01
 -2.1920195e-01
  2.0779961e-01
 -8.0840468e-01
 -7.7922285e-01
 -8.0733359e-01
  6.6801858e-01
 -1.1495702e-01
  8.4922634e-02
 -8.9662933e-01
 -1.3355433e+00
 -2.6802564e+00
  2.9663877e+00
  1.2323280e-01
 -1.4794530e+00
 -1.1402856e+00
  1.2375203e-01
 -3.9611724e-01
 -1.0111202e-02
 -2.8945222e-01
  1.1428052e+00
 -5.6113935e-01
 -1.9968258e-01
 -1.9038743e-01
  6.4275968e-01
 -7.3485476e-01
  2.3368521e-01
 -9.9048398e-02
 -1.1314933e+00
  3.1125790e-01
  2.9473838e-01
 -1.2503736e+00
  8.0731750e-01
  6.5256041e-01
  4.6579552e-01
 -8.4116912e-01
  9.1155863e-01
  1.2415285e+00
 -4.9134068e-02
 -2.6326694e-02
  8.4584105e-01
  2.1578513e-02
 -9.5943475e-01
  2.2523448e-01
 -5.7418525e-01
  3.9105994e-01
 -3.3561492e-01
  3.7579790e-01
  4.3805125e-01
 -2.5319818e-01
  1.6194897e+00
  1.5014541e+00
 -3.9404430e+00
 -8.2172595e-02
 -8.8104194e-01
  3.9635044e-01
  1.3792630e+00
  8.2466590e-01
 -6.0853958e-02
 -6.0014188e-01
 -1.5648289e+00
  4.0021167e+00
  1.3200103e+00
  1.0493549e+00
 -2.8326960e+00
  1.2603104e+00
  1.4852674e+00
  2.4990810e-01
  4.4197211e+00
  1.9646541e+00
  6.2289542e-01
 -2.1674197e+00
 -1.3819860e+00
 -1.5386503e+00
 -3.7961054e-01
  1.2765951e+00
 -1.1429259e+00
  6.2694292e+00
 -1.5423815e+00
  2.9593211e-01
  1.6096563e+00
  8.8919139e-01
  7.3984432e-01
  1.1759098e+00
  4.1408876e-01
 -5.5639660e-01
 -4.3244845e-01
  5.4711294e+00
  6.0085082e-01
  1.5897199e+00
 -2.0150225e+00
 -4.1758714e+00
  1.0756112e+00
  4.7634855e-01
  3.2922441e-01
  4.5717144e-01
  2.1263926e-01
 -1.6139474e-02
  1.3506091e-01
 -5.0327438e-01
  2.3442388e+00
  3.4744507e-01
 -7.5264221e-01
 -1.6676173e+00
  3.3566797e-01
 -4.1358462e-01
 -3.4585941e-01
 -7.6703444e-02
  1.2829373e+00
  5.1105666e-01
 -2.9827425e+00
  8.2889003e-01
  1.7393476e+00
  2.8855237e-01
 -3.3097917e-01
 -6.5258485e-01
 -1.1704596e+00
  9.7468084e-01
  7.4109644e-01
 -2.6677165e+00
 -2.3043263e+00
 -1.3326437e+00
 -1.1180152e+00
 -6.1911649e-01
 -1.3249341e-01
  1.4932566e+00
 -8.0605364e-01
  1.3077078e+00
  9.1472167e-01
  5.2466351e-01
 -1.4128134e+00
  1.0208280e+00
 -1.0639775e+00
 -1.6406739e-01
 -1.0354493e+00
 -6.5230668e-01
  1.4312947e+00
 -1.0776161e-01
 -7.8411376e-01
  1.0864623e-01
  1.0555152e+00
 -4.5166957e-01
  5.2388924e-01
 -1.3276009e-01
 -3.3530238e-01
  2.4147759e-01
  1.4386730e+00
 -2.1805925e+00
  1.8191077e-01
  7.6749939e-01
 -1.8326625e-01
  2.0213651e-02
 -3.0409110e-01
  1.0930766e+00
 -2.9562074e-01
 -1.2982677e+00
  1.6746876e+00
 -1.7466416e+00
 -2.1180959e+00
 -2.9973817e-01
 -6.0744935e-01
 -1.7360344e+00
 -1.2566134e+00
 -7.6743495e-01
  1.8829803e-01
  7.8874421e-01
 -4.9954742e-01
  6.7679174e-02
 -8.3504558e-01
 -7.4361336e-01
  2.0215197e+00
  5.5393159e-01
 -2.3639587e-01
  1.4664344e+00
 -5.0838929e-01
 -1.5724539e+00
  1.5694049e-01
  1.5070531e-01
  2.4031680e+00
 -5.2429950e-01
 -3.7559962e-01
  2.7503283e+00
 -1.4823864e-01
 -7.5367314e-01
 -5.8495629e-01
  3.9471021e-01
  1.4493154e+00
  7.7270842e-01
 -1.7328069e-01
 -3.3907700e-01
 -7.6016776e-02
  9.0972680e-01
 -2.7684946e+00
 -6.4793539e-01
  9.6457012e-02
  2.4461819e-01
 -8.7401447e+00
 -4.9990800e-01
  6.7979622e-01
  1.1527060e+00
  1.6085235e+00
  2.4345639e-01
 -2.2901696e-01
  1.4394379e-01
  5.3706729e-01
  8.2714957e-01
 -3.2543442e+00
  9.7275603e-01
  2.4108920e+00
  4.7292122e-01
  2.9404404e+00
 -3.2220337e+00
  3.6993628e+00
 -2.5649486e+00
  4.2369204e+00
 -2.6596551e+00
 -3.2851893e-01
  6.9180214e-01
 -1.0571510e+00
  3.8326028e-01
 -6.5312016e-01
 -9.4045389e-01
 -1.3719893e+00
 -2.8246382e-01
 -2.7109852e-01
  8.3313294e-02
 -1.9944131e+00
  3.8745379e+00
 -6.6661739e-01
 -1.4586604e+00
 -1.4169662e+00
 -5.1122874e-01
  1.4993116e+00
 -1.3612224e-01
  3.0003865e+00
 -1.1024436e+00
 -1.1936289e+00
 -1.1777788e+00
  1.4147800e+00
  6.0838795e-01
  6.3377440e-01
 -9.8950362e-01
  1.5770254e-01
 -1.1583182e+00
 -6.4172602e-01
 -8.0410326e-01
 -2.3667970e+00
 -2.5477357e+00
  7.0017821e-01
 -5.5957609e-01
  2.3544028e+00
 -1.9762139e+00
 -5.0757134e-01
  4.9048901e+00
  2.6227551e+00
 -3.6414689e-01
 -1.3967042e+00
  1.2400876e+00
 -1.1530845e+00
 -1.0710446e-01
 -9.3370438e-01
 -6.9693977e-01
 -1.2722095e-02
  1.5580251e+00
  3.9214116e-01
 -1.2331825e+00
  1.2499931e+00
  6.4283204e-01
  1.0807769e+00
 -4.7354171e-01
 -3.4306827e-01
  4.2869534e+00
  2.3000240e+00
  2.3427453e+00
  1.3575548e+00
  2.2980320e+00
  7.1395095e-03
 -6.5929925e-01
  3.0362971e+00
  3.9363046e+00
 -3.2506213e+00
 -1.1733253e+00
  7.9067963e-01
 -3.3632703e-02
  2.6505631e-01
 -6.0279769e-01
  2.8811127e-01
 -1.6091652e+00
 -3.2661557e-01
 -8.2838917e-01
 -1.8166131e+00
 -1.1942123e+00
  1.8150125e+00
  1.9443033e+00
  3.9294133e-01
 -1.6412206e+00
 -4.1889935e+00
 -1.7039081e+00
 -7.2265029e-01
  1.8468067e-01
 -1.5277243e+00
 -1.9640648e+00
 -1.4212880e+00
  1.6597687e+00
  7.9181880e-01
 -6.6208512e-01
  6.4152008e-01
  6.2212974e-02
 -3.9515283e+00
 -1.6781805e+00
  9.5375085e-01
  6.3725692e-01
 -1.1832579e+00
 -1.1730804e-01
  3.0288652e-01
  1.0230304e-01
  1.8715005e+00
  1.1156326e-01
  3.5557249e+00
  5.7535744e-01
 -2.4853330e+00
  1.7755528e-01
 -6.6618764e-01
  1.8324097e-01
 -2.5823219e+00
 -3.0714419e-01
 -9.9821413e-01
  1.3455707e+00
  3.7665051e-01
 -5.0886554e-01
  9.2344111e-01
 -1.5783044e+00
 -2.7185626e+00
 -2.5402203e-01
 -3.5609397e-01
 -7.4949652e-01
 -1.7724851e+00
 -6.0677862e-01
 -1.6477206e+00
 -4.5074944e+00
 -9.7531807e-01
  2.0976539e+00
 -1.5413589e+00
 -4.5417053e-01
 -6.0752583e-01
  3.9858776e-01
 -4.5754480e-01
  7.9868084e-01
  2.7109623e-01
  3.7585127e+00
 -6.7502725e-01
 -2.5788647e-01
 -2.9573655e+00
  1.8072731e+00
 -5.3383315e-01
  4.7374561e-01
 -7.5532228e-01
 -1.9667754e+00
  3.5514171e+00
 -1.9572173e+00
 -5.3069037e-01
 -3.0120387e+00
  1.8138094e+00
  7.9370362e-01
 -2.5343909e+00
 -1.8941586e+00
 -4.6854353e-01
  9.6790349e-01
  2.3544343e+00
 -2.0126295e+00
  8.4880963e-03
 -6.1360472e-01
 -4.6633977e-01
  4.5783037e-01
  1.8262938e+00
 -4.8520440e-01
  4.5573556e-01
  8.2162374e-01
  5.0177085e-01
 -4.0047851e+00
 -2.0732794e+00
  1.2316961e-01
  4.2820807e+00
 -9.1537255e-01
  1.0438477e-01
  1.1684258e+00
  5.2536597e+00
  1.0387505e+00
  7.5246416e-02
 -6.7260826e-01
 -3.6240971e+00
 -4.8339219e+00
  5.4154241e-01
 -1.0635396e+00
 -3.8329270e-01
  6.1288338e+00
  2.6169844e-02
 -1.1511737e-01
 -1.0383904e+00
 -1.7520465e-01
  3.0934197e-01
 -2.5709276e+00
  2.6021290e+00
  1.0297757e-01
  5.8599163e-02
  2.3985622e+00
  8.2256252e-01
  2.0145831e+00
 -8.9365058e-02
  3.6547783e-01
  1.7341949e-01
  9.5918447e-01
 -5.2863407e-01
 -4.5870829e-01
  6.3401416e-02
  5.5213146e+00
  2.4073595e-01
 -8.6602491e-01
  9.5390534e-01
  5.1591647e-01
  2.0745840e+00
  1.4861035e+00
 -5.0876204e-02
 -5.1936114e-01
 -6.5901175e-02
 -1.9480516e+00
  1.4618517e+00
 -1.1393768e+00
 -6.1843914e-01
  2.8979027e+00
  2.1243598e-01
 -6.2647969e-02
 -3.4752646e-01
  2.6216002e+00
  4.4554678e-01
 -2.3763349e+00
 -3.4691462e-01
 -2.5449419e-01
  6.7075509e-01
  1.2513530e+00
 -2.5833070e+00
  9.4701505e-01
 -6.3446993e-01
  4.0300193e-01
  1.0615204e-01
  1.3024012e+00
 -4.5078442e-01
 -9.7325861e-01
  2.5652161e+00
 -3.2812803e+00
  4.5275292e+00
 -1.5556573e+00
  1.8771008e+00
  1.5362851e-02
 -1.4223268e+00
  5.8353728e-01
 -5.8311009e+00
 -6.1304653e-01
 -2.2045995e-01
 -6.2690221e-02
 -7.8515303e-01
 -2.3881109e+00
 -1.2205843e+00
 -5.2623636e-01
  1.8101906e+00
 -1.4547526e+00
 -1.0280560e+00
  1.3030519e+00
 -4.2530647e-01
 -1.8860523e+00
  9.5448840e-01
  1.7485454e+00
 -9.4568753e-01
 -2.0377247e+00
  4.7227200e-02
 -6.4510053e-01
 -2.8453228e-01
  9.0999496e-01
 -1.3952004e+00
  5.5550873e-01
 -4.5918375e-02
 -2.7639912e-02
  4.0830302e+00
 -1.8111464e+00
 -9.0842825e-01
  1.6775947e+00
 -1.4162333e-01
  1.6755545e+00
 -8.1637025e-01
 -1.1978700e+00
  3.1332779e-01
 -1.3245878e+00
  5.9566677e-01
 -1.1958371e+00
 -3.7490320e-01
 -2.6965183e-01
  9.8221302e-03
 -1.5418321e+00
  2.2054856e-01
 -6.5911311e-01
  1.1539769e-01
 -6.3690096e-01
 -8.2650667e-01
 -1.6210562e+00
  6.7180705e-01
 -9.4028497e-01
 -1.4043275e-01
  1.4671264e+00
 -4.8074368e-02
 -1.6638660e+00
  1.9354211e+00
  8.6111319e-01
 -8.7738115e-01
 -1.1818432e+00
 -2.2566989e-02
  1.5463359e+00
 -3.0863920e-01
 -3.5377666e-02
  6.1927670e-01
 -2.6248772e+00
  8.9826447e-01
 -2.1202123e+00
 -1.2929286e+00
 -1.9455488e+00
  4.8048162e-01
 -4.2402193e-02
 -7.9097259e-01
 -2.8371590e-01
 -1.1099839e+00
 -2.2566228e+00
 -3.4606802e-01
  2.8517437e+00
  7.2410136e-02
 -2.3871081e-01
 -1.6749426e+00
  2.1376079e-01
 -1.4686201e+00
 -6.9355643e-01
  2.0871650e-01
 -8.3460319e-01
  1.8762459e+00
 -1.0182428e+00
  1.4296912e+00
  1.6677307e-01
  1.4131704e-01
  9.8565674e-01
 -7.6835759e-02
 -1.0831479e+00
 -3.4206739e-01
 -4.9892035e-01
  5.8661991e-01
  9.6702576e-02
  1.4277720e+00
 -1.1314296e+00
 -8.0067837e-01
  1.4617893e-01
  2.8413653e-01
 -5.9156489e-01
 -1.2266448e+00
  8.5369831e-01
 -1.0132063e-02
  3.0523226e-01
 -1.8371872e+00
  7.7423447e-01
 -4.0108535e-01
 -6.4834327e-01
  3.1458265e-01
  1.0257384e+00
  9.1463983e-01
 -1.7812775e+00
 -1.8194991e-01
  2.6231599e-01
  5.6820498e+00
 -1.0665807e-01
  1.3013134e-02
  7.2361815e-01
 -8.5871115e-02
  1.0386886e-01
  1.5619552e+00
 -1.6429316e-01
 -2.7191469e-01
 -3.0903682e-01
 -1.7586528e+00
  8.1727976e-01
 -1.6705485e-01
  8.8794999e-02
 -1.4713542e+00
  1.4802054e-02
  1.8753343e+00
 -7.4212402e-01
  9.1044354e-01
  1.5784138e+00
 -4.5019809e-02
  1.4894376e+00
 -1.5068216e+00
  2.6093951e-01
  3.0074957e-01
 -1.7845437e-01
 -5.1661521e-01
 -5.6887549e-01
 -1.5069396e+00
  1.7690858e+00
  8.5464489e-01
 -2.8701192e-01
  1.9520199e-01
 -7.1599263e-01
 -6.0283941e-01
 -4.7882521e-01
  3.0582342e+00
  2.4439396e-01
 -8.1176662e-01
 -1.8721402e+00
  2.7101405e+00
  8.6630285e-01
  9.5809317e-01
  2.7236407e+00
  1.4191123e+00
 -4.8029789e-01
 -1.2455081e+00
  5.2480203e-01
  7.9939866e-01
  1.2992746e-01
  4.2019984e-01
 -3.9836623e-02
 -6.7305934e-01
 -7.6178789e-02
  1.1632096e+00
 -2.8993028e-01
  4.5642438e+00
 -2.3834138e+00
 -2.4252567e-02
 -1.6210417e-01
  1.1904544e+00
  1.8610220e+00
  1.4965082e+00
 -8.1813931e-02
 -3.5442543e+00
 -2.8504542e-01
 -6.0530293e-01
 -1.0385064e+00
 -1.4615823e-01
 -6.7532200e-01
 -6.8942523e-03
  3.7340172e-02
 -1.1368697e+00
  6.8430746e-01
 -1.3919231e-01
  1.8121073e+00
 -1.7327597e+00
 -7.6613927e-01
  3.8635415e-01
 -8.4338039e-02
  2.9391141e+00
  1.4420875e+00
  1.4098898e+00
 -3.5326108e-02
  1.1871783e+00
  9.6734118e-01
 -1.1411251e+00
 -9.4871926e-01
  1.6988059e+00
 -8.9943570e-01
  1.9867536e+00
 -4.3343607e-01
 -3.7104136e-01
  3.3072701e-01
  1.5145994e+00
 -1.2643478e+00
 -1.0799750e+00
 -2.3545334e-02
  6.0984933e-01
 -1.1629751e+00
 -1.0443749e-01
 -6.2548804e-01
  7.2772324e-01
 -5.6662351e-01
  7.9882586e-01
 -6.6480553e-01
  9.7589873e-02
 -1.6891356e+00
 -1.1207631e+00
  2.4572319e-01
  1.1877354e-01
  3.3603507e-01
 -1.1093796e+00
  5.6992080e-03
 -1.8204473e-01
 -1.7324117e-01
  1.2812854e+00
  1.1952682e+00
 -5.5627716e-01
  5.4533482e-01
 -3.0566844e-01
 -2.7546396e+00
 -8.3023012e-01
 -2.1634695e-01
  2.1740966e+00
 -1.1677278e+00
  2.1759473e-01
  8.2711212e-02
  1.3976732e-01
 -2.1539414e-02
 -1.0326669e-01
  4.4682080e-01
  7.7545470e-01
 -1.7823325e+00
  1.0184492e+00
  1.0577738e-01
 -1.2638618e-01
 -6.8795121e-01
 -2.9912138e+00
  2.4524052e-01
  6.8764365e-01
  1.3489608e+00
  1.0323825e-01
  9.8279141e-02
  9.4411045e-01
  8.4375635e-02
 -1.7535970e+00
 -1.3892906e+00
  3.6516104e+00
 -1.3554357e+00
  1.2036285e+00
 -1.1002506e+00
  4.2546797e-01
 -5.6736028e-01
  3.4924755e-01
  6.6994596e-01
 -2.7091447e-01
  3.8736781e-01
  7.3086329e-02
 -2.1302309e+00
 -1.9217399e-01
  4.7371528e-01
  1.9407585e-01
 -1.1735340e+00
 -7.7739537e-01
  1.2208454e-01
  1.5552559e-01
 -2.8606573e-01
 -5.9975944e-02
  1.7104203e-01
 -6.2010354e-01
  7.0737523e-01
  3.3700388e-02
 -1.0920579e+00
 -5.3337181e-01
  6.0959631e-01
 -1.5704114e+00
 -9.8944092e-01
  4.6446341e-01
 -3.6356707e+00
 -8.0792677e-01
 -9.9262953e-01
 -4.7078854e-01
 -2.7114975e+00
 -2.4354188e+00
 -7.4157786e-01
 -1.3546816e-01
  1.8104874e-01
 -1.4189123e+00
  7.6081926e-01
  5.9313345e-01
 -2.0062637e-01
  4.7978365e-01
  5.3972656e-01
  5.6794930e-01
 -4.4243574e-01
 -1.5777980e-01
  2.1091950e+00
  7.7743977e-01
  1.4865434e-01
 -9.7213197e-01
  6.8653423e-01
  1.9878480e-01
 -6.1487234e-01
 -3.7029338e-01
 -4.9071744e-01
 -5.1366889e-01
  4.0960029e-01
  2.8876908e-02
 -5.7370836e-01
 -1.1836648e+00
 -1.3296829e-01
  2.9011741e-02
  1.8833707e-01
 -1.6119889e+00
  5.8410835e-01
  1.3802928e-01
  2.0552912e-01
 -2.0199952e+00
 -2.9077966e+00
  2.3589785e-01
 -2.3155351e+00
 -2.8929515e+00
  7.0589858e-01
  9.8343593e-01
  3.4372973e+00
 -3.2938218e-01
 -8.8259242e-02
 -1.4872848e+00
  3.5821240e+00
 -2.0674481e+00
 -2.6820381e+00
  2.6837730e-01
 -1.1192548e+00
 -3.3342543e+00
  4.4039440e-01
 -1.2433814e+00
  1.3910085e+00
 -1.3436692e+00
 -7.3231198e-02
 -5.8693942e-02
 -8.0463082e-01
 -2.6215035e-01
  1.2831000e+00
 -8.6400723e-01
 -8.1314874e-01
  4.6182317e-01
  2.4070832e-01
 -5.4055119e-01
 -6.6215587e-01
  6.6851878e-01
 -7.6361012e-01
  8.8998604e-01
  9.4478029e-01
  6.0883969e-01
 -3.5752195e-01
 -6.3417274e-01
  2.3186220e-01
  7.3963684e-01
  5.1061618e-01
  4.0972400e-01
 -2.6410747e-01
 -1.3050740e+00
  1.4832245e-01
 -9.3164825e-01
 -3.9676234e-01
  5.9419800e-02
 -1.9430841e+00
  1.6722879e+00
  3.8541299e-01
 -2.2866995e+00
 -3.6740518e+00
  6.4863080e-01
 -7.2743833e-01
  3.3010662e-02
  6.6081798e-01
  2.7826843e-01
 -1.3658448e+00
 -9.7830832e-02
  3.9829770e-01
  3.2293838e-01
 -3.6091688e-01
 -1.4499009e+00
  1.3021824e-01
 -2.0187356e+00
 -6.3595337e-01
  9.8262787e-01
  8.6327326e-01
  3.2104489e-01
 -1.8443894e-01
  3.0339871e-02
 -3.2520506e-01
 -4.6886735e-02
 -8.4820110e-01
 -3.3405662e-01
  3.7386706e-01
 -5.0171733e-01
 -6.8064117e-01
 -2.1735716e+00
 -3.2460901e-01
  2.0616637e-01
 -4.3143114e-01
 -2.1769419e+00
 -1.4969525e-02
  1.5898489e+00
 -1.2176685e+00
  3.2248518e-01
 -1.9840074e+00
 -6.4008808e-01
 -3.3151409e-01
 -8.6268413e-01
 -1.3416439e-02
  1.9622174e-01
 -2.1148388e+00
 -2.7570887e+00
 -4.9275322e+00
  2.0117159e-01
 -2.7724545e+00
 -6.2088215e-01
 -2.7945563e-02
 -3.0863435e+00
  4.2961895e-02
 -3.7445763e-01
 -1.3838444e+00
 -4.1523746e-01
 -2.5508523e-01
  3.1522870e-01
  1.4705693e+00
  8.4894282e-01
 -1.9528851e-02
  2.2624502e+00
  5.3487563e-01
 -2.6778722e-01
  1.0186042e+00
 -3.5571104e-01
  1.0588657e+00
 -1.4759616e+00
  2.1260116e+00
 -8.8905448e-01
 -1.2285269e+00
 -6.0732132e-01
  7.6786131e-01
  2.1609287e+00
 -1.2910422e+00
  1.2954562e+00
  1.5883034e+00
  4.9370137e-01
  1.3357127e+00
 -2.0217524e+00
  2.8151631e-01
 -3.6725408e-01
  2.4324480e-01
 -2.6880980e+00
  6.2781715e-01
  8.1549412e-01
  1.8159852e+00
  5.2420002e-01
 -2.8601998e-01
  2.8784645e+00
  7.3680484e-01
  5.9151071e-01
 -6.2483925e-01
 -1.9968884e-01
  1.8891768e+00
  1.7221704e-02
 -2.5826714e+00
 -1.4276497e-01
  3.5680464e-01
  1.4345051e-01
 -8.4539151e-01
 -2.9778929e+00
  2.9831338e-01
 -9.6037477e-01
  7.1760684e-02
 -4.1520265e-01
 -1.2579026e+00
 -3.7218556e+00
 -1.7683086e-01
 -1.1956235e+00
 -1.9030292e-01
 -1.9491667e-01
  1.8400011e+00
  1.1950205e-01
 -1.0647774e+00
 -8.1825566e-01
  4.7223783e-01
  2.4230157e-01
  4.1199359e-01
 -9.6173240e-03
 -4.1160193e-01
 -3.5325903e-01
 -3.1209382e-01
  1.1970325e+00
  1.7813166e+00
  6.1621594e-01
 -2.9038444e-01
 -9.0245444e-01
 -4.2914435e-01
 -6.3166395e-02
 -4.7180790e-01
 -9.2043534e-02
  1.6296425e+00
 -1.0389390e+00
 -6.2508798e-01
 -3.5735038e-01
 -1.9373459e+00
  3.8328691e+00
 -1.9591311e-01
  4.4859278e-01
  6.0052458e-02
  2.1195458e-01
  1.2896981e+00
  5.7164878e-01
  7.6936889e-01
  1.0442145e+00
  1.0166536e-01
 -6.3241541e-01
  5.8782536e-01
  3.2815477e-01
 -3.0419865e-01
  7.9000086e-01
  5.3017223e-01
 -6.0999733e-01
 -9.9409807e-01
  1.1381391e-01
  2.6987985e-01
 -2.2564814e+00
 -1.8651138e-01
 -4.5976266e-01
 -7.2662705e-01
 -1.4044874e+00
 -1.2471105e+00
 -2.6378694e+00
 -3.1298015e-01
  2.6528444e+00
 -4.5905390e-01
 -2.4902449e+00
 -2.9020798e+00
 -6.1274052e-01
  2.7711303e+00
 -1.4315853e+00
  7.5781447e-01
 -1.0940179e-02
 -6.7148931e-02
 -8.4611797e-01
 -1.3071264e+00
  2.7792031e-01
 -8.7833204e+00
 -2.1844432e+00
 -8.8986152e-01
  4.6016097e-01
 -4.3111745e-01
  3.3415049e-01
 -6.6241097e-01
  3.3792222e+00
  9.3279487e-01
 -3.2283980e-01
  2.0196190e-01
 -2.9139805e-01
  1.9797232e+00
 -6.8323565e-01
 -3.1918686e-02
  5.7517087e-01
  1.9677240e+00
  2.5486166e+00
  4.7417474e-01
  1.3295532e+00
  8.0141920e-01
 -2.2810763e-01
  9.7886539e-01
  2.4832382e+00
  1.4529982e+00
 -1.8717489e-01
 -5.3880715e-01
  2.0597212e+00
 -7.1263120e-02
 -2.8714147e-01
  2.2624824e+00
  1.1307465e+00
 -1.9275168e+00
 -2.6321495e+00
 -2.4461343e+00
  1.5038623e-02
 -7.4435878e-01
 -2.4762273e-01
  1.1572461e+00
 -6.8236703e-01
  1.4236334e-01
 -3.3319622e-02
 -8.8215977e-02
 -5.4003894e-01
  2.2488067e-01
 -2.7173802e-01
 -2.1004200e+00
 -7.2845018e-01
 -1.1560180e+00
 -1.2180099e+00
  2.3999574e+00
 -1.0023103e+00
  2.6789668e+00
 -8.6458147e-01
  4.0305221e-01
 -6.4018708e-01
  1.0868675e+00
  1.9430920e-01
  1.9383739e+00
 -1.2268709e+00
  1.5248990e-01
  9.0687954e-01
  9.6783869e-02
  2.0190187e+00
  7.1303457e-01
  1.4455590e+00
 -8.9270145e-01
  2.0594869e+00
 -6.8287593e-01
 -9.9474162e-01
 -2.6359206e-01
 -1.0632130e+00
 -3.5725808e-01
  1.4444878e-02
  1.0695990e+00
  1.4879026e-01
 -4.9598318e-01
 -1.7331393e-01
 -1.0077298e-01
 -2.4072340e+00
  3.8886836e-01
  9.2603827e-01
  2.2315712e-01
 -2.5439024e-01
  7.7859896e-01
  5.6679386e-01
  4.4299237e-02
  2.0297016e-01
  5.4628897e-01
 -1.5238340e-01
  1.1261907e+00
  6.9869667e-01
 -8.2959098e-01
  1.9799690e-01
  1.3082516e-01
  3.7677506e-01
  2.9954165e-01
  6.6961937e-02
  7.5751770e-01
  1.0581746e+00
 -1.3501301e-02
 -2.7192700e-01
 -7.6770186e-02
 -6.6813064e-01
 -5.5347085e-03
  1.0386406e+00
  1.4015470e+00
 -7.5204730e-01
  3.9131626e-01
  6.2671423e-01
 -1.0196754e+00
  1.0091971e+00
  1.3818715e+00
 -7.8267014e-01
  1.2056352e-01
 -9.4552684e-01
 -1.6480699e-02
  4.8461115e-01
 -7.0829505e-01
  9.9428490e-02
 -4.5043907e-01
  2.2514088e+00
 -2.0718153e-01
  6.2351417e-02
  1.3967825e+00
  5.4615185e-02
  5.9706455e-01
 -2.8851971e-01
  3.1478769e-01
 -2.0519876e+00
  1.2344040e+00
 -1.5337414e+00
 -9.7680372e-01
 -1.4642539e+00
 -1.5083528e-01
  5.9049630e-01
 -7.8421354e-02
 -1.8080965e+00
 -1.3167925e-01
  2.6158926e+00
 -2.6067567e-01
  9.0183240e-01
 -2.3051713e+00
 -2.4574304e+00
 -1.3960428e+00
  9.9879813e-01
  1.3817853e-01
  2.0353296e-01
  3.8215151e-01
  2.2104449e+00
 -1.1559578e+00
 -8.5928160e-01
  4.4776863e-01
 -1.3442063e-01
  1.9911709e-01
  2.9647357e+00
 -3.4744717e-02
  1.6438386e-01
  2.0957458e-01
 -3.8223410e+00
  4.2933336e-01
 -3.4248385e-01
  8.9400107e-01
 -5.2086394e-02
 -8.1789613e-02
  1.2863667e+00
  1.7202753e+00
  2.2746737e+00
 -2.6171163e-01
 -2.6995244e+00
 -2.8043285e-01
  1.7651351e-01
  1.5817379e+00
 -6.6850466e-01
 -9.4616234e-01
 -3.2487176e-02
 -5.1563323e-01
  1.5965869e-01
 -5.7905346e-02
 -1.3875761e+00
  1.7915041e+00
  4.0706787e-01
 -1.4642878e+00
  8.8793898e-01
 -3.5798818e-02
 -5.4586023e-01
 -5.5908978e-01
 -4.0851607e+00
 -6.0199851e-01
  7.0058244e-01
  4.0542993e-01
  1.7684112e+00
 -1.2572467e+00
 -1.1565832e+00
  1.1148266e+00
  2.7572688e-01
  3.0320892e-01
 -6.1948735e-02
 -1.5545428e-02
  1.4499709e-01
 -7.7626890e-01
 -1.3541880e+00
 -1.8000603e-01
  2.6402123e+00
 -6.6029614e-01
 -6.3757563e-01
  4.3057331e-01
  8.2730615e-01
 -3.1911013e-01
  9.1915268e-01
  1.4484584e-01
 -2.3278768e+00
 -2.7259374e-01
  1.4198773e+00
  1.0222539e+00
  7.5442266e-01
 -1.8565737e+00
 -4.8565468e-01
 -1.2011714e+00
  4.5104671e-01
 -3.9885047e-01
  1.1265576e+00
  6.0163891e-01
  6.0266930e-01
  8.8635325e-01
  5.9114184e+00
 -2.2878973e-01
 -5.6580848e-01
 -1.2217284e-01
 -2.2040516e-01
 -3.0869910e-01
 -1.3800035e-01
  1.6863663e+00
 -3.0952020e+00
 -6.9845951e-01
 -1.0022164e-01
 -5.2867252e-01
  2.7417243e-01
  4.2003147e-02
 -1.1025075e+00
  2.6751275e+00
 -1.2415856e+00
  8.7965316e-01
 -5.9924364e-01
  8.6343843e-01
  1.2191571e+00
 -7.3319457e-02
 -1.8215711e+00
 -2.1435926e+00
  7.7492636e-01
 -3.2810885e-01
  2.7092650e+00
 -8.2994992e-01
  2.2671404e+00
  3.0891466e-01
 -9.1936880e-01
 -4.5946696e-01
  5.7147241e-01
  8.7849051e-01
  1.1524533e+00
  2.8908524e-01
  1.0606079e+00
  9.9745888e-01
  1.5275747e+00
 -7.7170901e-02
  8.3321941e-01
 -1.4005941e+00
 -3.5826927e-01
 -6.0560822e-01
  2.5159652e+00
 -1.4866618e+00
  1.1300834e+00
  1.1743584e+00
  1.9777936e+00
 -2.2741253e+00
  1.8299612e+00
  2.2390294e+00
 -2.8173253e-02
  1.9436204e+00
  4.8281902e-01
  5.9150137e-02
  3.0448976e+00
 -1.3612328e+00
 -2.0772468e-01
 -2.0345192e-02
  3.4634241e-01
 -1.0047640e+00
  5.7553113e-01
 -1.2240108e+00
 -7.0760775e-01
 -1.7156844e-01
 -6.4709997e-01
 -1.3563451e+00
 -1.0173676e+00
  1.9510311e-01
 -2.1153791e+00
 -9.1225469e-01
 -9.7353429e-02
 -5.9546196e-01
 -1.1181213e+00
  1.2957442e+00
 -1.5989071e+00
 -1.2907866e-01
  1.0839672e+00
  5.2599102e-01
 -6.4251542e-01
 -5.8668208e-01
 -5.9340531e-01
  3.1909397e-01
 -8.3248043e-01
 -1.3840123e+00
 -1.8662037e+00
  1.2652180e+00
  9.6981698e-01
  8.8717556e-01
  7.1789956e-01
 -1.4117525e+00
  4.2773172e-01
 -1.2454480e+00
  4.1475478e-01
 -1.0419943e+00
 -2.1713004e-01
 -1.3291506e-01
 -3.0933113e+00
 -2.3091818e-01
 -1.6617826e-01
 -3.8752979e-01
  9.6503073e-01
  6.1694407e-01
 -2.0867442e-01
 -1.5082030e-01
  1.8140950e+00
 -7.5738198e-01
  9.8524100e-01
 -1.4443095e-01
 -1.7613002e+00
  2.3448606e-01
  1.2465271e+00
  4.8997608e-01
 -3.3494079e-01
  4.1145727e-01
  3.2837930e+00
 -2.6568027e+00
  4.1211891e-01
  6.9925791e-01
  5.1476276e-01
 -3.1266642e-01
 -9.2055626e-02
 -6.0309023e-01
  1.6434815e+00
 -8.9538831e-01
  6.8921322e-01
  9.4467241e-01
  5.7707960e-03
  3.7120527e-01
  1.2339115e+00
 -5.6444269e-01
  1.6644882e+00
 -2.2088809e-01
 -1.1378487e+00
 -1.0880136e+00
 -2.9880559e-01
  7.4338824e-01
 -6.3724977e-01
 -4.1758433e-01
 -9.7784734e-01
  1.2574542e-01
  2.8691030e-01
 -1.0259752e-01
  1.4069688e+00
  3.6956191e-02
  1.7289232e-01
  2.0320647e+00
  2.6126972e-01
  1.1702907e+00
  4.8916760e-01
  1.1813918e+00
  2.0072145e+00
  2.3970065e-01
  7.5963145e-01
  2.6479951e-01
  2.6803160e-01
  3.5164818e-02
 -1.5114032e+00
 -2.2399554e-01
  7.8453970e-01
  1.2618005e+00
 -1.7854874e+00
 -4.2170870e-01
  1.7806707e-01
  9.0757832e-02
  1.0307835e+00
 -1.0615735e+00
 -2.2142282e-01
  8.4039390e-02
  2.6978234e-02
  2.2826941e+00
  9.3570924e-01
  2.3143687e+00
  8.2453358e-01
  2.8216562e-01
  3.2704072e+00
 -3.2419315e-01
 -2.5621635e-01
  2.1439016e+00
  3.3963060e-01
  4.3804135e+00
  2.1077996e-01
 -2.6757119e+00
  3.8856573e+00
  1.2763231e+00
  7.3392326e-01
 -1.3615097e-01
 -3.3240488e-01
 -2.2964887e-01
  4.4225806e-01
 -5.4380095e-01
 -6.9582850e-02
  8.6072880e-01
 -8.9990878e-01
  5.9286350e-01
 -9.3801814e-01
  5.4177207e-01
 -1.1814709e+00
 -1.6529040e+00
 -2.1210040e-01
  5.3075150e-02
 -4.3985519e-01
 -2.0552517e-01
 -7.0254272e-01
  1.6776316e+00
 -7.5262666e-01
 -2.5470457e+00
 -6.7410028e-01
  7.6604933e-02
 -2.0391458e-01
 -1.0733951e+00
  1.2367450e+00
 -3.3545725e-02
 -1.5868168e-01
  2.2281249e+00
 -7.7935129e-01
 -2.2579551e-01
 -7.5595093e-01
  1.0479743e+00
  1.8386711e+00
 -2.1079051e-01
  1.0033119e-01
 -1.4526809e+00
 -8.3343250e-01
  8.2411110e-01
  1.2296339e-01
  1.3731967e+00
 -1.4645245e+00
  1.9089934e+00
 -3.5012573e-02
  1.1956699e-01
 -2.8624198e-01
 -7.8540248e-01
  1.1682568e-01
 -5.7890570e-01
 -1.3241825e-01
 -3.6891740e-02
 -1.5505252e+00
  9.4594800e-01
  9.9161780e-01
  6.1330624e-02
  2.3275807e+00
  1.1454467e+00
  3.0684260e-01
  6.8240339e-01
  5.6215876e-01
 -2.2518869e-01
  3.7518185e-01
  2.7498582e-01
 -4.1396385e-01
 -1.1427347e-01
  2.3618953e+00
  2.4115333e-01
  6.3128728e-01
 -6.9820267e-01
  4.6505347e-01
  8.5317194e-01
  6.5460163e-01
 -1.3645071e+00
 -6.7345202e-01
  6.0025787e-01
 -1.0635335e+00
  4.5468971e-01
  7.8596556e-01
  6.2096465e-01
  8.7837112e-01
  4.5646584e-01
 -4.0252012e-01
 -1.4578842e-01
  1.1590427e-01
  1.7226790e-01
 -3.7672800e-01
 -9.5247394e-01
  2.8279430e-01
 -5.2510357e-01
  1.3740192e-01
  2.9201874e-01
 -3.1166962e-01
  1.7514268e-02
 -3.4760734e-01
 -6.4335173e-01
  1.6215530e-01
 -1.5184313e+00
 -1.6489037e+00
  1.9702343e+00
 -6.0479820e-01
 -3.2370666e-01
  2.8000014e+00
 -3.5983506e-01
 -2.4849172e+00
  1.8254404e-01
 -1.0325155e+00
  1.1065123e+00
  8.8149601e-01
  2.5710252e-01
 -2.0909941e+00
 -1.1517484e-01
  1.3024876e-01
 -9.4534598e-02
 -2.4394280e-01
 -1.7578361e+00
 -2.0115888e-01
 -1.0736920e+00
 -3.5769902e-02
  1.1302077e+00
 -7.7242994e-01
 -4.4977081e-01
 -1.9266697e+00
  3.4501082e-01
 -7.5187039e-01
 -1.2095833e+00
 -1.1092782e+00
 -1.0835530e+00
 -5.5350763e-01
  7.5349647e-01
 -1.4890894e+00
 -1.5534019e+00
  1.9772686e+00
  3.5615078e-01
 -1.4972399e+00
 -5.5314481e-01
 -1.3047217e+00
 -7.2143698e-01
 -6.6072530e-01
 -2.3356205e-01
  6.7106351e-02
 -2.2985628e+00
 -5.4788727e-01
  1.1949528e+00
 -3.1294963e-01
 -2.0018256e+00
 -7.3060453e-01
 -1.8995936e+00
  7.8114349e-01
 -5.3423846e-01
  1.0582103e+00
 -1.1626804e+00
  7.2785452e-02
 -1.3139611e+00
  4.0259200e-01
  1.0547507e+00
 -2.3771925e-01
  2.2196181e+00
  1.0186957e+00
  8.2031423e-01
  6.1187476e-01
 -7.9265290e-01
 -2.3845329e+00
 -1.0231566e+00
 -1.8317467e+00
  6.9012642e-03
  1.8337656e+00
 -1.0157071e+00
 -2.3421152e-01
  1.8183633e+00
 -1.2767928e+00
  3.1309170e-01
 -7.1960139e-01
 -7.3389605e-02
  1.1358966e-01
  6.3217729e-01
  6.2619214e+00
  3.3698160e-02
 -7.5196885e-02
  5.2467179e-01
  6.9863713e-01
  1.2413593e-01
  8.2292604e-01
 -2.4004416e-01
 -1.0115575e+00
  3.3590651e-01
 -7.9485953e-01
 -7.0724301e-03
  3.1488621e-01
  7.7695519e-01
  6.1803721e-02
  3.9210448e-01
  1.1750185e+00
  1.8701569e+00
  3.8233823e-01
  6.0930896e-01
 -3.4205467e-01
 -1.2902181e+00
  2.7708144e+00
  1.7199122e+00
 -6.6674121e-02
 -7.8080440e-01
  4.3438956e-02
  1.0712763e+00
  1.1082546e+00
 -1.1453557e-01
 -1.3498576e+00
  2.8646016e-01
  2.7787352e-01
 -3.2681338e-03
 -4.4753388e-01
 -2.8308681e-01
  2.5674114e-01
 -5.9124174e+00
 -2.5351229e-01
  1.6541857e-01
  1.2049758e+00
  1.2072957e-01
  6.3442759e-02
 -2.9139927e-01
 -1.1066303e-01
  1.8791580e+00
 -2.4203534e+00
 -6.9752187e-01
  1.6251570e-01
 -1.3553591e-01
 -1.0871316e-01
  1.0863357e+00
 -6.6122365e-01
  1.1366265e+00
 -7.3844820e-02
 -9.0026510e-01
  8.0332942e-02
  1.5509085e-01
  3.6793634e-01
  4.2705020e-01
  9.6225446e-01
 -1.8162392e+00
  3.1952116e-01
 -4.4758129e-01
  6.0104132e-01
 -1.0222614e+00
 -7.9945868e-01
  4.3272001e-01
 -4.6600887e-01
 -2.9073796e-01
  4.6955608e-02
  3.0759820e-01
  8.0880231e-01
 -7.0011795e-01
 -3.2157063e+00
 -2.0519731e+00
 -1.0456457e+00
 -6.8290934e-02
  3.9675552e-01
  6.0413253e-01
  7.8878754e-01
 -2.0983081e+00
  3.9293051e-01
  1.0539028e-01
 -1.4506662e+00
 -4.2846718e-01
  2.4067241e-01
 -5.4276270e-01
 -6.8739899e-02
 -7.1738744e-01
 -4.2213012e-02
 -4.9488860e-01
  8.2954246e-01
 -2.8711154e+00
  4.7405323e-01
  1.1952161e+00
 -6.1001286e-02
 -8.2632825e-02
  6.1422598e-02
  5.6526735e-02
 -1.2614771e+00
 -2.0939544e-02
  8.0612499e-01
 -1.6780946e-01
 -4.6316245e-01
 -9.3808454e-01
  4.8960584e-01
 -1.5963749e+00
 -4.6782217e+00
 -8.2586539e-01
 -6.1878747e-01
  1.9227648e+00
 -1.1463494e+00
 -3.3704083e+00
 -7.4084580e-01
  8.3204782e-01
  7.7299580e-02
 -4.2889309e+00
  1.1457265e-01
  1.6914111e-02
  4.8222020e-01
 -1.1965249e+00
 -9.9253410e-01
 -1.7430359e+00
  1.3824914e+00
  1.2349517e+00
  3.1689945e-01
  6.2866735e-01
 -7.5667781e-01
  3.9351133e-01
 -6.8304956e-01
  8.2016103e-03
 -9.2735142e-01
  3.1857854e-01
  2.8006873e-01
 -4.7653856e+00
 -2.6285992e+00
 -1.1513947e+00
 -1.2047825e+00
 -4.7095317e-01
 -1.0710189e+00
 -6.8309712e-01
 -7.6498948e-03
 -6.1396968e-01
  1.1497000e+00
  8.1563428e-02
 -1.4385175e+00
  6.5128922e-02
 -3.7060323e-01
 -1.2968422e+00
 -7.8865774e-02
  3.4548965e-01
  1.2114000e-02
  3.9128342e-01
  3.3304179e-01
 -1.5591720e-01
 -8.1965435e-01
  8.0502583e-03
 -9.1143990e-01
  9.4265443e-01
  9.4336905e-02
 -9.3840605e-01
  1.6083147e-01
 -4.7287557e-01
  7.2083223e-01
 -1.5919670e-01
 -3.5391068e-03
 -1.9470083e+00
  2.5092652e-01
 -9.9918437e-01
  1.7259680e+00
  9.9626654e-01
  1.1024337e-02
 -1.1346745e+00
 -4.9258585e+00
  1.9347163e+00
 -4.6077570e-01
 -2.4157023e+00
 -3.0545595e+00
 -2.1519811e+00
  1.2422521e+00
 -3.7347159e-01
 -2.2666826e+00
 -6.5277517e-01
  2.9752319e+00
  6.4094079e-01
 -2.1767945e+00
 -5.3240180e-01
 -1.2306473e+00
  1.3028024e+00
 -4.0773883e-01
 -2.7832014e-02
 -2.8755350e-02
  8.8006818e-01
 -6.5567720e-01
  1.6113785e-01
 -9.7968623e-02
 -1.0374349e+00
 -4.9695830e+00
 -7.5384158e-01
  6.6514456e-01
  1.2664328e+00
 -3.3960171e+00
 -2.6218054e+00
  1.0712001e-01
  1.7107041e+00
 -1.4234494e-01
 -2.0565507e+00
 -1.6965848e+00
 -8.3273315e-01
 -2.1270710e-01
 -4.6946058e+00
  2.0024025e+00
  1.2304552e-01
 -4.2432947e+00
 -4.4193115e+00
  3.5367324e+00
  9.7577423e-01
 -3.7756455e-01
 -2.4107482e+00
 -2.5909159e-01
  2.3911521e-01
  1.3671710e-01
 -1.4333034e+00
  3.8476384e+00
 -1.8166202e+00
 -1.2307923e+00
  2.1808451e-01
 -2.7010787e-01
 -2.1353079e-01
 -1.3899472e+00
  1.7806195e-01
  1.5931614e-01
  2.7946463e-01
  9.7774798e-01
 -1.6386591e-01
 -8.2232140e-02
 -3.5852718e-01
  1.4385319e+00
 -5.2434921e-01
  1.7772712e-01
 -4.6832520e-01
 -7.7179086e-01
  4.3570083e-01
  6.4200598e-01
  1.9735662e+00
 -1.5210189e-01
 -9.3425915e-02
 -3.1067455e-01
  6.8691182e-01
 -1.6415320e-01
  1.1351077e-01
 -5.6822610e-01
 -3.3107659e-01
 -1.7952347e+00
  1.0904217e-01
  6.3208604e-01
 -5.1899880e-01
  5.8327585e-01
 -1.6721522e+00
 -3.1244102e+00
 -2.1556570e-01
 -1.0198547e+00
  8.8365507e-01
  1.0166492e+00
  1.9184897e+00
  3.3323541e+00
  2.4915621e+00
 -7.8257158e-02
  1.6403298e+00
 -1.1784475e-01
 -4.4303519e-01
 -1.7416811e-01
  4.6198118e-01
  1.1190205e+00
  9.7375685e-01
  9.5592171e-01
 -1.2305156e+00
 -1.8793180e+00
  4.3562430e-01
 -7.1470791e-01
 -1.0893800e+00
 -9.6905865e-02
 -6.9168478e-01
  1.7074474e+00
 -3.1799054e-01
 -4.9564078e-01
  1.2454617e+00
 -1.0265408e+00
 -1.6324340e+00
 -3.8450521e-01
 -2.7947050e-01
 -6.2907016e-01
 -1.0592213e+00
  2.2612453e-01
 -8.2360536e-01
  3.8700356e+00
  1.1629030e+00
 -5.1912737e-01
  4.3088678e-01
  1.0236476e-01
  2.1518598e+00
 -4.1739047e-01
  4.7908419e-01
  2.0453954e-01
  2.4033127e+00
 -3.4786713e-01
  1.3643444e+00
  1.7602096e-01
  1.0416420e+00
  1.3446715e+00
 -9.8780525e-01
  1.1309483e-01
  9.4854385e-03
 -1.6506547e+00
 -3.7844058e-02
 -1.0543822e+00
 -1.2924262e+00
 -2.7186337e-01
  1.5548377e+00
  1.4641035e-01
  2.4901142e+00
 -4.5526889e-01
 -9.8744291e-01
 -4.5910567e-01
  3.8243338e-02
 -6.2140018e-01
  1.1260238e-01
  1.1246066e+00
  9.3172240e-01
 -3.0147639e-01
  1.3259633e-01
 -2.6188958e+00
 -3.4654739e+00
 -9.5599371e-01
 -6.1188512e-02
  9.7699118e+00
 -5.6331921e-02
 -7.8143340e-01
 -1.5964233e+00
 -3.9761788e-01
  1.0116624e+00
  4.5369854e+00
  2.2034898e-01
 -1.1543885e+00
 -5.8284211e-01
 -2.3286742e-01
 -4.3535094e+00
  2.8529749e+00
  2.7271020e+00
  1.3143036e+00
 -1.5255177e-01
  2.0627469e-01
 -8.7748605e-01
  1.6829021e+00
 -4.4803807e-01
  1.3205535e+00
 -7.3689556e-01
 -2.8395188e-01
 -2.0935574e+00
  1.8058105e+00
  6.7556343e+00
 -6.3007970e+00
  1.4245348e+00
 -1.4007406e+00
 -1.2758443e+00
  1.0563215e+00
 -4.7302601e-01
 -1.5276790e-01
 -3.5412464e+00
 -7.9447728e-01
 -8.1082505e-01
 -3.3334774e-01
  7.5512695e-01
  2.5557916e+00
  7.1961713e-01
  5.9295857e-01
 -1.0729831e+00
  2.9848874e+00
  4.9262366e+00
  9.2374945e-01
 -1.8347132e+00
  1.2507396e+00
  1.3748763e+00
  1.1860271e+00
  3.9977748e+00
 -4.6586281e-01
 -2.9299428e+00
  1.4850882e-02
 -1.6772937e+00
  3.2067819e+00
 -4.9208765e+00
 -1.9374204e-01
  1.8751638e+00
  1.8880591e-01
  3.2549684e+00
  5.1501054e-01
  1.8828849e+00
  8.2000637e-01
 -1.2087595e+00
 -1.4320822e+00
  2.1284096e+00
 -4.3631751e-02
 -6.4332551e-01
  9.7723968e-02
  4.6195528e-01
  1.2547486e+00
  1.7916408e+00
 -5.9176522e-01
  2.3667309e-01
 -1.1553268e+00
  3.2652717e-02
 -1.4683324e+00
  1.4556361e+00
 -2.8462723e-01
  8.5456711e-01
 -1.0747035e+00
  1.0214750e-01
  4.8387721e-01
  9.2935795e-01
  1.1810673e+00
 -7.3979133e-01
  1.0919002e-01
  3.4892455e-01
  3.4789380e-01
 -1.0773807e+00
 -2.3711445e+00
  3.2539845e-01
 -2.0767163e-01
 -5.2882481e-01
 -9.8613381e-01
  1.5899488e+00
 -6.2564445e-01
 -3.0280924e+00
 -3.5637057e-01
 -1.5092854e+00
 -8.7608415e-01
 -5.9881461e-01
 -6.3078389e-02
  3.3310273e-01
 -1.0280073e+00
  1.7737834e+00
  2.4598692e-01
  5.3353715e-01
  9.6977335e-01
  8.7991530e-01
  1.9387650e+00
  6.1261559e-01
 -3.2260418e-01
  3.1147377e+00
  2.5086913e+00
  2.1356575e+00
  1.3084159e+00
 -9.1628963e-01
  7.2040087e-01
 -3.2117095e+00
 -2.1022003e+00
 -1.8845670e-02
 -1.1916602e+00
  1.3501111e-01
  4.5867512e-01
  1.6262500e-01
  1.9401430e+00
  4.6120819e-02
 -2.6825881e-01
 -1.0437376e-01
 -2.8641589e+00
  1.0512383e+00
  1.7822386e+00
  3.5292010e+00
  1.8314635e+00
 -1.8080212e+00
 -8.7819743e-01
 -7.7360861e-02
  3.9707264e-01
  1.7383353e+00
  1.7379552e+00
 -1.7146537e+00
  6.5141499e-02
  3.0493321e+00
  8.1396669e-01
 -4.0120390e-01
  1.3695773e+00
  2.2392838e+00
 -3.7219441e-01
 -2.3433597e-01
  1.7137665e+00
 -8.6891764e-01
  2.4465822e-01
  1.5950652e+00
 -1.4053330e+00
  3.4926164e-01
 -1.1467150e+00
  3.1259487e+00
 -1.3352659e+00
  2.1321604e+00
  1.5805529e+00
 -2.6184168e+00
 -2.5518765e+00
  5.5318724e-02
  1.3326603e+00
 -8.1240320e-01
 -2.4421005e+00
 -1.5149451e+00
 -4.8355339e-03
  1.3356800e+00
 -8.6559407e-02
 -5.3705829e-01
  8.9647365e-01
  1.5353270e+00
 -1.3621559e+00
 -7.3270500e-01
  1.7499442e+00
 -6.7542610e+00
 -1.5854599e+00
 -3.2856536e-01
 -1.2005390e+00
  9.5915800e-01
 -2.1901093e+00
 -8.3166152e-02
 -2.5127137e-01
  1.0360911e-01
 -5.1639152e-01
  2.4317279e+00
  5.1647103e-01
 -2.1917707e-01
 -8.2433432e-01
 -1.5867546e-01
  1.2558197e+00
  8.2519537e-01
 -4.0850359e-01
  1.0723152e+00
  6.9405116e-02
 -2.7500903e-02
  1.3684716e+00
 -3.1340909e-01
 -1.1090038e+00
  1.3686499e-01
  1.6989143e+00
  1.0422565e+00
  1.5619441e+00
 -2.4780783e-01
  4.8456555e-03
  1.9910058e-01
  2.2248096e+00
  5.5385149e-01
  1.3920422e+00
  3.8152838e-01
 -1.9432428e+00
 -1.2686454e+00
 -8.4500626e-02
 -1.1831052e+00
  1.7397901e+00
 -1.2163327e+00
 -1.8396488e+00
 -1.4400064e+00
  7.1700238e-02
 -2.4307933e+00
  3.1659982e+00
  1.7949963e+00
  2.7032161e-01
 -9.6658848e-02
 -1.6403686e+00
  3.4841710e-01
  3.6671212e+00
 -5.4311478e-01
  1.2479535e+00
  9.1175377e-01
  9.4842499e-01
 -4.8261514e-01
  5.3720689e-01
 -2.0512369e+00
 -3.4644139e-01
 -5.4234320e-01
 -3.7976824e-02
 -6.6100842e-01
  3.2893986e-01
  6.8118888e-01
 -1.1645014e+00
  2.4546611e-01
  1.3371241e+00
 -3.3147834e-02
 -2.3101120e+00
  3.4437516e-01
 -3.5975054e-02
  1.3684431e+00
 -3.2438376e+00
  5.0318789e-02
  1.3808771e+00
 -1.2524767e-01
  1.3587669e-01
 -3.5994807e-01
 -7.2643977e-01
 -2.5725832e+00
  1.6489069e+00
 -2.5716469e-01
  1.1225910e+00
 -1.8623848e+00
 -3.7488170e-02
 -1.0189359e+00
 -1.3337962e-01
  3.8970549e+00
 -1.2902853e-01
  5.0918412e-01
 -1.5087426e+00
 -4.6377504e-01
 -2.5410085e+00
 -1.9963850e+00
  2.9643276e+00
  9.4258165e-01
 -5.9084082e-01
  1.3019239e+00
 -6.5307480e-01
 -9.3877250e-01
  3.5059595e+00
  1.5689894e+00
  5.0754622e-02
 -5.5178201e-01
 -1.8632255e+00
 -7.9599720e-01
 -5.4630911e-01
  1.4203285e+00
  2.5071001e+00
 -1.2708039e+00
 -1.7868795e+00
  4.9242005e-01
  3.3259988e+00
 -2.6842914e+00
 -3.5613394e-01
 -5.4633212e-01
 -1.5654205e+00
  1.3287798e+00
  1.2050643e+00
 -3.7492353e-01
  1.2112670e+00
  2.5816047e+00
  1.1451795e+00
 -1.4228885e+00
  4.4662151e+00
  1.4174622e-01
 -1.8810275e-01
 -1.0808277e-01
  1.4704061e+00
 -2.1205060e-01
  1.4365058e+00
  1.3046261e+00
 -2.1489949e+00
  6.1098956e-02
 -1.1898907e+00
 -2.4599779e+00
  2.6705196e-01
  4.1774292e+00
  2.6615629e+00
 -1.3922869e-01
  3.3088739e+00
  3.4998408e-01
  2.4405621e-01
 -1.2355651e-01
  3.1175134e-01
 -7.5049728e-01
  9.1453820e-01
  5.9898615e-01
  1.6441785e+00
 -1.4268976e+00
  1.9428107e-01
 -1.3668160e+00
  3.5024312e+00
 -1.1737769e+00
  8.6954877e-02
 -1.8627439e+00
  9.9572474e-01
  1.6371870e-01
  4.2387635e-01
 -2.4303031e-01
 -4.1807801e-01
 -2.8656742e-01
  3.3192596e-01
  4.8040098e-01
  8.0921775e-01
  1.5425892e+00
  1.1257001e+00
  6.2852073e-01
 -1.2515225e+00
 -1.3686681e+00
  2.9463825e+00
  7.7317232e-01
 -2.3372061e+00
 -2.2090423e-01
 -1.1874008e+00
 -1.5706093e+00
 -1.8126268e+00
  1.1002133e+00
  9.8164386e-01
 -2.5602024e+00
 -1.7783302e+00
 -1.6138107e+00
 -3.4084311e-01
 -9.1918427e-01
 -7.8282297e-01
  1.9380096e+00
  1.0467957e-01
 -7.1959400e-01
  9.9498224e-01
  5.9476680e-01
 -1.4530753e+00
 -5.7138622e-01
  3.9248788e+00
 -4.9874413e-01
  2.5772691e-01
  2.8919678e+00
 -3.5454922e+00
  1.7853758e-01
  1.7867792e-01
 -3.8276574e-01
 -7.8697914e-01
  3.2140849e+00
 -1.1273792e+00
 -6.5814626e-01
  3.1274416e+00
  2.5807036e-02
  4.6596396e-01
  2.2915763e-01
 -6.6449614e-03
  4.7735430e-02
  2.0843890e+00
  1.4350396e-02
 -1.0860362e+00
 -6.3175750e-01
 -1.2386651e+00
  1.4047588e+00
 -5.9423769e-01
  1.9246648e-01
 -4.7789654e-01
 -1.2933013e+00
 -4.1731310e-01
  2.6791790e+00
  4.5526713e-01
 -4.9017161e-02
 -4.6577895e-01
  2.0525122e+00
 -1.1154408e+00
 -1.5320292e-01
  1.1159366e+00
  2.9931656e-01
 -1.0118599e+00
  2.7735564e-01
  1.1909045e+00
  3.3620533e-01
 -3.8547843e+00
  1.0736953e+00
  7.7475820e+00
 -4.0337071e-01
 -3.2229986e+00
  4.2749491e+00
  1.9117007e-01
  4.3697109e+00
 -1.2281270e-01
  1.0834538e+00
  3.3789369e-01
  9.8899889e-01
  5.2274380e+00
  2.7729242e+00
  2.3409882e+00
 -4.0114455e+00
  5.9150167e+00
 -1.2291664e+00
 -3.1884234e-02
  3.4424168e-01
  2.4225690e+00
 -3.8851820e-02
  1.4275690e+00
  9.6871650e-01
 -1.6192638e+00
  1.5032263e-01
  1.6948112e+00
  1.4409178e+00
  2.5234017e-01
  4.8211429e-01
  4.5193467e-01
 -8.1431586e-01
 -7.5330675e-01
 -3.5421393e+00
 -9.7698164e-01
 -2.2300313e+00
 -9.6688682e-01
  8.6711514e-01
  1.4561850e+00
 -2.0084393e-01
  1.5316986e+00
 -6.9704944e-01
 -2.3932265e-01
 -2.8315492e+00
  1.5108120e+00
  1.1248827e-02
  2.5471544e+00
 -6.7748898e-01
 -3.8730496e-01
  8.3969009e-01
  2.5671113e-01
 -2.5830081e+00
  1.2799026e+00
  4.2842782e-01
  2.5253718e+00
  9.1596413e-01
  2.2934869e-01
  9.9808306e-01
 -1.0263246e+00
 -3.2253045e-01
  1.6052773e+00
  5.4430202e-02
 -1.5253304e+00
 -2.8517756e+00
 -1.7569155e+00
 -2.8125572e-01
 -1.4348015e-01
  3.4704310e-01
  4.1266301e-01
  2.0876672e+00
  4.9773222e-01
 -1.2730342e+00
  5.3062296e-01
  2.6412806e-01
 -1.9457957e+00
  1.0962111e-01
  5.0398260e-01
 -2.1254451e+00
 -3.0026826e-01
 -2.6765186e-01
  2.3229355e-01
 -6.2133845e-02
  3.1515294e-01
 -3.3444175e-01
 -3.7520578e+00
  1.1221032e+00
  6.0864091e-01
 -5.1263976e-01
 -1.1866726e+00
  7.4037063e-01
  1.1140655e+00
 -6.5452129e-02
 -5.1741977e+00
 -1.4169770e+00
  3.3925092e-01
  3.0126724e-01
  7.3487902e-01
 -3.8909709e-01
 -7.8050369e-01
  1.4514036e+00
  8.9540213e-01
 -6.2724715e-01
  4.4758666e-02
  3.3162634e+00
  7.2918558e-01
 -1.1503652e-01
 -5.7498205e-02
  1.1591417e+00
  1.3155154e+00
 -3.6013401e-01
 -2.1209617e+00
  6.4630473e-01
 -2.7437186e-01
 -4.0707949e-01
 -2.0974245e+00
 -6.3645017e-01
  2.2445602e+00
  1.3034882e-01
 -6.6596580e+00
  1.2964883e+00
  1.4502755e+00
  4.0531963e-01
 -2.1204226e+00
  7.0752662e-01
 -6.1763632e-01
  4.3136349e+00
  2.3317009e-01
 -1.0288185e+00
  5.8047348e-01
  1.3192577e+00
  1.6334831e+00
 -7.5735539e-01
 -4.2995191e-01
  3.8655832e+00
 -1.5194553e-01
  1.4509331e+00
  4.2084712e-01
  5.3697600e+00
  2.5056565e-01
  4.2106991e+00
  7.2533625e-01
  4.9945140e-01
  2.6259869e-01
  5.2359015e-01
  1.1636591e+00
 -2.5494468e+00
 -1.9199991e+00
  2.3783921e-01
  4.2540941e-01
 -2.8297265e+00
 -1.2291791e+00
  1.9979196e+00
 -2.5251262e+00
  1.1641105e+00
 -5.5516386e-01
 -2.2621391e+00
 -8.7212545e-01
  5.1187855e-01
 -1.9073921e+00
  3.9605241e+00
  3.2848110e+00
 -7.1996635e-01
  1.8649230e+00
 -2.1896806e-01
 -9.8258972e-02
  8.4131652e-01
  8.9933354e-01
  8.8534522e-01
 -2.2782373e+00
  1.1177038e+00
  9.0923697e-01
  8.3276820e-01
  1.4491841e+00
 -8.4083281e-02
 -2.4127874e+00
 -1.2739363e+00
 -5.3347993e-01
  1.5643140e+00
  2.8441813e+00
  1.9407001e-01
  9.2877388e-02
  6.5256685e-01
 -2.4320107e+00
 -6.7354590e-01
 -2.1272545e-01
  7.5072420e-01
 -2.4147601e+00
 -6.2838483e-01
 -3.3223668e-01
 -2.5081160e+00
 -5.1588458e-01
 -5.0010638e+00
 -9.6317321e-01
  7.9317486e-01
  1.0517282e+00
  2.8422127e+00
 -1.8055657e-01
 -3.9723876e-01
  1.9605305e+00
  7.4768579e-01
  3.2274091e-01
 -6.5383071e-01
  5.0876305e-02
  5.4107475e-01
 -1.1770323e-01
 -3.6809617e-01
  3.6624140e-01
 -4.4131665e+00
 -4.8646307e+00
  1.9585350e+00
  9.6132141e-01
  5.5583698e-01
 -5.8055788e-01
 -1.3890886e+00
  4.2971554e-01
  6.5448213e-01
  1.1662011e+00
  7.8773016e-01
 -4.9951080e-02
 -7.0540762e-01
 -7.6990807e-01
 -7.7563924e-01
  6.3602287e-01
  1.9940569e+00
  1.1825914e+00
  3.2288119e-01
 -1.0026729e+00
 -1.8486348e+00
  3.6720440e-02
 -8.7275857e-01
  9.2283416e-01
  2.0373025e+00
  6.2126964e-02
  1.2914324e+00
  8.6358643e-01
  5.1111370e-01
  2.8378153e-01
  4.9084350e-01
  1.7090193e+00
  1.2167792e+00
  1.9715950e+00
  2.0226407e+00
  2.2018120e+00
 -2.1488225e+00
  1.0853128e+00
  8.1710654e-01
  2.1458752e+00
  1.5223336e+00
 -6.0068095e-01
 -2.1890152e-01
  2.8738105e+00
  1.8582503e+00
  5.7187325e-01
 -2.1526237e+00
  3.0515463e+00
 -3.0228984e-01
  1.3993467e+00
 -1.3779240e+00
  1.5618612e+00
 -6.9552308e-01
 -3.1198287e-01
  7.1502626e-01
  1.2230439e-02
 -3.1530900e+00
 -4.6545637e-01
  5.1732337e-01
  1.6247891e-01
 -3.0651307e-01
  4.8252516e-03
 -1.4399108e+00
 -2.5736821e+00
 -4.4020107e-01
 -3.0835116e-01
 -1.8992279e+00
 -3.0174084e+00
 -1.9260532e+00
  7.1601212e-01
 -1.8316846e+00
 -7.5307056e-02
 -2.7912204e+00
 -4.9940352e+00
 -2.8320048e+00
 -1.1597645e+00
 -1.0073206e+00
 -5.1074535e-01
 -2.7055085e+00
  6.2600547e-01
 -2.3121338e+00
  2.0576279e+00
 -5.7857549e-01
 -1.2780005e-01
  1.0557740e+00
  7.8391784e-01
 -2.1031291e+00
 -6.1044741e-01
  2.4719593e-01
 -7.7667880e-01
 -3.5139576e-01
 -8.0466634e-01
  1.2389317e+00
 -2.4560652e+00
 -5.7993329e-01
 -1.8717341e+00
  9.8266762e-01
 -3.4490783e+00
 -2.2770443e+00
 -3.5606676e-01
 -2.5248912e-01
  4.6090209e-01
  2.8024495e+00
 -2.9658622e-01
  3.1117633e-01
  2.2548993e+00
  3.6210194e-01
 -9.0468788e-01
  1.9039581e+00
 -8.3047420e-01
  7.9293388e-01
  7.4552679e-01
 -9.5485985e-02
 -2.4561092e-02
  2.2522101e+00
 -8.9359975e-01
 -2.5306639e-01
 -6.3510829e-01
 -2.8384831e+00
  8.0881342e-02
  1.1634893e+00
 -1.9759494e+00
  2.3842666e-01
  7.6102901e-01
  1.5170476e+00
  7.1562648e-02
  6.9950849e-01
  1.2024119e+00
 -9.2672169e-01
 -3.0021286e-01
 -1.7311327e+00
  3.7896788e-01
 -2.4408674e-01
 -1.4762300e-01
 -4.0087968e-01
 -1.3056018e+00
  9.6948743e-01
 -1.8334634e+00
  1.0702908e+00
 -5.5456954e-01
 -2.1610901e+00
 -1.2610096e+00
 -6.7722553e-01
  4.8262122e-01
  8.1815130e-01
 -2.1349564e+00
 -4.5688692e-01
  2.1902528e+00
 -6.2956429e-01
  1.0786690e+00
 -5.0006056e-01
 -9.8270792e-01
 -7.7919376e-01
 -6.2275416e-01
  2.1472478e+00
  3.3013976e+00
 -1.0807060e+00
 -1.3950888e+00
 -8.8915154e-02
  3.9683616e-01
  2.0722592e+00
  6.5996307e-01
 -5.4980296e-01
  1.3117245e+00
  8.5077494e-01
 -8.9444160e-01
  3.1697989e-01
  3.4602772e-02
 -1.0946467e+00
 -2.5711599e-01
 -1.3604742e+00
 -1.2688333e-01
 -2.3632069e-01
 -1.3400245e+00
  1.1165502e+00
 -4.8511833e-01
  9.8344100e-01
 -1.3981377e+00
  3.2066880e-04
 -1.0415503e-01
  9.1893589e-01
 -1.7143518e+00
  2.9801831e+00
  6.6307563e-01
  1.9207206e+00
  1.4784664e+00
 -8.3849281e-01
  1.5009327e-01
  4.1569965e-03
 -8.1854224e-01
 -1.0159276e+00
  2.9992339e-01
 -2.6414511e+00
  1.9100657e+00
 -1.1970657e+00
  1.2132958e+00
 -2.5355533e-01
  3.3808303e-01
 -3.9241762e+00
 -1.1119186e+00
 -9.8105967e-01
 -7.4495709e-01
 -1.5434207e+00
  7.0551527e-01
 -1.2730234e-02
  1.1178507e+00
 -8.3147753e-03
 -2.2572198e+00
  8.8280010e-01
  2.5818726e-01
 -1.4390258e-01
 -3.6912796e-01
  1.7082551e-01
 -1.3579212e-01
 -3.0937474e+00
  5.5490601e-01
 -1.9465804e+00
 -7.1686679e-01
  7.7464169e-01
  1.4317631e+00
  2.1034412e+00
  1.4364500e+00
  1.4729853e+00
  1.3716038e+00
  2.8847259e-01
  1.4733990e+00
  9.7029543e-01
  4.6249881e+00
 -3.5512652e+00
  1.8070301e+00
 -9.6085072e-01
  6.1519593e-01
  1.1833093e+00
 -1.2875883e-01
  6.7786556e-01
  1.1902201e+00
 -1.3336029e+00
 -2.1094143e-01
  1.5628370e+00
 -1.6945273e-01
 -8.6685276e-01
  7.0843571e-01
 -8.2469583e-01
 -2.1465342e-01
 -1.8245424e+00
  1.7161649e+00
 -2.3082199e+00
 -1.5400407e+00
  1.7825371e+00
  3.3541813e-01
 -4.8808607e-01
 -1.6510786e-01
 -3.1590018e+00
 -1.0087111e+00
 -7.4282092e-01
  4.4336122e-01
 -2.7239418e-01
  1.5417910e+00
 -2.8054719e+00
 -9.5913208e-01
  3.8094425e-01
 -8.8509190e-01
  3.4912255e-01
 -5.4133009e-02
  1.5762146e+00
 -4.6171317e-01
 -1.4539639e+00
  1.1404603e+00
  1.1175638e+00
  6.2146342e-01
  1.6499654e+00
  4.5114914e-01
  2.2949409e+00
  1.9887957e-01
  1.7533723e-01
 -8.2346880e-01
  1.1970184e+00
  1.7999408e+00
 -1.9923057e-01
  1.6419336e+00
 -1.6500075e+00
 -1.5954308e-01
 -2.8928447e-01
 -2.8146479e-01
 -3.3882648e-01
  2.4282060e+00
 -3.8227880e+00
  1.2277378e+00
  1.3068853e-01
  1.2765476e+00
 -5.6081378e-01
  8.8081323e-02
 -1.5071715e+00
  5.3030241e-01
  3.6666799e-01
  7.0082438e-01
  7.9821712e-01
  5.1708879e+00
 -2.6340809e+00
  1.5734199e-01
  4.0053561e-01
 -2.9451036e-01
  8.4553218e-01
  1.3466901e+00
  7.6700777e-01
  2.2104206e+00
  1.2819721e-01
 -2.3161139e+00
  1.7807894e+00
  5.8102894e-01
  4.3492100e-01
  1.5396443e-01
 -4.7631094e-01
  5.1002151e-01
  5.0760806e-01
 -2.8593671e-01
  2.8915128e-01
  6.8540752e-01
 -4.0594748e-01
  1.2798004e+00
 -5.7285899e-01
  5.9315574e-01
  8.2444173e-01
 -2.3217133e-01
 -9.9033791e-01
  9.7240132e-01
  6.9575548e-01
 -8.8279635e-01
  3.7916124e-01
  6.7228532e-01
 -1.2437391e+00
  9.6034366e-01
  6.5100098e-01
  3.4066648e+00
 -1.2808783e+00
  8.0452389e-01
  1.3643121e+00
  1.3742386e-01
  3.5498214e+00
 -1.4805923e-01
  2.7673686e-01
  1.7798506e+00
  1.5607290e+00
 -5.8128333e-01
 -8.6676514e-01
 -2.5289145e+00
 -1.4629651e+00
  8.1457150e-01
  1.0111690e-01
 -1.9458541e+00
  1.8269002e-01
 -3.8392574e-01
 -1.9078791e+00
  3.2804303e+00
 -1.2542617e-01
  4.5980621e-02
  1.9894007e+00
 -5.6267816e-01
  6.6907197e-02
  1.2577071e+00
 -2.3254826e+00
 -3.7040260e+00
 -4.0167856e+00
 -1.4096363e+00
  8.0301255e-01
 -2.0463316e+00
 -2.6955074e-01
 -6.2338710e-01
 -7.9478884e-01
 -1.4138591e+00
 -1.3519618e-01
 -8.9759964e-01
  1.3376071e-01
  6.2012905e-01
 -7.5173654e-02
  2.0530434e+00
 -6.5039623e-01
  1.1358144e+00
 -4.0986037e+00
  1.9975542e-01
 -3.7945423e-02
 -4.5807201e-01
  1.4580765e-01
 -1.6455674e+00
 -3.6144763e-01
  6.5435505e-01
 -1.1382002e-02
 -7.6852489e-01
  3.9831665e-01
  1.1417059e+00
  6.4418606e-02
 -9.0186411e-01
  3.8950071e-01
 -4.4709194e-01
  5.5177152e-01
 -2.9617739e+00
  1.2359790e+00
 -1.0525661e+00
 -7.7730757e-01
  1.1266249e+00
 -7.2234702e-01
 -4.0075588e+00
 -2.1093650e+00
  2.0083091e+00
 -2.1554763e+00
 -1.4271489e+00
  2.6727898e+00
  4.3835831e-01
  3.6939156e-01
 -3.7362347e+00
  3.9400351e-01
 -9.5946115e-01
  9.6881883e-03
  7.7012956e-01
 -8.3543736e-01
  2.7832646e+00
 -5.6711918e-01
  8.6668462e-02
  1.0069734e+00
 -1.7871110e+00
 -9.1288167e-01
  7.2162139e-01
 -7.9566395e-01
  2.3298749e-01
  8.4319270e-01
 -8.3425951e-01
  9.5198518e-01
  2.0774467e+00
 -3.4705377e-01
 -1.9063283e+00
  5.5268776e-01
  1.2053409e+00
  3.2600398e+00
  1.9179185e-01
 -1.5907147e+00
 -2.6007631e+00
  1.2684964e+00
  7.1275640e-01
  1.5637568e+00
 -1.6448845e-01
 -1.6516762e+00
 -1.1271223e-01
 -1.3577789e+00
 -1.7630930e+00
  7.6981819e-01
  9.0819639e-01
 -2.0943494e+00
  8.2860395e-02
  4.4286969e-01
  2.4587500e+00
  5.3464952e+00
 -3.4727404e+00
  4.5467794e-01
 -2.1484056e+00
 -1.6692820e+00
  7.7572063e-02
  5.6488949e-01
  8.5443759e-01
 -1.7119366e+00
 -7.5892943e-01
  1.0070432e+00
 -9.7733790e-01
 -9.7561258e-01
  1.8702072e+00
  1.0448624e+00
  3.3390823e-01
  1.0857003e+00
 -2.0352854e-01
  1.5141258e+00
 -1.1928785e+00
  2.3450060e-01
  7.5459433e-01
  8.8994078e-02
 -1.1625005e-01
 -2.7482709e-01
 -2.5090647e+00
  1.8103503e+00
  1.2227586e-01
  4.8955226e+00
 -6.3034058e-02
 -1.0165846e+00
  5.8902770e-01
  1.6835445e+00
  5.1630110e-02
  1.2903050e-01
  3.0220592e-01
 -3.3395636e-01
 -8.0221847e-02
 -1.2046149e+00
  1.7749795e+00
  1.8307879e+00
 -1.6200227e-01
  1.2514059e-01
  2.9266131e+00
  3.2826477e-01
 -4.7594935e-01
 -5.6637287e-01
  4.6392106e-02
 -1.3401684e-01
  2.1926594e+00
  8.1713063e-01
  1.6195223e+00
 -6.1562490e-01
 -1.3639003e-01
  1.9720820e+00
  4.1267538e-01
  5.5593371e-02
  1.8115169e+00
  4.2742336e-01
  3.3204120e-01
  1.0848631e+00
 -7.5879103e-01
  8.7353051e-01
  7.3507142e-01
 -9.1312134e-01
 -4.3248600e-01
 -1.2819978e+00
  1.5560071e+00
  3.7457803e-01
  4.6469772e-01
 -8.4296787e-01
  2.0073252e+00
 -1.2325720e+00
  1.4778244e+00
  1.7081933e+00
  1.1513309e+00
 -2.2301467e-01
 -1.0494070e+00
  3.6673081e+00
 -1.5944430e+00
 -1.6705073e+00
  8.6869001e-02
  1.9150111e-01
  4.5922077e-01
 -9.9786121e-01
 -3.1665397e-01
  8.6449760e-01
  7.3091991e-02
 -6.6522717e-02
 -5.9509983e+00
  2.1565418e+00
 -6.7542389e-02
 -1.8195570e+00
 -1.5146895e-01
 -5.3024948e-02
  1.7698307e+00
  4.6721584e-01
  2.1383507e+00
  3.2867506e+00
  1.6417387e+00
 -3.1901351e-01
 -2.4337149e+00
  1.6315660e+00
  6.2804711e-01
 -1.6193242e+00
  2.1817296e+00
 -2.1759397e-01
  3.1550083e-01
  2.5898387e+00
  8.1177080e-01
 -4.8826414e-01
 -1.3991505e-01
  5.9408599e-01
 -5.7058966e-01
  1.1731510e-01
  3.0665499e-01
 -1.7111415e+00
  7.2006381e-01
  1.3583268e-01
 -3.4623909e-01
  7.1607780e-01
 -1.2307518e+00
  1.9761626e-01
 -2.3193467e+00
 -1.4474303e+00
 -1.3700296e-01
 -1.9914638e+00
 -1.9534254e+00
  2.8836484e+00
 -1.0107111e+00
  5.3439355e-01
 -1.1719528e-01
  2.0220411e+00
  4.0079856e-01
 -1.8614395e-01
 -1.4808123e+00
  2.3630977e+00
  3.9153105e-01
  2.1834993e-01
 -4.3248516e-01
  1.7912939e+00
  6.3107324e-01
  2.3105147e-01
 -2.5670674e-01
  1.3000259e+00
  9.9346185e-01
  7.9698020e-01
  1.0011446e+00
  1.3570517e+00
 -1.1758661e+00
 -1.0706922e+00
 -8.4682661e-01
  1.2987746e+00
 -8.7534654e-01
 -1.8996718e+00
 -8.3084774e-01
  1.8165624e+00
 -2.7912518e-01
 -1.0882609e-01
  1.5003390e+00
  1.1180841e+00
  2.5425420e+00
 -1.0268741e+00
 -3.3417141e+00
  7.5351852e-01
  2.5998586e-01
 -2.0467536e+00
 -3.2868960e-01
  1.3074417e-01
 -1.3259313e+00
 -1.5072182e-01
  1.2303969e+00
  2.7460104e-01
 -1.1043707e+00
 -2.2230506e-01
 -4.1966724e-01
  2.1333947e+00
 -3.8325503e-01
 -1.8665789e+00
  1.2899594e-02
  3.0565220e-01
 -4.4129580e-01
  3.6015313e+00
  7.9404992e-01
  6.9640005e-01
 -3.0986254e+00
  6.0268879e-01
  2.9169035e+00
  1.3336034e+00
  2.2701304e+00
 -4.0667973e+00
 -3.3188992e+00
  3.1142151e+00
  3.1286974e+00
 -4.4479522e-01
 -3.0886650e+00
  5.1670842e+00
  1.0426595e+00
  2.7461393e+00
 -2.4574678e+00
 -3.2574728e+00
  5.3411632e+00
  2.1378660e+00
  1.5352087e-01
 -5.2840519e-01
  1.1040239e-01
  9.6299544e-02
  7.2716737e-01
 -1.6697755e+00
  2.0666749e+00
 -1.2621951e+00
  9.5971149e-01
  7.3207825e-01
 -2.5690255e-01
 -8.1621391e-01
  7.9354006e-01
  3.1190369e-02
 -2.6889164e+00
 -7.0585054e-01
 -3.2767650e-01
 -1.0040751e+00
  7.6072240e-01
  4.3256488e-01
 -2.9136598e-01
 -2.0731041e+00
 -2.2545276e+00
 -1.8826334e+00
 -3.1324465e+00
 -1.6672239e+00
  9.8627144e-01
 -1.0212833e+00
  2.9140937e-01
 -1.7501909e-01
  1.9139685e-01
  1.8053633e+00
  1.0155350e+00
  6.3789845e-02
  1.6733111e-01
 -1.7826182e-01
  3.5109549e+00
 -1.4175556e+00
  6.6977829e-01
  3.5726956e-01
 -3.7389398e-03
  1.3706809e+00
  1.2472169e+00
 -2.0933301e+00
  6.1882949e-01
 -3.8132691e-01
 -2.9412076e+00
 -1.0690509e+00
  7.2693956e-01
 -7.4813783e-02
  1.3174817e-01
  7.2622299e-01
  7.7435321e-01
  3.2452791e+00
 -2.1117332e+00
  1.9180305e+00
 -6.9873011e-01
 -4.0262550e-01
  1.3229891e+00
 -3.2263374e-01
 -7.6510102e-01
  1.5119944e+00
 -3.1713787e-03
 -5.0831193e-01
 -2.6839631e+00
 -7.0918036e-01
 -7.5163221e-01
 -6.9863135e-01
  3.9674273e-01
 -3.9510078e+00
  1.1175813e-01
  1.5465229e+00
 -5.7482153e-01
  1.3990477e-03
  3.6990836e+00
 -5.1205678e+00
 -2.3268833e+00
 -3.6959347e-01
  7.8407776e-01
 -1.7632782e+00
 -5.4496533e-01
  5.3344589e-01
 -8.8378620e-01
 -3.9754850e-01
  5.7494998e-01
  9.5921151e-02
 -1.5046512e+00
  7.8509444e-01
 -7.9808158e-01
 -5.9154850e-01
  1.7042358e+00
  5.3245097e-01
 -8.1528306e-01
  2.9858351e-01
  1.8633200e+00
 -9.0937859e-01
 -7.2875428e-01
 -1.5873133e+00
 -6.4288682e-01
  4.4866055e-01
  2.1082708e-01
 -1.1762609e+00
  1.8977542e+00
 -2.9315572e-02
 -5.2449828e-01
  4.5555162e-01
 -4.8472953e+00
  1.9743495e-02
 -2.9112797e+00
 -1.4929146e+00
  4.4514146e-01
  1.7228640e+00
  2.0421035e+00
  2.3805918e-01
 -1.6814535e+00
 -2.7675169e+00
  2.0557162e-01
  1.4191449e-01
  1.1405045e+00
 -1.2160505e+00
  1.7361525e-01
 -2.0397990e+00
  1.5477370e-01
 -1.6610314e+00
 -1.2925103e+00
  7.8063339e-02
  1.8937677e-01
  6.8375811e-02
  3.1195116e-01
 -4.9643657e-01
  3.9775848e-01
  5.9190410e-01
 -3.4216917e-01
  8.9214021e-01
 -1.5434235e+00
  1.0908478e+00
 -7.8859925e-01
  1.9099855e-01
 -1.4518015e+00
 -5.3489190e-01
  9.1844600e-01
  8.1362709e-02
  6.3240218e-01
 -3.4911895e+00
 -2.2034970e-01
 -2.3292441e+00
 -2.1549625e-02
 -2.1418264e+00
  1.6476603e-01
 -1.1721179e-01
 -2.0118721e+00
 -4.7226407e-02
 -1.6317759e+00
 -2.5545233e-01
 -1.4395232e+00
  8.6373881e-02
 -1.8037550e+00
  5.2770004e+00
 -3.1941676e+00
 -2.6864353e-01
 -1.0416347e+00
 -1.2038081e+00
 -8.6139768e-01
 -1.7889120e-01
 -2.8401866e+00
  2.2651973e+00
 -1.3519619e-01
 -2.1798856e+00
  1.0209773e-03
  9.2855096e-01
  3.0361888e-01
 -2.4449568e+00
 -2.8889996e-01
 -1.8322386e+00
  2.7283508e-01
 -1.1166121e-01
  5.6756842e-01
 -2.3729014e+00
 -7.3341978e-01
  6.8216050e-01
 -1.3504118e-01
 -8.5885686e-01
 -3.8116658e-01
  9.0019232e-01
  4.8673856e-01
 -6.7087662e-01
 -1.1504738e-01
  2.9631454e-01
  7.0795995e-01
 -2.0855315e+00
  2.2775005e-01
  2.3927145e+00
 -3.4465134e+00
 -2.3839034e-02
 -1.6751308e+00
 -4.0340158e-01
  6.2022632e-01
 -2.5802546e+00
 -1.0129678e-01
 -4.1885848e+00
 -2.9873755e+00
  6.1606622e-01
 -2.2757621e+00
 -4.7402978e+00
 -3.5306221e-01
  7.8108555e-01
  7.8157228e-01
 -1.8496068e+00
 -2.4307015e+00
  3.8857968e+00
  6.8078315e-01
  2.2050081e-01
  1.4594821e+00
 -2.5492926e+00
  1.6358629e+00
  1.2748733e+00
 -8.8228720e-01
  1.5109777e-01
  4.8297089e-01
 -3.4681454e-01
 -1.9624273e+00
 -1.8639574e+00
 -1.8190966e+00
  8.7347054e-01
  1.2223396e+00
 -3.2881254e-01
 -5.3558505e-01
 -1.8403400e+00
 -1.3861215e+00
  4.1784925e+00
  7.1947145e-01
  1.1054955e+00
  6.6614819e-01
  1.4902641e-01
 -2.6339322e-01
  2.4347987e+00
  2.7645776e+00
  5.1856427e+00
  2.6785486e+00
 -2.3477318e+00
  1.2903684e+00
  1.4409862e-01
 -1.4073570e+00
  1.8263650e+00
 -4.8917520e-01
  1.4408514e+00
 -4.5114768e-01
  1.3907746e+00
  3.2225966e+00
 -1.6349050e+00
  1.1399992e+00
 -2.6058290e+00
 -3.8819367e-01
  7.6981144e+00
  7.8526616e-01
  2.0709491e-01
  4.7762818e+00
 -1.5851518e+00
 -1.8736428e+00
  8.7570256e-01
  3.3741522e-01
  2.1188884e+00
  5.9782994e-01
 -1.7139997e-01
 -2.6237984e+00
  2.3452346e-01
 -2.4878785e-01
 -1.0091050e+00
  1.1734375e+00
  2.0802107e-01
  2.1830751e-02
  2.3678511e-01
 -2.5627601e-01
 -9.8574653e-02
 -2.4142379e-02
 -1.7123692e+00
 -1.1070468e-02
  3.1502008e-01
 -5.5811055e-02
  2.4277442e+00
 -3.5810617e-01
 -1.5242572e+00
  1.5096747e+00
 -6.7558450e-01
  2.4845707e+00
  1.0941415e+00
 -4.8555050e+00
 -9.9995351e-01
  3.2910810e+00
  2.5273201e+00
 -1.8574193e+00
 -8.0327123e-01
  2.1666199e-01
  3.5920945e-01
  1.2299830e+00
  1.3323666e+00
  4.9033043e-01
 -1.1845756e+00
  4.7421737e+00
 -2.7336943e-01
  1.8832810e-01
 -1.5113055e-02
  1.8834330e-01
 -3.8248628e-01
 -8.6036795e-01
 -7.0850688e-01
  1.1229084e-01
 -1.3867390e+00
 -2.3791630e+00
  2.5966332e+00
  2.7765191e+00
 -1.6967337e-01
  3.6920664e+00
  3.2745318e+00
  3.5902896e+00
  3.2167332e+00
 -1.4230675e-01
  1.5681477e+00
  9.5703322e-01
  8.7873831e-02
 -1.7226604e+00
 -2.7992889e-01
 -2.5256649e-01
  6.4618516e-01
 -1.5905100e+00
  1.4763098e+00
  2.4659789e+00
  7.5312537e-01
  6.7037463e-01
 -2.3342919e+00
 -5.6455874e-01
  1.7082646e-01
  8.8281430e-02
 -3.2849281e+00
 -1.7998860e+00
 -8.3808601e-01
 -1.7100022e+00
 -4.7938517e-01
 -6.2036574e-01
 -1.9574496e-01
 -2.9872646e+00
  3.0517316e+00
  5.2729073e+00
 -7.3027056e-01
 -1.0203764e+00
 -9.7495210e-01
  3.6812696e-01
 -8.8232869e-01
  9.6094542e+00
  1.7765970e+00
  8.1002182e-01
  7.9699472e-02
 -2.1331325e-01
 -3.4927704e+00
 -1.9778394e+00
  1.1980934e+00
 -8.2305962e-01
  8.3426547e-01
 -4.5193887e+00
 -7.0923412e-01
  1.9981616e+00
  7.1105736e-01
 -1.2117013e-01
  1.4604312e+00
  1.8598379e+00
 -1.9135898e+00
 -8.4162515e-01
 -3.2016215e+00
  3.7455695e+00
  1.8158905e-01
 -2.5887034e+00
 -6.8349503e-02
  9.3467367e-01
  3.2611716e-01
 -4.1115344e-01
 -7.4528503e-01
  3.4907344e-01
 -1.0761909e+00
  7.5991374e-01
 -3.3316619e+00
  5.4036937e+00
  1.9287592e+00
  2.2667336e+00
 -1.4850004e+00
  1.7906772e-01
  3.5876149e-01
  7.0095587e-01
  9.9775672e-01
 -2.3752844e+00
 -3.0504787e-01
  1.6763106e-01
  7.2090730e-02
 -2.5897959e-01
  1.8156849e-01
  3.2002291e-01
  1.2960620e+00
  5.2982438e-01
  8.0605537e-02
 -1.2824622e-01
  3.5301769e-01
  2.6084414e-01
  5.1795179e-01
  7.3688406e-01
 -6.6434783e-01
  1.6967889e+00
  6.7783159e-01
  8.7598425e-01
  1.0966256e+00
  3.3153870e+00
 -1.1149205e-02
  1.4271350e+00
  1.3447767e+00
 -1.4688799e+00
 -8.2353938e-01
 -9.5135665e-01
  2.2106006e+00
  1.4584655e+00
  4.1087218e-02
  1.2184213e+00
  2.4362915e+00
  2.0766482e+00
  2.2032067e-02
 -5.7980025e-01
 -2.2101176e+00
  9.2780906e-01
  2.1245673e-01
 -1.4194603e+00
 -1.2414511e-01
  1.7292459e+00
 -3.3964881e-01
 -3.6591747e-01
 -1.3822569e+00
  7.4467546e-01
 -1.7455631e-01
 -1.0341706e+00
 -1.7161946e+00
  1.8912766e+00
  6.5308654e-01
 -3.6499846e-01
 -1.2633322e+00
  6.0637438e-01
 -1.4336256e+00
 -3.1046525e-01
 -4.9664505e-02
 -6.2990046e-01
  1.3682391e-01
  1.6822717e-01
  1.3391082e+00
 -4.5724359e-01
  5.5776380e-02
  2.8608060e-01
 -2.5717482e-02
 -2.6453149e+00
  1.4037317e+00
 -4.5328893e-02
 -1.1479017e+00
  1.9301002e-01
 -3.2742325e-02
 -8.2294124e-01
  7.9214680e-01
  1.3849208e-01
  1.5904921e-01
  1.7087483e+00
  1.5163322e-01
 -3.2803312e-01
  1.8312170e-01
 -7.4218404e-01
  1.5360124e+00
  1.1020808e+00
 -3.0928156e-01
  5.5512398e-01
  1.4621592e-01
 -4.3365780e-01
 -2.1099401e+00
 -1.6683935e-01
  7.6559299e-01
 -5.3931469e-01
 -7.8729838e-02
  6.1554879e-01
 -2.2377050e+00
  2.3109388e-01
  1.1001010e+00
  1.2958103e+00
 -5.4757446e-01
  1.1492658e+00
 -8.8822573e-01
 -1.7121943e-02
  1.7991808e-01
 -7.5042838e-01
 -1.5864654e+00
 -8.6380768e-01
 -4.8211637e-01
  1.2024612e+00
  2.0586805e-01
 -1.0458525e+00
 -2.1157711e+00
 -8.2261527e-01
 -1.1784521e+00
  1.2518126e-01
 -2.0969501e+00
  5.8842623e-01
  8.2145178e-01
  7.2676307e-01
  1.8380029e-01
 -2.2450941e-02
  4.1757360e-01
 -6.6896141e-02
  1.8569393e-02
 -9.7786510e-01
  3.3954984e-01
 -7.6215249e-01
  1.6379551e+00
 -4.8872480e-01
  1.8115675e-01
 -1.6648011e+00
  1.3821640e+00
 -9.7059757e-01
 -1.4201338e+00
  2.9059279e-01
 -8.0352694e-01
 -1.5192552e+00
  3.1074226e-01
  5.4960036e-01
  2.9212315e-02
  1.1924056e+00
 -1.8220055e+00
  1.5557967e+00
 -7.6321232e-01
 -1.2351978e+00
 -6.9840126e-02
  6.3412976e-01
  1.4521427e-01
 -5.4367888e-01
 -1.4326679e+00
 -5.9014070e-01
  2.2583907e+00
 -2.0642257e-01
 -7.5373209e-01
 -1.6040368e+00
 -1.1753285e+00
  2.4034400e+00
 -1.1777544e+00
 -2.7192307e+00
 -2.0931525e+00
  5.0567240e-01
  5.0577369e+00
  1.0093070e+00
 -3.9899092e+00
  6.2467808e-01
 -2.1477814e+00
  4.6804628e-01
  9.7979671e-01
 -8.9987564e-01
  1.3045558e+00
  2.3174651e+00
 -2.9470426e-01
 -5.2530485e-01
 -8.6806190e-01
 -2.3309765e+00
  7.9105711e-01
 -8.0954428e+00
 -1.0617315e+00
  2.6986805e-01
 -1.0454073e+00
  1.1368792e+00
 -1.7164707e-02
 -2.4382836e-01
  4.6621129e-01
  7.2466183e-01
  7.5934494e-01
 -1.8095894e+00
  1.8889811e+00
  6.0378820e-01
  9.1191894e-01
 -5.4051274e-01
  1.1103286e+00
  1.1501746e+00
 -7.0943898e-01
 -1.6550015e+00
 -1.6058881e+00
  1.0338744e+00
 -8.1659818e-01
 -2.6403885e+00
  1.3741552e+00
 -1.1570250e+00
 -1.9837532e+00
  5.9233809e-01
 -1.0479896e+00
 -1.0350767e+00
 -5.5773252e-01
 -4.9753949e-02
  1.7179658e+00
 -1.1935307e+00
 -6.4345944e-01
  7.0900801e-03
  8.1506765e-01
  8.9288026e-01
 -1.0883274e+00
 -3.2991260e-01
 -2.1277409e+00
  1.2643549e+00
  4.4485939e-01
 -9.1351485e-01
 -3.0711956e+00
 -1.4480633e+00
  2.0871458e+00
  8.0130279e-01
  1.5820899e+00
 -1.7582926e-01
 -2.2987832e-01
 -9.6105152e-01
  3.8850096e-01
  1.7018179e+00
  2.3747904e+00
 -2.8452065e+00
 -1.7991664e+00
  4.1748748e+00
 -2.5989929e-01
 -5.9103489e-01
 -3.0327573e-01
  1.2914172e+00
  9.2784032e-02
  4.4126460e-01
  5.8029652e-01
 -1.0180937e-01
 -6.2517184e-01
  1.9537070e-01
  3.7350625e-01
 -9.9968058e-01
 -3.8176620e-01
  9.2128015e-01
  4.1674894e-01
 -2.4551745e-01
 -4.3073344e-01
 -1.0535670e-01
  1.3089813e+00
  5.1100665e-01
 -9.9082148e-01
 -1.5549220e+00
 -3.5364413e-01
 -1.9673100e+00
 -1.5642468e+00
 -1.2582450e-01
 -3.8493834e+00
 -1.5171081e-01
  3.7876236e-01
 -5.1479542e-01
  6.4264947e-01
 -4.3030041e-01
  6.5548313e-01
 -9.7672886e-01
  6.0679507e-01
  3.7344918e-01
  2.1031158e+00
  2.8302070e-01
  1.0439401e+00
 -4.9516058e-01
  3.3059901e-01
  1.5068910e+00
  3.9332613e-01
 -1.2333128e+00
  3.6182198e-01
  8.8376510e-01
  1.6348871e+00
  1.8989595e+00
 -8.4882963e-01
  1.0593461e-01
 -8.9579147e-01
  1.0407277e+00
 -1.2809948e+00
 -1.9546966e-01
  2.2657196e-01
  8.4548366e-01
  2.0366116e+00
  7.3999166e-05
 -1.5202649e+00
 -2.8410776e+00
  1.0146356e+00
 -2.3114629e+00
 -8.8867164e-01
  1.1239647e+00
  7.2704005e-01
 -2.9138379e-02
 -4.5367685e-01
  1.2992117e+00
  4.8826522e-01
  1.2058444e-02
 -1.6585979e-01
 -5.2814978e-01
  1.0390028e-02
 -3.3450210e-01
 -1.4106137e+00
  6.5086943e-01
  2.1480295e-01
  3.3546209e-01
 -1.5447663e+00
 -8.0880171e-01
 -1.9822652e+00
 -1.2040064e+00
 -1.2953000e-01
 -7.2281718e-01
 -1.6346900e+00
  6.1374134e-01
  2.0092168e+00
  1.1488174e+00
 -9.6028769e-01
 -9.5653218e-01
  1.1364689e+00
  3.3623213e-01
  1.1949578e-01
 -5.0082242e-01
 -5.7078242e-01
  7.7002868e-02
  7.9590887e-01
  1.4637252e+00
 -8.8354051e-02
 -1.3617699e+00
 -4.2887628e-03
 -1.2663188e+00
  6.6144168e-02
  8.2451761e-01
  3.4487206e-01
  2.3364084e+00
  1.7939696e-01
 -4.3437362e-01
 -6.0798132e-01
  4.6199143e-01
  1.2626011e+00
 -5.6066971e+00
 -5.4173028e-01
 -1.5546434e+00
 -1.0646791e+00
 -9.0417701e-01
  8.9313018e-01
 -3.0798477e-01
 -2.8916073e+00
 -2.3567943e-01
  8.9347267e-01
 -2.1490574e+00
 -7.9177809e-01
  1.6094701e+00
 -1.9139358e+00
  4.5946288e-01
  1.8241361e+00
  2.8928804e-01
 -2.3814180e-01
  4.7914037e-01
 -1.7797251e-01
  7.3284757e-01
 -8.0278397e-01
  9.9125999e-01
  8.1870055e-01
  9.0290284e-01
 -8.8141227e-01
 -3.1169960e-01
 -5.0828922e-01
 -9.4635449e-03
  1.3218904e-01
  4.6669066e-01
 -2.2842596e+00
 -2.4442611e+00
  4.7295159e-01
 -1.3951603e+00
 -1.6167448e-01
  3.6075443e-01
 -1.6836605e+00
 -1.0127269e+00
 -2.4420777e-01
 -9.9141687e-02
  8.4823050e-02
 -4.5670256e-01
 -1.1823273e-01
  9.6909100e-01
  5.2698749e-01
  8.0942732e-01
 -2.0634003e+00
 -6.4898270e-01
 -2.7304149e-01
 -5.4153584e-02
 -1.7195964e+00
 -2.3177612e+00
 -1.5954289e+00
  1.0292840e+00
  7.9770289e-02
  2.9683087e-02
  5.6051040e-01
 -1.0499481e+00
 -1.5256580e+00
  1.6649272e+00
  1.8844223e-01
 -7.0471019e-01
 -2.6347700e-01
  1.3109910e+00
  2.1178304e-01
  3.3135077e-01
 -4.5686541e+00
 -4.2627215e-01
  6.6912007e-01
 -1.4486008e+00
 -9.8918313e-01
 -3.0585915e-01
  1.2538198e+00
  1.0822464e+00
 -1.5676171e-03
 -7.8990132e-01
 -1.6052619e+00
  1.3728091e+00
 -3.7029094e-01
  1.6455345e+00
 -1.4838867e+00
  1.4682417e+00
 -2.8537276e-01
 -2.2727914e-01
 -5.0511533e-01
  2.0560092e-01
 -1.9542617e+00
 -1.3153672e+00
  1.4186096e-01
 -2.1122056e-01
 -9.6952963e-01
  7.9463023e-01
 -5.7515305e-02
  3.9848596e-01
 -4.0207379e-02
 -7.4329108e-01
 -3.8523820e-01
 -5.8159679e-01
 -2.5165674e-01
 -2.8892975e+00
  6.0592130e-02
 -1.0381655e+00
  1.4579134e-01
  1.3500379e+00
  1.5261188e+00
 -2.0983626e-01
 -1.5194193e-01
  4.0000958e+00
  6.9920337e-01
  4.4959465e-01
 -1.2227520e+00
 -2.8254845e+00
 -2.3555964e-01
  1.4687054e-01
 -4.3966889e-02
  1.0330014e+00
 -7.5161052e-01
  2.9653317e-01
  3.7069392e-01
  6.3722336e-01
 -4.2182824e-01
 -3.9271730e-01
 -6.6771650e-01
  1.0629035e-01
  3.0349651e-01
  5.0291901e+00
  2.3513389e-01
  8.4015471e-01
  2.5103774e+00
  1.0785401e+00
 -1.1018443e+00
 -5.5941135e-01
 -4.2531433e+00
 -1.3167082e+00
  2.5617313e-01
  2.5890520e+00
  7.3480122e-02
 -1.1926556e+00
  9.0262383e-01
 -4.1333076e-01
  8.1360477e-01
 -2.0060271e-01
 -2.9225657e+00
 -3.0298102e-01
 -8.9760101e-01
  3.3607479e-02
 -3.9219793e-02
  2.3248589e+00
 -1.0615740e+00
 -1.8296348e-01
 -1.6418062e+00
  5.8401644e-01
  1.3039616e+00
  4.9234699e-02
 -2.0482391e-01
  1.5020952e-01
  2.0203576e+00
  1.9077446e+00
  4.0033503e+00
 -1.6191696e-01
 -8.3722949e-01
 -1.1393305e-02
 -4.0783155e-01
 -8.6714983e-01
  1.2147652e+00
  5.0661278e-01
  4.1855624e-01
  3.0688083e+00
 -1.7636895e-02
 -1.4706970e+00
 -9.9596620e-01
 -1.1786485e+00
  1.0698893e+00
  5.3646404e-01
 -1.8455265e-01
  3.1025953e+00
  1.0538400e+00
 -2.6582605e-01
  1.2562475e+00
  1.1394215e+00
  8.7442145e-02
 -1.8514589e+00
 -1.1045080e+00
  5.3200550e-02
 -1.3747299e+00
  5.6331259e-01
  5.7809222e-01
 -1.4825912e+00
  6.1979163e-01
 -1.4801632e+00
  8.8867247e-01
  1.1167393e+00
 -2.0080121e-01
 -1.3745028e+00
  6.4429545e-01
  2.3285727e-01
 -1.2944061e-01
 -1.2205030e-01
  2.9109257e-01
  6.9436049e-01
  1.0610847e+00
 -1.5969067e+00
 -7.6959622e-01
  1.5322533e+00
 -8.3978730e-01
 -8.2338408e-02
 -2.0948713e+00
 -1.7082256e-01
 -6.3453543e-01
  8.3838850e-01
  1.5856148e-01
  2.8599603e-02
  1.1052744e-01
  4.6745241e-01
  9.1031849e-02
 -3.3561152e-01
 -1.0920165e+00
  1.0410486e+00
  2.6390131e+00
  2.3300791e+00
  1.3683383e+00
  8.5819024e-01
 -1.3180983e+00
 -1.2762976e-01
  1.1413943e+00
  1.4132506e-01
 -3.2233119e-01
  9.6017349e-01
  8.4268051e-01
  2.2598221e+00
 -2.0368014e-01
 -8.3944965e-03
  1.6374663e-01
  8.2909769e-01
 -1.2822676e+00
 -2.8642276e-01
  9.9002945e-01
 -8.0904287e-01
 -7.5200081e-01
  4.1992128e-01
  5.4872280e-01
  1.6977817e+00
  4.8035851e-01
  6.4428866e-01
  1.0390627e+00
 -8.7292141e-01
  1.0965905e+00
  5.9637254e-01
 -6.2731557e-02
  1.0794082e+00
  1.1548507e+00
 -1.3795725e+00
  2.1131918e-02
 -1.3050399e+00
  3.0616599e-01
 -5.1892765e-02
 -4.6998042e-01
 -8.0353171e-01
 -1.8370998e-01
  1.7045577e-01
 -2.7011234e-01
  1.7182767e-01
 -5.6571370e-01
  6.7288214e-01
  1.4930652e-01
  9.4690174e-01
  5.3830683e-01
  1.2460412e-01
  1.3663865e-02
 -2.2400239e-01
 -1.1838019e-01
  4.8057351e-01
 -1.4968382e-01
 -7.9306322e-01
 -1.7428324e+00
 -2.4797554e+00
  1.8812218e-01
 -1.7019112e-01
  2.0225628e-01
  1.0851148e+00
 -3.1188527e-01
  1.8971677e-01
  1.3162127e+00
 -1.3076398e+00
  2.6155860e+00
 -7.9251394e-02
 -2.9849392e-01
 -1.0869391e+00
 -3.2658482e+00
  2.8955920e+00
  1.9942062e-01
  1.1074668e+00
  5.8125848e-01
  6.8908358e-01
 -1.9183934e-02
 -1.0191099e-01
 -2.2301874e-01
  7.4013704e-01
 -8.2103378e-01
  1.1391253e-01
  6.2690187e-01
  5.8049998e+00
  6.6721363e+00
  9.1087416e-02
 -4.8115316e-01
 -1.4707541e+00
  2.6608920e-01
  8.0888689e-01
  8.1406099e-01
 -1.5808216e-01
 -2.5770905e+00
 -7.9921550e-01
 -4.0631623e+00
 -1.5891095e+00
 -1.4784559e+00
 -1.0206578e+00
 -1.2311488e+00
 -1.7756219e+00
 -3.0744675e-01
  3.6217895e-01
 -9.7794724e-01
 -1.4308770e+00
 -5.6336820e-01
 -3.4089279e+00
  3.7610883e-01
 -1.7666121e+00
  6.2306523e-01
 -1.0688001e+00
 -5.6974292e-01
  3.9848280e-01
  3.6826989e-01
 -1.5211381e+00
 -1.0281894e+00
 -4.1988824e-02
 -4.7415736e-01
 -5.4733944e-01
 -1.4501594e+00
 -2.8916126e-01
 -3.6423093e-01
  3.7572411e-01
 -1.2288710e+00
 -1.2393671e+00
  1.8663011e+00
 -1.1674458e+00
  6.6007204e-02
 -5.3669643e-01
 -1.2286206e+00
  2.2787352e-01
 -2.6882379e+00
  1.1324632e+00
  8.1634426e-01
 -5.8955759e-01
  2.1451718e-01
 -1.4720101e+00
 -4.8579007e-01
  7.9365635e-01
  2.4383543e-01
  1.9236459e+00
 -3.8970951e-02
 -1.3577337e+00
  5.0650823e-01
 -1.1202508e+00
  1.1104821e+00
  5.9777975e-01
 -8.1884837e-01
  4.9953851e-01
  2.9565677e-01
 -4.8490247e-01
  5.2891046e-01
 -3.3062074e-01
  4.5133433e-01
 -4.1667628e-01
 -9.6054953e-01
 -1.0325106e+00
 -5.3077221e-01
 -6.1580274e-02
 -3.9754885e-01
 -2.9348868e-01
 -2.1010170e+00
 -4.4203439e-01
 -2.0961933e+00
 -1.0999323e+00
 -1.9604571e+00
 -1.3536544e+00
 -1.4448178e+00
 -2.8366449e+00
 -1.1384153e+00
 -1.5180197e+00
  7.9109661e-02
 -2.0782778e+00
 -1.7358342e-01
 -2.0095323e-01
 -6.6792065e-01
  1.0194927e-01
  1.7920031e-01
  8.5686409e-01
 -3.3916813e-01
  1.7634891e-01
 -4.1528162e-01
  1.1884865e+00
  2.3000576e-01
 -3.0620310e+00
 -4.3176371e-01
  5.2825004e-01
  6.3364029e-01
 -1.0400535e+00
  1.7422794e-01
 -1.4187493e+00
  3.7771851e-01
 -2.3701434e+00
 -4.5704797e-01
 -1.5581772e-01
 -1.9327748e+00
 -1.9955781e+00
  2.0505688e-01
  2.2153510e-01
  5.9256637e-01
 -3.8651663e-01
 -1.3754597e+00
  9.1521978e-02
 -4.5954290e-01
  3.8526550e-01
 -1.8650898e-01
 -7.3700345e-01
  1.2431381e+00
  1.3100126e+00
 -1.2392776e+00
  1.0027595e+00
 -1.6480362e-01
  3.2613169e-02
 -2.7673274e-01
 -1.3363438e+00
  9.4049841e-01
  8.4935743e-01
  2.7160564e-01
 -1.5000961e+00
  2.4454972e-01
 -2.9227319e+00
 -8.4033030e-01
  1.4938227e+00
  1.5147392e+00
 -4.2869799e-02
 -2.0516868e+00
 -2.4993010e+00
 -1.3328053e+00
 -6.5152812e-01
 -7.7522343e-01
 -2.2440720e+00
 -1.7495755e+00
 -9.8621470e-01
 -1.5350024e+00
 -9.6786612e-01
 -1.1072382e+00
 -3.5174015e-01
  3.1357908e+00
 -5.6310642e-01
  2.8803430e+00
  4.0329814e-01
  3.0789348e-01
 -6.3939065e-02
  4.3032011e-01
  1.7073798e-01
  2.2213355e-01
 -1.1651183e-01
 -3.1030624e+00
  2.9857366e+00
  2.2351735e+00
 -5.3539042e+00
  2.1139194e-01
 -2.3080356e+00
  1.1202466e-01
  1.6571693e+00
  4.0629633e-02
  2.8300563e-01
 -4.0098796e+00
  5.7783687e-01
  4.2245187e-02
 -1.3859392e+00
 -4.3064690e+00
  4.8883334e-01
  1.4496456e+00
  3.0959719e-01
 -5.0098890e-01
  2.8431919e+00
  3.3322853e-01
  7.4052548e-01
  6.4751589e-01
 -1.2215787e+00
 -1.0040438e+00
 -6.8476719e-01
 -8.2497448e-02
  2.2391659e-01
  4.1635180e+00
  2.0176142e-01
  9.5152762e-03
  2.6490845e-02
 -1.3841935e+00
  6.5370840e-01
 -2.7770104e+00
  2.7597931e-01
 -1.8688315e+00
 -7.9110229e-01
 -7.3778921e-01
 -2.6172286e-01
 -2.0947759e+00
 -9.4710708e-01
  9.1621757e-01
  3.6782250e-01
 -1.6571701e-01
 -1.8004667e+00
 -1.7840941e-01
  1.0503315e-01
  1.2576666e+00
 -1.4144943e+00
  6.0897905e-01
 -1.1381428e+00
 -3.7695277e-01
 -1.2611237e-01
  1.1868826e+00
 -1.6185676e+00
 -3.1083852e-01
 -4.8340657e-01
  4.4668320e-01
 -4.9469501e-01
  2.8715546e+00
 -1.2287374e+00
 -2.2302720e-01
  2.0716326e+00
  1.5566690e+00
  4.4009686e+00
  1.9424081e+00
 -1.1115050e+00
  2.4330842e+00
  1.5265487e+00
 -8.7675160e-01
  5.4611964e+00
 -1.2295071e+00
  2.0337064e+00
  4.5578992e-01
 -1.7273768e+00
 -2.0038439e-02
 -5.0429605e-02
  2.3957583e-01
 -8.3760160e-01
  1.1686444e+00
  3.3603793e-01
  1.6393608e+00
  1.1287822e+00
  2.2938651e-01
 -1.4177130e-01
  1.6699025e-01
  1.4914814e+00
  5.0895417e-01
 -8.5548115e-01
 -8.2637572e-01
  2.7425649e+00
 -5.4202789e-01
  7.6148707e-01
  7.4106675e-01
 -2.5149887e+00
 -1.9342962e-01
 -7.9085028e-01
 -3.7332499e-01
 -2.0352808e-01
  1.8938346e+00
  5.1635313e-01
 -2.8536507e-01
 -2.2610787e-01
 -3.3434135e-01
  4.5183241e-01
  5.5674386e-01
 -1.4555912e-02
 -5.4529524e-01
  7.2226012e-01
 -1.0411824e+00
  6.3940245e-01
 -2.0194180e-01
 -1.0098705e-01
  1.1109464e+00
 -3.7840143e-01
  2.0698446e-01
 -1.6844057e+00
 -4.6330374e-01
 -2.8476944e+00
  9.6400100e-01
 -6.0810244e-01
  1.3370399e+00
 -4.0825062e+00
 -2.2372000e+00
  1.8583406e+00
  2.8386220e-01
 -3.4430187e+00
 -1.8297492e+00
 -7.6204693e-01
 -1.6668811e+00
 -1.3772705e+00
 -5.8315272e+00
 -1.7684118e+00
 -8.9491230e-01
  1.3409491e+00
 -1.8320059e+00
  6.7073661e-01
  2.9528770e+00
 -3.6051556e-01
 -5.3986907e-04
  1.9157426e-01
 -2.8968356e+00
 -1.1522989e+00
 -5.2049547e-01
  3.5091883e-01
 -1.8990123e-01
 -1.0174277e-01
  2.7020812e-01
 -6.4935201e-01
 -8.8139713e-02
  1.1154132e-01
 -9.3063021e-01
  9.3799216e-01
 -7.8459457e-03
 -3.1149611e-03
 -1.7489269e-02
  3.0121412e+00
  9.7499369e-03
  6.7380083e-01
  5.3320849e-01
  2.1629934e+00
  2.9148297e+00
  1.2862357e+00
  8.0072409e-01
  2.3177385e-02
 -4.4982716e-01
 -2.0035514e-01
  8.2339406e-02
 -1.9573638e+00
  1.4380432e+00
  1.2028235e+00
 -8.8899618e-01
  2.5584543e-01
 -4.3464169e-01
 -1.0766658e+00
 -9.3268591e-01
  2.2669017e+00
 -1.2525028e+00
  4.4913203e-01
  1.0960618e+00
 -1.5198749e-01
  1.4760456e+00
 -8.3649176e-01
  2.9112291e-01
  3.1277468e+00
 -3.5115138e-02
 -3.0619976e-01
 -3.8303289e-01
  2.2871106e+00
  4.8582043e-02
 -5.8404398e+00
 -4.6539694e-01
  8.1823909e-01
 -1.3058415e-01
 -1.5731963e+00
 -3.3295622e-01
 -3.0130975e+00
 -1.1199986e-01
 -5.0777093e-02
 -1.2151191e+00
 -3.1134605e-01
  1.2972006e+00
 -6.5983975e-01
 -8.9719898e-01
  2.0801351e+00
 -6.1712372e-01
  1.0477915e+00
  2.8272102e+00
  4.2489526e-01
  6.7416072e-01
 -1.5125968e+00
  1.3432611e+00
 -3.6585724e-01
  2.2395873e+00
  6.3086945e-01
  1.7106862e+00
 -4.3147218e-01
  1.5824415e-01
 -9.6868359e-02
  1.5927529e+00
 -4.7855234e-01
  5.0854568e+00
  1.5772514e-02
 -2.9134038e-01
  4.8756480e-01
 -5.1559544e-01
 -1.1823694e+00
  3.5896256e+00
  1.7161155e+00
 -2.9434359e-01
 -8.9868331e-01
  1.1925918e+00
 -7.6092762e-01
  4.7131494e-01
  5.3288406e-01
 -5.9201735e-01
 -1.1745013e+00
 -4.4322770e-02
 -1.7750517e+00
  3.0990371e-01
  6.7640984e-01
 -1.9319346e-02
 -4.8391312e-01
  7.3066938e-01
  2.1780396e-02
 -1.3585648e-01
 -3.8487673e-02
 -1.6129132e-01
 -2.7991870e-01
 -2.3804436e+00
  6.3389626e+00
 -3.4482844e+00
  3.3741540e-01
 -1.7903539e+00
 -2.1044438e+00
  1.0000154e+00
  2.2847165e-01
 -2.3665278e+00
  9.6091974e-01
  3.2913725e+00
 -4.1140103e+00
  5.9139049e-01
 -1.5526211e+00
 -2.9418808e-01
  1.6419082e+00
  5.8342993e-01
 -1.2405347e+00
  5.5691637e-02
  1.2840143e-01
  3.5742238e-02
 -7.1497731e-02
  1.0534867e+00
 -8.0051148e-01
  1.2920634e+00
  1.3558890e+00
 -5.2127320e-01
  1.9363153e-01
  2.4807549e+00
  3.8607773e-01
  6.1238462e-01
  7.8054279e-01
 -1.6522704e+00
 -1.0515515e+00
  2.4486093e-01
 -1.2702484e+00
 -8.7697864e-01
 -3.2730648e-01
 -1.3615613e+00
 -4.1526832e-02
 -4.1143793e-01
 -2.1035352e+00
  2.1560106e-02
 -2.5286385e-01
  6.0829175e-01
 -1.4914552e+00
  3.5357401e-01
 -5.7411134e-01
  2.2032002e-01
  2.4609356e+00
  3.6804539e-01
 -6.3188642e-01
  1.5665451e+00
 -6.0815436e-01
  1.4209186e+00
  2.9786146e+00
 -1.9986291e-01
 -1.4885839e+00
  1.2566251e+00
 -1.8083528e-01
  2.2380345e+00
  4.0895796e+00
  1.0672649e-02
 -3.9521417e-01
  8.8576473e-02
 -4.5530361e-01
 -1.9730034e-01
 -9.0586817e-01
 -1.6442230e+00
 -1.6464099e+00
  9.7653764e-01
 -1.3789067e+00
 -1.0710322e+00
 -2.1878178e+00
 -7.6943845e-01
 -4.3866971e-01
  9.1022098e-01
 -1.1748871e+00
 -4.3466237e-01
  9.8075300e-02
 -5.0599796e-01
 -4.3232608e-01
 -2.7051523e-01
  5.1175170e+00
 -1.9867424e+00
 -9.8237842e-01
 -8.9976668e-01
 -7.4651608e+00
  8.5622841e-01
  6.5297246e-01
 -4.2362905e-01
 -2.3091930e-01
  2.2380239e-01
  2.0497034e-01
 -2.4049428e+00
  6.2239510e-01
 -6.2432051e-01
  2.5801804e+00
  2.8363460e-01
 -2.6031369e-01
 -2.0091026e+00
  8.3718181e-01
  4.8666120e-02
  3.0985782e+00
  1.0059500e-01
  4.5579082e-01
  7.2765924e-02
 -6.3933116e-01
 -2.9953623e-01
 -6.5418124e-01
  6.5479648e-01
 -4.3459859e-01
  1.5172479e-01
 -7.6541916e-02
 -1.3463689e+00
 -8.4142327e-01
  3.0650151e+00
  1.0944870e+00
 -5.7801503e-01
  7.9319328e-01
  3.0414969e-02
  4.3979305e-01
 -1.1936975e+00
 -1.7283294e-01
  9.5530367e-01
  3.0856284e-01
 -1.4694394e-01
 -2.5219554e-01
  7.2968209e-01
 -7.5766367e-01
 -2.3591009e-01
  9.7112262e-01
 -5.9157467e-01
  7.7303410e-01
 -1.6053287e+00
  4.8206037e-01
 -1.9370209e+00
  6.4763504e-01
 -3.4174985e-01
  4.4871143e-01
  9.0021469e-02
  1.5345238e+00
  3.7541312e-01
 -1.4241915e+00
 -6.8862671e-01
  2.2900231e+00
  1.0644488e+00
  1.3666549e+00
  8.0322242e-01
  2.0318116e-01
  6.0481131e-01
 -1.7714666e-01
 -1.5515518e-02
 -1.4474339e+00
  1.0498344e+00
  1.6836445e+00
  3.0776470e+00
  1.1420944e+00
 -2.0239186e-01
 -1.8371228e+00
 -4.7426328e-01
  1.4555499e-02
  3.8075343e-01
 -5.7494479e-01
 -1.2401515e-01
  2.8137431e-01
  2.0944519e-01
  2.2027326e-01
 -5.8209103e-01
  2.9169416e-01
  8.7511539e-01
  4.7101143e-01
  1.4886459e+00
 -2.3793779e-01
  6.1451290e-02
 -2.5656539e-01
  2.5873549e+00
 -2.1290064e+00
  8.7894088e-01
 -1.7768025e-01
  2.1466327e+00
 -4.1264575e-02
 -6.3947505e-01
  5.5412495e-01
  9.7781670e-01
 -4.7423768e-01
 -2.9605022e-02
  5.8967924e-01
  4.4454730e-01
 -6.2685108e-01
  1.8497451e-01
 -4.4015172e-01
 -5.5486745e-01
 -1.3579532e+00
 -1.6613575e+00
 -1.6010463e+00
  1.1313739e+00
  4.3962613e-02
  7.8446485e-02
  2.5244181e+00
 -6.3653374e-01
  7.3393005e-01
 -6.6468740e-01
 -1.9339621e+00
  3.5849887e-01
  4.7391361e-01
 -1.7757748e-01
 -8.8533866e-01
  1.5816649e+00
  2.7145240e+00
 -6.3311172e-01
 -2.8473467e-01
 -4.2734008e-02
 -1.2800743e-01
  1.3571949e+00
  4.6601665e-01
 -5.6607640e-01
  3.7474489e+00
  3.2692291e-02
  3.3539361e-01
 -4.7440049e-01
  1.9502510e+00
 -1.6584735e-01
  1.9382945e+00
 -1.7396989e+00
  4.8843485e-01
  2.7466306e-01
  6.8673110e-01
  1.7742764e+00
  1.6833376e+00
 -1.4625835e+00
 -4.5576084e-01
  9.1505599e-01
  6.0878140e-01
 -1.1479752e+00
 -9.7676225e-02
  3.1405330e-02
 -6.7644131e-01
 -1.6352865e-01
 -6.6735715e-02
  8.2336664e-02
  2.0980949e-02
 -5.3971785e-01
  7.3380417e-01
 -9.2127818e-01
 -1.4502778e+00
 -1.3173609e+00
 -9.2756701e-01
  8.5075945e-03
 -3.6023077e-01
  5.4737580e-01
 -8.7159187e-01
  5.9026968e-01
  1.7682606e+00
 -1.1729449e+00
 -8.3732897e-01
 -2.5778787e+00
 -1.2395899e+00
 -8.8214874e-01
 -5.0300822e-02
  9.9996644e-01
 -1.6764145e+00
  4.2258626e-01
  5.7703924e-01
 -6.0999852e-01
  8.0211747e-01
  5.0760967e-01
  1.0315492e+00
 -8.6890483e-01
  1.4039490e+00
 -4.7660427e+00
 -6.9326288e-01
 -4.1207310e-02
 -7.5665492e-01
  5.1432192e-01
  2.7878243e-01
 -8.7650061e-01
 -8.6240721e-01
 -1.1279430e+00
  2.9456678e-01
  7.7006429e-01
 -1.6340420e-01
  6.4974621e-02
 -5.9767616e-01
  2.0345566e+00
 -2.7958591e+00
  1.3675472e+00
 -3.4338300e+00
 -8.5190780e-02
  1.0645112e+00
  2.8029764e+00
  1.2818097e-01
 -2.0660918e+00
  1.3535484e+00
  1.9051762e+00
  6.1904864e+00
  4.3478408e-01
 -3.4239411e+00
 -5.1374519e-01
  3.8956073e-01
  1.0052488e+00
  2.0482128e+00
 -2.1203032e+00
 -5.0437713e-01
  4.8292389e+00
  7.7892858e-01
  1.4380091e+00
  5.0434816e-01
 -1.9201291e-01
  1.4687768e-01
 -6.3549101e-01
 -1.9574691e-02
  8.2541436e-02
  8.6500876e-02
 -4.4585191e-02
 -3.0527717e-02
  3.5102513e-01
 -1.6184698e+00
  2.1045055e+00
  2.5858629e+00
 -1.0673757e-01
 -1.9607963e-01
  1.5397727e-01
  1.6514468e+00
  1.4659057e+00
  2.4357259e+00
 -2.9220024e-01
  1.4010682e+00
  1.2529101e+00
 -3.3637142e-01
 -2.8102770e+00
 -1.7500211e-01
 -1.5915696e-01
  2.8035414e+00
 -2.1662731e+00
 -3.3134613e+00
 -1.3061082e+00
  6.9334793e-01
 -1.1001383e+00
 -1.2098285e+00
 -8.3463705e-01
 -3.6411372e-01
  7.1939057e-01
 -1.6387458e+00
 -9.3339431e-01
 -1.7404046e+00
  1.1153549e+00
  1.2071490e+00
 -5.0968088e-02
 -1.1649464e+00
  4.9578846e-01
  5.5479777e-01
  3.0453211e-01
  1.5728343e+00
 -1.1884781e+00
  8.3198524e-01
 -1.2509423e+01
  2.0852509e+00
  4.2883646e-01
  8.6070620e-02
 -2.2792874e-01
  1.1136150e+00
 -5.1732235e-02
  6.9189876e-01
 -1.2155840e+00
  4.4956782e-01
  2.8640416e-01
 -1.0113008e+00
 -1.6975807e-01
 -4.9194431e-01
 -2.0943024e+00
 -2.3188761e-01
  7.9957351e-02
  9.2209655e-01
 -1.8059906e+00
  2.5725000e+00
 -2.8192502e-01
  2.7009683e+00
  2.1725558e-01
  1.2735046e-01
 -2.5608974e+00
  1.4186008e+00
  8.7123495e-01
  7.0949948e-01
 -9.8520303e-01
 -4.8943925e+00
 -1.2700173e-01
  2.2757835e+00
  2.0634484e-02
  6.2281150e-01
 -1.1132516e+00
 -2.4682095e+00
  2.4757160e-01
  3.9925519e-01
 -3.8938388e-01
 -9.4571090e-01
  4.1980982e-02
 -1.3508267e+00
  2.7729842e-01
  8.8201863e-01
  2.4749786e-02
  1.3184096e+00
  1.5910585e+00
  2.0597286e+00
 -1.2876253e+00
  4.2801353e-01
  7.4203312e-01
  6.3217330e-01
  2.4452949e+00
  2.1523483e+00
  1.0489756e+00
  5.9907699e-01
 -2.9544952e+00
  7.2000891e-01
 -2.3399936e-01
  4.2770684e-02
 -9.6054804e-01
  1.1924319e+00
  3.1677794e-01
  6.0596794e-01
 -3.3824804e-01
 -1.4862678e+00
 -3.0182362e-01
 -6.6105878e-01
  1.2142333e+00
  4.7397625e-01
  3.6363721e-01
  2.3412430e-01
  1.1160442e+00
  4.0351000e-01
 -4.4561857e-01
 -4.8536387e-01
  6.8433905e-01
  6.3868022e-01
 -1.2930681e+00
  1.0195880e+00
 -8.4716517e-01
  9.9040818e-01
  1.3984454e+00
  3.9361081e-01
  3.0175731e-01
 -1.4085572e+00
  7.9382032e-02
 -1.8766729e+00
  9.2237554e-02
 -3.5829876e-02
  9.5188642e-01
  8.3727735e-01
  2.9619032e-01
 -9.7676682e-01
 -3.8246241e+00
  4.8499756e+00
 -7.2765511e-01
 -1.2583767e+00
 -8.6555469e-01
  1.9224782e+00
  1.2909482e+00
 -2.1627901e+00
  8.3209133e-01
 -7.5169683e-01
  4.0643015e+00
 -4.2885613e-01
  7.8022063e-01
 -4.7669464e-01
  1.1233547e+00
 -9.9872142e-01
  1.4748546e-01
  7.2775310e-01
 -1.5551559e+00
 -3.7809348e-01
  2.0531769e-01
 -1.8913668e-01
  1.5341796e-01
  1.6347375e+00
  1.4474785e+00
 -1.9214897e+00
  1.0745080e+00
 -5.8209920e-01
 -2.8287017e+00
 -1.2586006e+00
  6.8845123e-01
  5.8315396e-01
  3.6627439e-01
 -1.4888202e+00
  2.6124367e-01
  4.8498133e-01
 -4.0049306e-01
 -1.1743324e+00
  6.2967759e-01
  6.5488791e-01
  2.7525029e+00
 -2.7524064e+00
  1.8435736e-01
 -7.5764692e-01
 -8.5141832e-01
  7.4917823e-01
  2.0769107e+00
 -6.1087912e-01
 -8.8172948e-01
  7.3997456e-01
  7.2649521e-01
 -1.4223811e-01
 -1.3418815e-01
  2.2456703e+00
 -7.1009755e-02
  2.9410903e+00
 -1.1957036e+00
 -5.9870827e-01
 -1.5266143e+00
 -9.9701315e-01
 -2.4646170e+00
  8.4763998e-01
 -4.2003773e-02
 -3.1786134e+00
 -4.2028618e-01
 -1.4774557e+00
  1.7015537e+00
  3.5949746e-01
 -2.1448665e+00
 -6.1244043e-03
 -2.9549521e-01
 -1.1584835e+00
 -2.7778277e-01
 -2.4755971e+00
 -2.7587264e+00
 -5.5363631e-01
  7.3624712e-01
  1.9118390e+00
 -3.1718080e+00
  1.5975032e-02
 -2.5669909e+00
  1.3453536e+00
 -6.5373886e-01
  2.6555874e+00
 -2.8216188e+00
 -1.6533051e+00
  3.2170980e+00
  2.7144656e+00
  1.6985732e+00
 -2.2804688e-01
 -2.4178791e+00
  5.0359106e-01
  9.2154324e-02
 -2.9271431e+00
 -5.8456314e-01
 -8.6388606e-01
 -1.2233807e+00
 -1.0769535e-01
  1.2576988e+00
 -2.2445891e+00
 -3.1922431e+00
 -1.5527773e+00
 -2.0957644e+00
  7.2320986e-01
  1.1624902e+00
 -2.7151577e-02
  2.0485276e-01
 -5.5494052e-01
  4.0215130e+00
 -1.8172802e-01
  7.0062643e-01
 -2.5106823e-01
 -6.6374165e-01
 -9.9236476e-01
 -1.5224344e-01
 -2.1949765e-01
  6.3950020e-01
 -1.2054611e+00
  4.5346513e-01
 -1.7586292e-01
  6.5578079e-01
  6.3916194e-01
  1.4512083e-01
  4.5391551e-01
 -1.6427658e+00
  4.8628651e-02
  4.8804920e-02
 -1.6487985e+00
  7.8282398e-01
  2.0955898e-01
  2.5420163e+00
 -2.8884792e+00
  2.3290219e+00
 -1.2670940e-01
  3.1363392e-01
  1.0682250e+00
 -7.2046715e-01
 -7.8217220e-01
  6.8622923e-01
 -3.8066211e-01
  9.5979369e-01
  7.3611516e-01
 -1.0517005e+00
  1.9739623e+00
 -1.1959473e+00
 -4.9764964e-01
  9.5989116e-02
  5.8758605e-01
  1.0384556e+00
 -1.2958729e+00
  6.2932289e-01
  1.5603498e-01
  2.1669570e-01
 -1.2167472e+00
  5.9260458e-01
  4.8301372e-01
  2.3478625e+00
 -5.8631033e-01
 -1.9835438e+00
  8.7641161e-03
 -5.4354316e-01
  2.1432245e-01
 -1.1689533e+00
 -1.4968808e+00
 -3.1674725e-01
 -3.8180149e-01
  1.5074605e+00
  4.6435961e-01
  8.8353640e-01
  1.5625857e+00
 -1.2180547e+00
 -9.5425493e-01
 -6.5556675e-02
  2.7038069e+00
  1.1340761e-02
  7.4729338e-02
  1.0145960e+00
 -1.4200155e-01
 -3.0125257e-01
 -6.7092448e-01
  9.3727559e-02
 -9.3671352e-01
  1.9159278e+00
 -1.2050733e-01
 -5.5012167e-01
  1.9024801e-01
  1.2257131e+00
 -1.3975519e+00
 -2.9332747e+00
  1.3655375e-01
  6.3706964e-01
 -1.5611207e+00
  1.7275950e+00
 -5.5751461e-01
  1.5513791e-01
  3.9299622e-01
 -7.4905956e-01
 -2.5512603e-01
 -8.9319819e-01
 -4.0281096e-01
  1.9481647e-01
 -1.2736540e+00
  1.4395840e+00
 -1.4681702e+00
 -2.0966964e+00
 -1.2661159e-01
 -1.1261698e+00
 -8.0935740e-01
  2.5622886e-01
 -3.3083078e-02
  2.6391521e+00
  1.1576151e+00
  2.5023016e-01
  7.5839049e-01
  3.6730695e-01
 -2.4639040e-01
 -7.7916211e-01
  2.2118299e+00
 -1.1305360e-01
 -6.9944882e-01
 -1.2135309e+00
 -9.8946452e-01
 -6.3429910e-01
 -2.3676386e+00
  3.6078143e-01
 -8.1538719e-01
 -1.0430251e+00
  1.0503527e+00
  1.3638539e+00
 -4.0173262e-01
 -5.4393846e-01
 -1.5673991e-01
  1.8686743e+00
  3.6311221e-01
  5.1345688e-01
  1.5519878e+00
 -1.2032174e+00
  1.9654601e+00
  7.8881246e-01
 -1.4300631e-01
  9.1614240e-01
 -2.0441539e+00
  2.0092475e+00
  5.4963112e-02
  3.5361868e-01
  1.4804635e+00
 -8.8390738e-01
 -7.5246435e-01
  5.0289717e+00
  2.1773209e-01
  3.0865707e+00
 -1.2499712e+00
  7.3093700e-01
 -1.5111318e-01
  1.1266073e+00
 -3.4546021e-01
 -1.0110627e+00
  9.5526809e-01
 -1.5486348e+00
 -5.1463312e-01
 -4.6823725e-01
 -3.2134611e-02
  6.1265433e-01
 -2.0698235e+00
 -3.2264137e-01
  2.8752849e+00
  8.5060972e-01
 -6.5660886e-02
 -4.5788601e-01
  1.3041521e+00
  9.9490684e-01
  4.8032856e-01
 -1.0396726e+00
  2.1225097e+00
  1.2748339e+00
 -7.1428448e-01
  7.9889452e-01
 -5.5453706e-01
  3.0764058e-01
  4.1029257e-01
 -8.7626839e-01
  3.2246470e-02
  6.3811189e-01
  7.3245543e-01
  7.4197477e-01
 -1.3729254e+00
  2.1906435e+00
 -1.1238635e+00
  2.6561466e-01
 -1.4184304e+00
 -2.0759137e-01
  2.2380049e+00
 -2.5805457e+00
  1.8010545e+00
  3.9144972e-01
  3.0854704e+00
 -7.6147199e-01
  3.6801915e+00
  1.1518172e+00
  3.1651643e-01
  4.4175210e+00
  7.1181649e-01
  4.4802718e+00
 -5.1957089e-01
  7.7150762e-01
  3.1656380e+00
 -1.2832146e+00
  5.6942229e+00
 -1.3106029e+00
 -1.1942593e+00
  5.3980937e+00
 -1.5205764e+00
 -2.6912170e-02
 -2.1069076e+00
  4.1983681e+00
  2.1746547e+00
  1.1959183e+00
  1.2359995e+00
  1.5160730e+00
  2.0122089e+00
  5.3408039e-01
  6.7795628e-01
  2.9908234e-01
 -7.5599343e-01
 -1.7631326e+00
 -2.5089152e+00
  8.3186775e-01
 -1.3148669e-02
  1.5154939e+00
  1.0948321e+00
 -1.0355309e+00
  5.5114222e-01
  5.9950888e-01
 -4.9840711e-02
  1.3287132e+00
 -1.6829006e-01
  1.1251327e-01
 -1.1735150e+00
  8.7831002e-01
 -1.4068861e+00
  1.7053003e+00
 -3.5632122e+00
  2.8671241e-01
  1.0113072e+00
 -3.2602971e+00
  2.4678376e+00
 -8.7543321e-01
 -1.8724494e+00
  2.1407799e-01
 -2.4498863e+00
  1.5894192e+00
 -1.7303103e+00
 -2.3745854e-01
 -1.1693161e-01
  1.0582218e+00
 -5.0604337e-01
  1.2651232e+00
  3.8854194e-01
  1.5540712e+00
  2.0430317e+00
  7.6818490e-01
 -1.1641327e-01
 -1.6980195e+00
  3.0415957e+00
  4.9408036e-01
  3.2484707e-01
 -6.1518750e+00
  1.2943533e-01
 -1.1143987e+00
  1.5818268e-01
 -3.2963270e-01
  8.3229667e-01
 -2.7898312e-01
  3.2229093e-01
  7.6887655e-01
 -6.4120936e-01
 -1.7346591e+00
  1.1967017e-01
 -1.0777577e+00
 -2.3455162e+00
  5.1826745e-02
 -3.7191176e-01
 -2.3875178e-01
 -1.0168906e-01
 -1.8180752e+00
  1.4005401e+00
  9.7380573e-01
 -8.4844393e-01
 -7.9163760e-03
 -1.0374548e+00
  8.1300271e-01
  3.5725653e-01
 -1.5765941e-01
  9.3652433e-01
  6.8885434e-01
  3.1258470e-01
 -4.9916774e-01
  1.5646178e-01
 -7.7225393e-01
 -1.1397339e+00
  4.8701897e-01
 -1.1408259e+00
 -6.3096559e-01
 -1.5770516e-01
 -2.8616947e-01
 -5.5991083e-01
  1.3505130e+00
 -2.8543971e+00
 -4.5535743e-02
 -1.0983208e+00
  1.1290094e+00
 -8.8222963e-01
  1.6746093e-01
  1.5684006e+00
  3.1128529e-01
  2.2663812e-01
 -8.7401703e-02
 -3.0022871e-01
 -2.1536617e+00
 -6.8027973e-01
 -4.9424373e-02
 -4.7191304e-01
 -3.7582356e-01
 -3.0239530e+00
  6.9745526e-02
 -1.8560375e+00
 -9.4235742e-01
 -2.5473639e-01
 -1.0294099e+00
 -5.1526165e-01
 -2.5226334e-01
 -1.9101090e+00
  8.3607823e-01
 -6.4058274e-01
  2.1798835e+00
  3.1227812e-01
  2.7437133e-01
 -2.3854411e+00
  2.0063373e-01
  1.0663478e+00
  8.9125805e-02
 -2.1391833e-01
  1.5606416e+00
 -4.7823307e-01
 -1.4612287e+00
 -1.5762707e+00
 -3.8899788e-01
 -5.2161350e+00
  5.6687886e-01
 -2.7851799e+00
  1.5244383e+00
 -6.0168631e-02
 -1.0714025e+00
 -9.6379864e-01
 -3.0881641e+00
  1.6968589e+00
  2.2014213e+00
 -4.6030241e-01
  1.8198910e-01
  1.5760424e+00
 -2.3811207e+00
  4.0857439e+00
 -2.0245761e-01
  1.7729827e+00
 -7.9644084e-01
 -2.3105682e-01
  3.0404797e-01
 -6.6793039e-02
 -4.1812706e-01
 -9.8912334e-01
  1.0537089e+00
 -7.1717793e-01
  1.4894556e+00
 -9.3209708e-01
  3.8656947e-01
  9.1587019e-01
 -7.9749334e-01
 -8.6097270e-01
  4.4941795e-01
 -2.9618297e+00
 -2.8203592e-01
 -9.9255621e-01
 -7.3426330e-01
 -1.8900268e+00
  1.7976414e-02
 -2.6918492e+00
 -1.4062941e+00
 -1.8020982e+00
  1.5225034e+00
 -2.3602276e+00
  7.7195770e-01
  1.3500526e+00
 -2.7015400e+00
  1.5338770e+00
  3.2838789e-01
  7.2760749e-01
  1.6012490e+00
 -2.5606766e-01
 -1.7392006e+00
  2.9247589e+00
 -7.3482919e-01
 -1.4777178e-01
 -1.8603162e+00
  1.5171966e-01
  2.0111437e+00
 -7.8842956e-01
 -2.1997340e+00
 -5.3628504e-01
  4.6025434e+00
 -7.6078825e-02
  2.4580203e-01
  3.7107274e-01
  1.0436957e+00
  1.3027790e+00
  2.0664830e+00
 -2.0634351e+00
  1.0729777e-01
  1.6203985e+00
  9.6573049e-01
 -2.0577163e-02
 -6.6512394e-01
  9.8688990e-01
 -6.4117110e-01
  8.3436209e-01
  3.1582642e-01
  3.5694882e-01
  6.1614162e-01
 -8.2323360e-01
  9.5237819e-03
 -1.7566768e+00
 -6.7360222e-02
  6.9353038e-01
 -4.9152336e-01
  3.9090768e-01
 -6.1818552e-01
  7.9917538e-01
  1.3659475e+00
  1.4836587e+00
 -4.9857619e-01
  5.7651585e-01
  2.8711541e+00
 -5.8708811e-01
  6.6052324e-01
 -1.1729028e+00
  2.5490439e-01
  1.1521924e+00
 -2.2384614e-01
  5.9198451e-01
 -1.3770360e+00
  7.9787123e-01
  9.1476411e-01
  2.3691055e-01
 -8.0739260e-01
 -1.3387010e-01
 -2.0957129e+00
  8.7909496e-01
  1.3553212e+00
 -2.5303045e-01
 -1.0561745e+00
 -2.8212352e+00
 -4.2982468e-01
  7.9328388e-01
  1.3248760e-02
  3.9511675e-01
 -1.2189145e+00
 -2.7886438e-01
  1.4878094e-01
  1.9939733e-01
  7.7885872e-01
 -1.9638700e+00
  3.6318690e-01
 -6.3174325e-01
  6.6039902e-01
  2.4026443e-01
  1.5105531e+00
 -7.4604446e-01
 -1.1069933e-01
  2.3864217e+00
 -1.0234673e+00
 -4.4413361e-01
 -1.2374219e+00
  1.1401765e-01
 -9.5716023e-01
 -9.1196120e-01
  7.3308015e-01
  1.8104379e+00
  2.0845404e-01
  5.2593827e-01
  7.4519014e-01
  1.3994179e+00
 -8.3084457e-02
  2.5817606e-01
 -1.6694968e+00
  1.2568028e+00
 -9.0004086e-01
 -1.2282205e-01
  2.0672269e+00
 -1.7930495e+00
 -2.4201012e-01
 -3.1028140e+00
 -5.0571876e+00
  3.3227100e+00
 -5.7056820e-01
  8.6920238e-01
 -1.8574640e+00
 -9.5985928e+00
  2.9625266e+00
 -3.4373322e+00
 -2.2600110e+00
 -3.8320153e+00
 -3.5189497e+00
  3.2286868e+00
 -2.4168744e+00
 -4.1440692e+00
 -1.1598041e+00
 -1.7984889e+00
  6.6404772e-01
 -1.7223288e-01
  3.2664669e-01
 -3.2008326e-01
  1.0481937e+00
  9.4277269e-01
 -1.8039770e+00
 -1.2757520e-01
 -6.7152971e-01
  1.4892712e-01
  3.9584651e+00
  5.5112582e-01
 -1.7646281e+00
 -1.1010975e+00
 -1.9965981e+00
  2.8755648e+00
  2.5001104e+00
  4.3996844e+00
 -6.7298031e-01
 -3.6847270e+00
  3.2135398e+00
  2.1616962e+00
 -1.1839728e+00
 -5.1413355e+00
  1.5919796e+00
  1.5373772e+00
 -2.5995710e-01
  3.7123780e+00
 -2.4274051e+00
  5.0746131e+00
 -1.7423555e-01
 -1.5032452e+00
 -2.3681531e+00
  1.5047768e+00
 -5.7779403e+00
 -6.3761115e-01
 -1.3032218e+00
  8.3257973e-01
  1.0434303e-01
  1.1845278e+00
  4.3273926e-01
 -1.6467394e+00
  6.2894535e-01
  8.2141884e-02
  1.5926210e+00
 -1.6035101e-01
 -1.7344309e-01
 -5.2746046e-02
  3.6145782e-01
  1.5894470e+00
  7.2206330e-01
  2.3215754e+00
  3.3344150e+00
  1.6415666e+00
  3.2486254e-01
 -2.3093762e-01
 -1.3417532e+00
  4.9059519e-01
  1.7980213e-01
  2.3031577e-01
 -8.1459787e-03
 -1.3335470e+00
  2.1355863e+00
  6.7506295e-01
  1.1274821e+00
  1.6894318e-01
 -2.7849047e+00
  4.4077325e-01
  5.2044934e-01
 -1.5347542e+00
  3.5792136e-01
  1.5994880e+00
 -1.7929814e+00
 -1.0509452e-01
 -3.3117867e-01
 -2.9204789e-01
  8.9738917e-01
 -3.8068751e-01
 -1.7589306e+00
 -2.5907204e-01
 -2.1155994e-02
  3.8441193e-01
 -1.2152455e+00
  2.6839697e-01
  4.5909750e-01
  1.3962875e-01
 -1.4695902e-01
  1.0003357e+00
 -1.0821400e-01
 -1.4305267e+00
 -5.3718412e-01
 -2.3256361e-01
  6.4603978e-01
 -6.1931604e-01
  1.6012090e+00
  4.3862760e-01
  1.0526837e+00
 -2.1566981e-01
  5.4997498e-01
  3.1311402e-01
 -1.3940246e+00
 -8.6629266e-01
  2.2003484e-01
  2.6673374e+00
 -3.0851963e+00
  9.5758416e-02
 -1.2529378e+00
 -1.2200654e+00
  2.0750225e-01
 -7.4327208e-02
 -4.8185557e-01
  1.0227680e+00
 -1.5242754e+00
  1.5143806e+00
 -3.0823712e+00
 -2.0058858e+00
  2.6124868e+00
  2.0446839e+00
 -2.6645896e+00
  2.0740290e+00
  3.3433625e-01
  6.7841396e-02
 -7.8082502e-01
 -2.5092751e-01
 -2.2147815e-01
  1.9831666e+00
 -3.5861363e+00
  1.8875365e+00
  1.4175536e-01
  1.5926162e+00
  1.1567597e-01
 -6.3413724e-02
 -4.8946396e-01
 -1.2348913e+00
 -7.8830910e-01
  5.7575566e-01
 -1.2009537e+00
  8.5906971e-01
  2.1858609e-01
 -2.7993131e-01
 -7.5419974e-01
  1.1150790e+00
 -6.6684449e-01
 -7.6953918e-01
 -3.2038441e+00
 -1.0623114e+00
  7.6992482e-01
 -1.4865347e+00
  3.5730207e-01
  9.6127331e-01
  2.8785739e+00
  2.0671697e-01
 -3.5101300e-01
  8.1157601e-01
  1.2291298e+00
 -1.8693970e+00
 -6.6753662e-01
  9.8688021e-02
  2.2386980e-01
 -1.4665670e+00
  1.6348000e+00
  4.1693836e-01
 -3.1226714e+00
  4.6046463e-01
 -4.2922705e-01
  9.4634944e-01
  9.0200424e-01
 -4.0830052e-01
 -3.6511019e-01
 -9.9069750e-01
 -2.5644369e+00
 -4.2408848e+00
  1.0776553e+00
 -2.8547208e+00
  5.4922670e-01
 -1.8040733e+00
  1.3553979e-01
  3.7569480e+00
 -8.7901914e-01
 -5.1495757e+00
 -2.2907660e+00
  8.2413459e-01
 -1.7762508e+00
  1.0479039e+00
  1.3722141e+00
  3.1952801e-01
 -7.7717459e-01
 -1.5416060e-01
 -9.0656775e-01
 -1.6811438e-01
  3.0000045e+00
  3.2761833e-01
 -1.0479897e+00
 -1.8378323e+00
  2.0442940e-01
  1.5653323e+00
  2.0298734e+00
  2.9246273e+00
  4.8614874e-01
 -5.7158369e-01
  9.1186929e-01
 -5.6987101e-01
  2.7752967e+00
 -1.3999126e+00
  3.1780200e+00
  1.2789940e+00
  1.2271252e+00
  1.7841246e+00
  3.2571477e-01
  2.7251728e+00
 -1.3065406e+00
 -1.0984235e+00
  6.7067635e-01
  6.0510838e-01
  1.5861022e-01
  1.7202340e-01
 -6.0882177e+00
  3.7952442e+00
  1.6695206e-01
  1.3413179e+00
 -1.4119774e-01
 -1.0226157e+00
 -1.7785737e-01
  6.5030050e-01
 -1.7383595e-01
 -1.0159301e+00
 -1.5145373e+00
 -1.1809064e-01
  1.0442841e+00
 -3.3167392e-02
 -4.4647759e-01
  7.9736459e-01
 -1.5200583e+00
  1.8406250e-02
 -4.7221240e-01
 -1.0681053e+00
  1.3477241e-01
 -1.4832691e+00
  9.6727163e-01
 -1.7497754e+00
  1.1499646e-01
 -5.8003223e-01
 -1.0580286e+00
 -7.4980283e-01
 -2.2808275e+00
 -6.1224210e-01
  2.5068452e+00
 -8.5391241e-01
  5.0134414e-01
  5.2161198e+00
  4.2468917e-01
 -5.4207397e-01
  1.1709499e+00
 -5.6469649e-01
  1.7886065e+00
  6.7230052e-01
 -8.0388284e-01
 -8.7685846e-02
  7.5583249e-01
  1.8757065e-01
 -4.4338661e-01
 -3.4957623e+00
 -4.2140126e+00
 -5.6951964e-01
  6.9202852e-01
  2.0765178e+00
  7.8893811e-01
  1.3345582e+00
  4.5782033e-01
  3.7536964e-01
  2.2987437e+00
 -6.8534833e-01
 -1.6142135e+00
  4.2953773e+00
  2.0984979e+00
  1.0464799e+00
  1.1452055e+00
 -1.2434444e+00
 -2.2566540e+00
  8.9380729e-01
  2.3639634e-01
 -4.7080109e-01
 -1.4702238e-02
 -2.1908588e+00
  1.0119981e-01
 -1.3156835e+00
  1.0649399e+00
 -1.7299883e+00
  1.9681519e-01
 -1.0278789e+00
  6.2168795e-01
  1.0083641e+00
  7.3390827e-03
 -2.8287222e+00
 -6.0849345e-01
 -8.4631151e-01
 -1.9273227e-01
  6.0382354e-01
 -3.6045983e-01
  8.4836006e-02
  1.7443459e+00
 -2.2716007e+00
 -3.6433063e-02
 -5.7867277e-01
 -3.7427506e+00
  6.1402173e+00
 -9.1810578e-01
 -6.7042452e-01
 -3.4009612e-01
 -2.1728907e+00
  1.0855224e+00
  1.0020780e-01
  9.7318465e-01
 -4.6116918e-01
 -8.2072419e-01
 -2.9028280e+00
 -3.9350957e-01
 -5.6082910e-01
  3.6180934e-01
 -1.1647238e+00
  1.8130143e-01
 -7.7483672e-01
 -2.7700269e+00
 -1.0257511e+00
  1.0060061e+00
 -8.6152092e-02
 -2.4981520e+00
  4.2898929e-01
 -1.0377214e+00
 -4.0756994e-01
 -4.6838593e-01
  4.5358557e-01
  2.3126538e+00
  9.3109465e-01
  1.4209073e+00
 -1.9604294e+00
 -1.2854513e+00
  7.5657666e-02
  7.0022577e-01
 -9.5249003e-01
  2.1727161e-01
  3.5180058e-03
  7.5398201e-01
  1.8755051e+00
 -2.2821765e-01
 -4.4082615e-01
 -7.4572241e-01
 -9.7402966e-01
  2.5776222e+00
 -4.9760211e-03
 -6.6019201e-01
 -2.4331908e-01
 -1.7856658e-02
  2.0742500e+00
 -5.2319419e-01
  1.4570304e+00
 -1.0773994e+00
  1.9133210e+00
  6.7634720e-01
  7.6110691e-02
 -6.0066289e-01
  7.7921855e-01
  1.2879725e+00
  2.3743185e-01
  5.1765424e-01
 -8.4455270e-01
  2.5425762e-01
 -1.6678684e+00
  6.3050109e-01
 -7.6071513e-01
  3.6691196e+00
 -1.5108515e+00
  1.3419713e+00
  5.4536706e-01
 -1.8524407e+00
 -1.3964384e+00
 -1.2454075e+00
  3.6592484e-01
  1.4611043e+00
  8.8012022e-01
  3.3635607e+00
  9.9146885e-01
 -1.2595655e+00
  1.4427558e+00
 -8.0500382e-01
  3.5296571e-01
  2.9199645e-01
  6.3006749e+00
 -1.9720438e+00
 -1.7935020e+00
 -1.5107178e-02
  3.7466657e-01
 -2.0603688e+00
  2.1888766e+00
  7.8158951e-01
 -1.5801641e-01
  5.6188710e-02
  3.7054472e-02
  1.0244480e+00
  8.3469725e-01
 -8.2864922e-01
  2.3326316e+00
  9.7174600e-02
  1.1885716e+00
 -1.1505754e+00
  5.8852935e-01
 -2.1722565e+00
 -4.8071727e-02
 -1.1489649e+00
 -2.5677297e+00
 -1.6361400e-02
  1.1377511e+00
 -1.7592207e+00
  6.6957426e-01
  1.3349947e+00
 -4.5376179e-01
 -6.5310454e-01
  3.8748744e-01
  1.4247023e+00
 -1.9501553e+00
 -9.3435191e-02
 -1.2762564e+00
  2.0131093e-01
 -1.2001555e+00
  5.3594708e-03
  1.0981718e-01
  9.4537699e-01
  1.5352913e+00
 -2.7497015e+00
  9.3469727e-01
  5.9296197e-01
 -5.0027281e-01
  2.2141086e-02
 -2.0027833e+00
 -1.3588037e-01
  3.0266984e+00
  2.1168236e-02
 -1.2890334e-01
 -1.1301352e+00
 -9.8681651e-02
 -6.9051123e-01
  4.9693328e-01
  1.1151282e+00
 -1.4090553e-01
  4.3867734e-01
 -2.3507819e-01
  1.9306050e-01
  7.1860385e-01
  1.3609625e+00
 -8.8994378e-01
 -1.7494156e+00
 -2.0836391e+00
 -4.2530541e+00
 -6.3396983e-02
 -2.4891577e+00
 -1.2763767e+00
  3.9803365e-01
  1.1860977e+00
  4.5230556e-01
 -1.8680617e+00
  1.1247085e+00
  2.7052083e+00
  5.1774752e-01
  1.0192126e+00
 -2.0713770e-01
 -4.5550677e-01
  3.6994568e-01
 -2.3969293e+00
  1.4703348e-01
  3.9045367e-01
  1.0765346e+00
  7.1162954e-02
  1.4193113e-01
 -7.4201208e-01
 -1.3961821e+00
 -5.4432666e-01
 -8.1917977e-01
  1.2703474e+00
 -2.5855455e+00
 -7.8122193e-01
 -3.9167283e+00
  1.2981882e+00
 -5.2922916e+00
 -4.0413237e-01
 -3.5594308e-01
 -1.5986274e+00
  8.4476691e-01
 -4.6682394e-01
  5.1210400e-02
  1.5538834e+00
 -1.9663210e+00
 -3.0170789e+00
 -1.5974921e-01
  5.0884304e+00
 -6.7978139e+00
 -1.0688549e+00
  7.0458871e-01
  1.7824600e+00
 -1.1191735e-01
  3.3050242e-01
 -2.4578695e-01
 -1.3684331e+00
 -1.8774840e+00
 -2.1896338e+00
 -2.5697241e+00
 -5.0047512e+00
  4.0434279e-02
 -2.2719734e+00
 -1.2124518e-01
  3.2456851e+00
  4.8935294e-01
  5.9465423e-02
  4.7480738e-01
 -2.8962216e+00
 -1.3647920e-01
 -1.2584648e+00
 -3.2257056e-01
  2.0847042e+00
  1.1532513e-01
  2.0017130e+00
  4.4533271e-01
 -9.4626993e-01
 -1.3591236e+00
  8.5540362e-02
 -1.3762678e+00
 -4.8240304e-01
  4.5843354e-01
  1.9075513e-01
 -1.9145925e-01
 -2.4667343e-01
  2.2232440e+00
  1.4163463e+00
  9.8060107e-01
  1.9773148e+00
 -1.1864464e+00
 -4.3680918e-01
  1.2377325e-01
 -6.7508048e-01
 -6.8880081e-01
  4.7460712e-02
  5.0122356e-01
  7.7755922e-01
  1.6903967e-01
  2.8467309e-02
  1.2931411e-01
 -9.3458369e-02
  5.0722653e-01
 -7.6885372e-01
  6.2834525e-01
  7.2411243e-03
  8.5807687e-01
  3.8360953e-01
  2.1576461e-01
 -7.2825742e-01
 -7.9463327e-01
 -5.1871314e+00
 -3.2950532e-01
 -1.4370294e+00
 -1.0480850e+00
 -8.8562095e-01
  6.4980280e-01
 -3.5417613e-02
  2.5565946e+00
 -1.1634098e+00
 -1.3167633e+00
 -3.2274288e-01
 -3.2204573e+00
 -5.2439117e-01
 -6.0449654e-01
 -9.3040097e-01
 -1.5024878e-03
 -3.1246400e-01
  7.8995484e-01
 -2.4880083e+00
  2.9158711e+00
  1.1495070e+00
 -2.6894739e-01
  2.3980075e-02
 -3.8746054e+00
  1.3948363e-01
  8.3343267e-01
 -4.3327457e-01
 -4.3059984e-01
  5.1582623e-01
 -2.6482789e-02
 -1.9062637e-01
  3.1684142e-02
  1.6278895e+00
 -9.3202031e-01
 -8.3428597e-01
 -1.2696705e+00
 -2.2977713e-01
 -6.5485841e-01
 -8.4787923e-01
 -9.0881348e-01
  8.1676096e-01
  1.1796279e+00
  1.8369190e-02
 -1.7963301e-01
  4.7017711e-01
  1.7750457e-01
  2.5264946e-01
 -1.1764427e+00
 -1.0111145e-01
 -2.0598114e-01
 -8.6385435e-01
 -2.1896972e-01
  3.6418295e+00
 -6.6764379e-01
  2.5641654e+00
 -2.8808589e+00
  6.6798799e-02
 -7.2516769e-01
  9.4385976e-01
 -1.2329851e+00
  2.3839623e-03
  3.2152078e-01
 -3.1794691e+00
  6.7268297e-02
  8.3832330e-01
  1.4589821e+00
  3.9667320e-01
 -2.2278151e-01
 -1.8698990e+00
 -8.4254138e-02
 -1.9972676e+00
  4.3118551e-01
 -1.7838397e+00
  7.5865127e-02
 -5.1849318e-01
  3.1309679e+00
 -1.8082388e-01
 -2.5355157e-01
 -2.0490921e+00
 -1.8712718e+00
 -2.5133917e-01
  7.7851003e-01
 -1.9877857e-01
  6.7868823e-01
 -4.9043852e-01
 -2.2284617e+00
 -8.7852639e-01
 -1.1432254e+00
 -5.2251369e-01
  1.6229011e+00
  7.6179975e-01
  1.6631863e-01
 -4.2351612e-01
 -2.3826468e+00
  3.1778443e-01
  1.4442581e+00
  6.6207343e-01
  1.4385040e+00
 -2.6930149e+00
  3.8296610e-02
  9.2534184e-01
  5.0937972e+00
  7.7107686e-01
  2.3649278e+00
 -1.0111034e-01
 -1.3845617e-01
  4.8200810e-01
 -3.7502959e-01
  1.3250875e+00
  7.6321465e-01
 -1.9508247e+00
 -2.1776228e+00
  5.6877095e-01
 -5.6993168e-02
  3.4561214e-01
  5.0663573e-01
 -3.0503291e-01
 -2.1282271e-01
  2.3936133e+00
 -8.8962182e-02
  2.1260610e+00
 -7.6089418e-01
  4.6114230e-01
 -2.0933282e+00
  7.0446020e-01
 -1.0702757e+00
 -7.4119282e-01
 -1.9010638e-01
 -9.1415501e-01
  8.3156425e-01
  1.8514971e+00
  1.0347803e+00
 -1.5125066e-01
  1.5512223e+00
 -4.2436835e-01
  1.7274952e-01
  7.3363000e-01
  1.2010113e+00
 -5.6627578e-01
  7.0765001e-01
  5.7418990e-01
 -5.6484032e-01
 -7.5335544e-01
 -4.3520951e+00
 -1.7196145e+00
  2.4685678e-01
  1.7074609e+00
 -1.7403278e+00
 -1.2922528e+00
 -5.3029376e-01
 -6.7515898e-01
 -8.1445783e-01
  2.3393631e-02
 -1.6258912e-01
 -3.3241168e-01
 -1.2978824e+00
 -5.0507742e-01
 -5.1573378e-01
 -5.8412319e-01
 -1.6674626e+00
  1.4052644e-01
 -2.1454627e-02
  1.6919299e+00
  2.5690548e+00
  1.0925674e-01
  2.7743456e-01
  7.0333523e-01
  5.3118521e-01
 -3.1579220e-01
  1.2205251e+00
  5.3425008e-01
  7.4316943e-01
 -2.5942379e-01
  9.4096646e-02
  1.6287750e-01
  1.3238268e+00
  4.7551984e-01
 -1.8561469e+00
 -7.8713328e-02
  1.1788117e+00
  7.5137025e-01
  3.9852080e-01
  5.6688404e-01
 -2.1715500e+00
  2.8619338e-02
 -4.1320286e+00
  3.0188951e-01
 -4.2995315e-02
  1.4307936e+00
  1.3796352e+00
  9.0407449e-01
 -9.4557089e-01
 -1.9468871e+00
  2.9927188e-01
 -3.5612774e+00
 -6.6376758e-01
  3.4788921e-02
  4.6838221e-01
 -3.9157711e-02
  1.0571814e+00
  2.7565917e-01
 -1.7835029e+00
 -1.5551165e+00
  2.4345131e-01
 -1.0871010e+00
 -1.2268637e-01
 -2.6605114e-02
 -7.6877177e-01
  9.3605411e-01
 -2.9163594e+00
  1.5332960e-02
  2.1913566e-01
 -7.7541751e-01
 -1.7747104e+00
 -3.8271582e-01
 -3.2455093e-01
 -1.0813524e+00
 -1.7180967e+00
 -1.2565399e+00
  1.2673442e-01
 -5.9640390e-01
 -1.4148785e+00
  4.2939577e-01
  1.2524101e-01
  1.4689420e-01
  1.2084103e+00
 -9.7311413e-01
  2.4064533e-01
 -1.2858443e+00
 -2.3702657e+00
  7.0728528e-01
 -1.0773906e+00
  8.1694192e-01
  9.4896889e-01
  7.8890520e-01
  8.0854446e-01
  7.6807940e-01
 -3.8248632e+00
  2.4606200e-01
 -7.3662525e-01
  2.0671687e+00
  1.5614405e-01
  4.4923110e+00
 -2.1382797e-01
  1.4188747e+00
  1.0832306e+00
  1.7700537e+00
 -2.2803204e+00
  2.1683276e+00
  8.2953757e-01
  3.8413942e+00
  8.0411655e-01
  4.1232100e-01
 -6.6521794e-01
  3.2535236e+00
 -8.2461041e-01
 -8.9166099e-01
  3.1948149e-01
  1.3561707e+00
 -1.0023992e-02
  8.7007248e-01
 -1.1524599e-01
 -1.0129023e+00
 -5.5961806e-01
  6.6994417e-01
 -1.8899198e+00
  5.9904832e-01
  3.1196493e-01
  2.0950670e+00
 -1.0727480e-01
  7.8961425e-02
 -1.3326101e+00
 -1.3487474e+00
 -1.3219347e+00
 -1.2041132e+00
 -7.1186066e-01
 -1.7359147e+00
  2.6358205e-01
  5.0517917e-03
 -1.4644620e+00
  5.4943867e-02
  2.5032828e+00
 -2.0223248e+00
  1.3040960e-02
  6.6222978e-01
  4.6079969e+00
  2.3856619e-01
 -1.1254910e+00
  6.5803438e-01
 -8.8993698e-01
 -1.1614470e+00
  8.6614251e-01
  1.4976825e+00
 -1.1755350e-01
  1.2683258e+00
  7.0017582e-01
  1.2872713e+00
  4.2511418e-01
 -1.0878336e+00
 -1.1485090e+00
  4.2696366e-01
  1.0486465e+00
 -4.2564929e-01
 -2.5862023e-01
 -9.6713796e-02
 -5.3134208e+00
  3.6890256e-01
 -1.9820145e+00
  2.6433625e+00
  4.0457463e-01
  8.3765149e-01
  9.5572448e-01
 -2.2762336e-02
 -1.2104621e+00
  9.9264151e-01
  4.8837519e-01
  3.7265667e-01
 -4.8875430e-01
  3.4658012e-01
  7.0179856e-01
  1.4625046e-02
 -3.3507600e-02
  2.5927982e+00
 -1.3438097e+00
 -1.2562537e+00
 -1.8518940e-03
  7.0730251e-01
 -1.0877065e-01
  1.5393562e+00
 -1.7734239e+00
  2.2031827e+00
 -3.0029058e-01
  1.2518698e+00
 -1.6799049e+00
  1.2090073e+00
  2.9014054e-01
 -4.2143205e-01
  1.2921294e+00
 -2.0284836e+00
 -1.5417370e-01
  1.1045445e+00
 -5.2298206e-01
 -2.6260214e+00
 -3.7673619e+00
  8.0403668e-01
  8.5803407e-01
  4.7861367e-01
 -3.0008826e-01
  2.2261486e+00
  1.4516479e+00
  1.2280135e-01
  7.1678436e-01
 -1.3840879e-01
 -1.1407712e+00
  3.4845844e-02
 -1.9494127e+00
 -6.1049044e-01
  7.4598455e-01
 -5.0692540e-01
 -1.3368626e+00
 -5.9687084e-01
  2.4286804e+00
  1.3061818e+00
 -3.2335007e-01
 -1.7357579e+00
  7.7196360e-01
  9.6244568e-01
  3.8110441e-01
  1.3811046e+00
 -5.7965147e-01
  1.0174133e+00
 -1.1580671e+00
 -2.5944966e-01
  1.0441920e-01
  4.3379995e-01
 -7.4508175e-02
 -8.3269012e-01
  6.1278790e-01
 -7.1614361e-01
 -1.7107843e+00
  5.1383704e-01
  1.4640672e+00
 -2.3534377e+00
 -4.0113902e-01
  3.9851198e-01
  1.4332172e-01
 -4.7623283e-01
 -6.4096727e+00
 -1.7697501e+00
 -1.5383452e+00
 -4.1856136e+00
  1.0795517e+00
 -1.2470512e+00
 -6.3850754e-01
 -9.7426337e-01
 -2.5688992e+00
  2.3940091e+00
 -7.1437287e-01
 -8.7239981e-02
 -4.2665496e+00
 -2.0185763e-01
  3.5740384e-01
  9.2645520e-01
 -2.1592924e-01
 -9.2602021e-01
  6.7484397e-01
  1.4624694e-01
  1.1735032e-01
 -3.1181252e-01
 -1.1507726e+00
  3.5442677e-01
  1.0952650e+00
 -1.7384109e+00
 -5.9309513e-03
  6.1537969e-01
 -1.0785488e+00
  1.6695123e+00
  3.9404867e+00
 -2.3295958e-01
  1.2113347e+00
 -3.2517266e-01
  3.3796117e+00
  1.8278244e+00
 -1.1621939e-01
 -1.4093584e+00
 -1.6858375e+00
  1.2851087e+00
  9.1256323e+00
 -1.4579242e-01
  2.8557680e+00
  5.4141641e-01
 -2.3647265e+00
  7.0954537e+00
  1.4933084e+00
  6.1163306e+00
  8.9638948e-02
 -7.6555416e-02
  1.5187099e+00
 -1.4915925e+00
 -3.0517608e-01
  2.0613962e-01
 -1.2494881e-01
  8.9952821e-01
 -8.3810771e-01
  1.8395363e+00
  1.1366510e+00
 -3.7131342e-01
 -2.7251297e-01
  9.5944822e-01
 -1.3745291e+00
 -4.4206265e-01
 -4.4440802e-02
  1.1476536e+00
 -1.7141333e+00
 -1.7791141e+00
 -1.2567183e-01
  1.6106052e+00
 -4.6138614e-01
  6.9521405e-03
 -2.2764456e+00
 -5.0970787e-01
  5.6593859e-01
  4.8090422e-01
  4.2933426e+00
 -9.6435845e-01
 -4.0554526e-01
  3.3153880e-01
  7.4383938e-01
 -1.8356898e-01
  9.1601157e-01
 -1.3337432e+00
 -4.9566743e-01
 -8.9234829e-01
  2.9799616e+00
  2.5352204e+00
  5.9433270e+00
 -8.7415636e-01
  4.6160486e-01
 -7.8643239e-01
 -6.3183773e-01
  2.6740952e+00
  3.6339250e-01
  8.5322565e-01
 -1.8783090e-01
 -7.4768776e-01
 -7.7460146e-01
 -9.3346012e-01
  5.6657322e-02
  1.8894999e+00
  1.9898955e+00
 -1.7179235e+00
 -4.5096459e+00
  1.4733427e+00
 -3.7205193e+00
  5.5946612e+00
  1.4740506e+00
  2.4950867e+00
  9.3153638e-01
 -4.1735206e+00
 -1.8260647e+00
  5.5890071e-01
  7.4297339e-01
  3.2230828e+00
 -2.4496058e-01
  5.0388557e-01
 -5.3374714e-01
  3.9495325e+00
 -1.3758901e-01
  6.9376880e-01
  1.6292605e+00
  2.2263446e+00
 -2.0159572e-01
 -4.4440311e-01
  6.5960269e+00
  4.7840458e-01
 -1.8336107e-01
 -6.4241582e-01
 -2.4048715e+00
 -3.2994244e-01
 -8.1747919e-01
  2.6019523e+00
  2.7300608e+00
  4.4228080e-01
 -7.4462336e-01
 -5.3433914e-02
  5.3056717e-01
 -2.5850958e-01
  3.7311646e-01
  9.1588968e-01
 -1.4991845e+00
 -7.0488954e-01
 -8.0697656e-01
 -8.1400198e-01
  1.8119620e+00
  6.0441947e-01
 -5.3036237e-01
  1.2000082e+00
 -6.4606482e-01
 -2.1801608e+00
 -2.9002371e+00
 -1.9879211e+00
 -6.3436079e-01
  1.1392550e+00
  9.5485580e-01
 -1.3417244e-01
 -4.0451863e-01
 -4.8606861e-01
 -1.6083703e+00
  5.3926975e-01
  1.5511624e+00
  1.8088237e+00
 -1.3673687e+00
 -5.9441733e-01
  7.7252179e-02
 -1.0449685e+00
  3.4896484e-01
  4.0325487e-01
 -3.4037627e-02
 -2.3706177e-01
  8.5993618e-02
 -1.8302792e+00
 -1.9313614e+00
  6.1411905e-01
 -2.3145406e+00
  2.8674018e-02
 -6.8382239e-01
 -2.1412244e-01
 -1.1941542e-01
 -7.0938224e-01
  1.4482197e+00
 -4.8945928e+00
 -5.2989846e-01
 -8.8903105e-01
 -9.5964998e-01
 -2.4786703e-01
  4.1562563e-01
  8.3452266e-01
 -1.7915505e-01
 -4.6372300e-01
 -7.2996229e-02
 -4.7818214e-02
  1.7105071e-01
 -1.0612042e-01
 -6.7537669e-03
 -4.9395159e-01
 -8.2048815e-01
  3.3928841e-01
  1.3037997e+00
 -3.6019143e-01
  1.4824921e+00
  1.8630816e-01
 -2.2217199e-01
 -2.5960726e-01
 -5.3895700e-01
  2.1914279e+00
  9.7072765e-02
  1.0100483e+00
  1.0274131e+00
 -3.7482865e-02
 -2.4714413e+00
  6.7498964e-01
  1.1730115e+00
  4.6188824e-02
  1.2972637e-01
  4.5792051e-02
  2.0985949e-01
  4.3385923e-01
 -7.0414633e-01
  1.0182507e+00
 -1.6631086e+00
 -1.0382363e+00
  6.5355636e-03
 -1.9440374e+00
  7.1860403e-01
 -3.6208030e-02
 -4.8779789e-01
  5.0842696e-01
  3.4012083e-02
  1.7476721e-01
  1.8273430e+00
 -3.1798843e-01
  3.8035777e-01
 -7.4425262e-01
 -9.5799409e-02
  1.9785868e+00
 -8.8349718e-01
  1.7114671e-01
  6.7920005e-01
  2.9860616e-01
 -8.9429446e-02
  7.2719502e-01
  1.0547205e+00
  1.7286013e+00
  6.0804659e-01
 -1.6374012e+00
 -1.1148991e-01
  6.3969657e-02
 -8.6687721e-02
 -1.7946366e-02
  1.3575691e+00
 -1.3136001e+00
  1.3691505e+00
  1.0811478e-01
  2.7818847e+00
  1.8722656e+00
 -1.2297798e+00
 -2.3993158e-01
 -1.4573833e+00
 -9.0729809e-01
 -1.1271800e+00
 -7.6228285e-01
  5.0387275e-01
  7.9548353e-01
 -2.3060367e-02
  1.8804365e+00
  6.8934709e-03
 -1.5170433e-02
  1.1639193e+00
 -1.7929216e-01
 -3.4121704e-01
 -3.3842146e-01
  3.4483993e-01
  1.2269604e+00
  8.1323403e-01
 -5.0444156e-01
 -1.2353573e+00
  2.3499644e+00
  9.4585329e-01
 -1.3240923e+00
 -2.1442230e-01
 -1.0298121e+00
  1.1488949e+00
 -1.0407327e+00
  5.8433920e-01
 -6.6471651e-02
 -6.9521546e-02
  1.6707703e-01
  4.2079082e-01
 -1.4467636e+00
  5.5842396e-02
 -9.9535173e-01
 -3.9578822e-01
  9.2778081e-01
 -1.0056914e+00
 -4.5016098e-01
 -5.4420620e-01
  9.7441435e-01
  3.7983325e-01
  7.3158741e-02
 -2.5227299e-02
 -9.9893063e-01
  8.5764575e-01
  4.2979625e-01
 -1.3664383e+00
 -2.0884702e-01
  4.2178515e-01
 -5.5360293e-01
  2.3291190e+00
  1.4576216e+00
  1.6942645e+00
  5.4241902e-01
 -8.8680494e-01
  5.3085810e-01
  1.4338591e+00
  1.2030904e+00
  1.5677553e-02
 -7.1955615e-01
  1.3827006e+00
 -6.5509009e-01
 -9.7317523e-01
 -5.4930156e-01
  9.0859890e-01
 -1.1012354e+00
  1.2090471e+00
  8.8905320e-02
 -4.9828696e-01
  5.8765672e-02
 -1.6088504e+00
 -4.8358925e-02
 -3.8435888e-01
  2.0520392e-01
  5.2912748e-01
  7.6958519e-01
  9.6583557e-01
  5.0027188e-02
  3.4414291e-01
  8.1092238e-01
 -1.0644420e+00
  3.2998177e-01
  3.8862321e-01
  1.8355569e+00
  5.6779999e-01
 -1.1092588e-01
 -6.2640996e+00
 -1.1590677e+00
 -2.9386696e-01
 -5.4747140e-01
 -1.4399849e+00
 -1.2466627e+00
 -1.9707712e+00
 -7.7273709e-01
  2.7997282e+00
 -7.5743747e-01
 -3.5042563e-01
  2.4323414e-01
 -2.4632141e-01
  5.3221695e-02
  2.1133064e-01
  5.0660944e-01
 -7.8424615e-01
  4.2427367e-01
  8.7880719e-01
  1.2882149e+00
  1.5136319e+00
  4.2892313e-01
 -2.5006127e-01
 -6.4248580e-01
  2.4105394e-01
 -8.3354883e-02
 -3.9103886e-01
 -5.8195546e-02
  3.2749030e-01
 -3.8125384e-01
  1.5692766e+00
 -6.1895519e-02
 -1.7724780e-03
  1.0978153e+00
  8.9818275e-01
 -1.8670877e+00
 -4.4911298e-01
  1.1655078e+00
  3.1887972e+00
 -2.2990383e-01
 -8.3288878e-02
 -4.2128390e-01
 -1.0264497e-01
 -1.3635668e-01
  8.4546441e-01
 -1.2347983e+00
  2.3309434e-02
  3.5421243e-01
  7.3589969e-01
  1.3812896e+00
  1.0640686e+00
 -6.3667220e-01
  1.0458319e+00
  1.5899639e+00
 -9.1990340e-01
  6.3261783e-01
 -1.3048677e+00
 -1.1199789e-01
 -2.2653687e-01
 -1.1039393e+00
  3.6626026e-01
  1.4065722e+00
  2.0372488e-01
 -7.6323509e-02
 -5.4967219e-01
  4.0932202e+00
  6.8706900e-01
 -5.1677358e-01
  2.4366546e-01
 -6.1864293e-01
 -9.0517491e-01
  1.6136986e+00
  7.4986738e-01
 -8.3064878e-01
 -3.9430016e-01
  1.5413644e+00
 -1.0813067e+00
 -1.3715208e+00
  1.4783996e-01
  3.6238682e-01
  1.6207923e-01
 -2.4228676e-01
  6.8894720e-01
 -4.8620278e-01
 -3.7156492e-01
  7.2767180e-01
 -3.5368752e-01
  1.6317787e-02
  1.6360846e-01
  4.3103254e-01
 -3.3757541e-02
  7.3942947e-01
 -8.3661127e-01
  3.1296918e-01
 -2.1942167e-01
 -1.8363510e+00
  1.3362639e-01
  2.5358383e-02
 -2.3840845e-02
 -6.3008791e-01
  1.1981277e+00
 -5.5789128e-02
  4.4021797e-01
 -1.0984838e-02
  1.6350590e+00
 -4.4710320e-01
 -1.3362317e-01
  6.3171333e-01
 -4.4998130e-01
 -1.1725746e-02
  6.4392251e-01
 -1.4624994e+00
 -1.4239824e-01
  3.8232711e-01
 -5.4610586e-01
 -8.4890395e-01
 -6.7096442e-01
 -1.9804846e-01
  4.8772210e-01
  4.5552284e-01
 -2.5211244e+00
 -5.1157910e-01
  7.6613438e-01
  1.2293600e-01
 -8.0879921e-01
  1.7267799e+00
  1.0749266e+00
 -2.3255086e+00
 -1.3906853e+00
  1.4785702e+00
  1.4131362e-02
  4.5035562e-01
 -6.9131094e-01
 -2.8881395e-01
 -2.8056556e-01
 -4.7215888e-01
 -1.1263677e-01
  6.6792697e-01
  9.2170924e-01
  1.3077271e+00
  1.4027801e+00
 -1.4099050e+00
 -1.9483230e+00
  2.2711639e+00
 -9.8963130e-01
  3.0324490e+00
  1.8380486e+00
 -9.7101949e-02
  4.7914666e-01
  2.1868842e+00
  4.5677671e-01
 -9.9989869e-02
 -1.3166777e+00
 -1.5131459e-01
  3.7741661e-01
  1.0692904e+00
 -5.4591012e-01
 -7.9525834e-01
  1.1071010e+00
  3.4756379e+00
 -8.2934242e-01
 -7.0735669e-01
  2.7746946e-01
 -1.7390335e+00
 -2.5914988e-01
  9.6597660e-01
 -2.4315046e-01
  6.2257934e-01
  6.9320405e-01
  1.1315937e+00
  1.3239822e+00
 -7.4328160e-01
  3.2854709e-01
  1.0411770e+00
 -3.3909801e-01
 -1.1190783e-01
  7.8965195e-02
  5.0287926e-01
  1.3688734e+00
  7.9150069e-01
 -1.1507407e+00
 -2.7113816e-01
  6.1262739e-01
 -3.6276436e-01
  2.0912786e-01
  1.1517161e+00
 -7.7736843e-01
 -4.8285872e-02
 -6.5122902e-01
  3.4046271e-01
  7.2388965e-01
 -1.8953276e-01
 -1.3928121e-02
  5.3954673e-01
  1.2366943e-01
 -2.7604429e-02
 -5.0764952e-02
  5.7530510e-01
  1.0107149e+00
  9.5676565e-01
  4.4075766e-01
 -3.6357170e-01
 -3.3974665e-01
  2.0045433e+00
  1.1384252e-01
  5.4633337e-01
  8.2712270e-02
 -1.4984119e+00
  6.4071155e-01
  6.7513800e-01
  2.1960157e-01
  6.0663980e-01
 -1.1098021e-01
 -2.3173615e-01
  1.6834524e+00
  1.6581440e-01
 -7.4686658e-01
  4.1563493e-01
  2.7803497e+00
 -2.9796299e-01
  4.3815839e-01
  5.8868110e-01
  2.2746779e-02
 -6.4904012e-02
 -4.6266243e-01
 -1.5221970e+00
  4.4785184e-01
 -1.2386662e-01
  3.4813797e+00
 -2.6608041e-01
 -4.1414130e-01
  1.6491438e-01
 -6.4783651e-01
 -6.7062467e-02
  1.1162856e-01
 -7.0226914e-01
  3.5194821e+00
  4.8394674e-01
 -9.0698469e-01
 -7.3686945e-01
  5.1944602e-01
  2.1861508e-02
 -9.6467358e-01
  1.6404706e-01
 -3.2571918e-01
 -1.8789586e-01
  1.1910244e+00
  9.3214798e-01
 -1.7641032e-01
  9.4389284e-01
  1.5468442e-01
 -7.0526415e-01
  1.1544433e+00
 -2.8454950e-01
 -5.9279543e-01
  8.7201826e-02
  5.0846422e-01
 -8.0567086e-01
 -1.1454166e+00
 -1.8526173e+00
 -2.0869286e+00
  1.0959045e+00
 -1.0729913e+00
 -8.8503301e-01
  4.7478724e-01
  3.5673839e-01
  3.0857605e-01
 -1.0052035e+00
 -1.7547334e+00
 -1.2022482e+00
  2.1534779e+00
  3.6356741e-01
 -1.2751658e+00
 -5.9507859e-01
 -2.1066049e-01
 -2.0335174e+00
  1.6033183e+00
 -4.2441168e-01
  9.7885358e-01
 -7.8730196e-01
 -8.3714932e-01
  6.4566177e-01
 -5.3868848e-01
  1.0280024e-01
 -1.9924048e-01
 -4.8433252e-02
 -1.0542926e-02
 -5.5070400e-01
  3.8400340e-01
 -2.3320523e-01
 -2.2908552e+00
 -3.8511983e-01
  8.1467515e-01
 -2.2395679e-01
 -6.7958349e-01
 -8.2709390e-01
  7.8236568e-01
 -1.1461225e+00
 -1.5592504e+00
  6.4865237e-01
  1.4640272e-01
  2.1996350e+00
 -2.9783294e-01
  2.7292585e-01
 -5.8221482e-02
 -3.2082587e-02
 -4.6933541e-01
  1.4851259e-01
  7.7080935e-01
  2.8806579e-01
 -7.5434618e-02
  1.9923235e-01
 -4.8333833e-01
  5.1306069e-01
 -3.1817332e-01
  1.3968897e-01
 -3.7278229e-01
 -2.8129154e-01
 -5.5651790e-01
 -8.5224527e-01
 -6.4814812e-01
  4.8640710e-01
  9.3047535e-01
 -4.9121901e-01
 -3.2842660e-01
 -4.6858191e-01
 -7.8089803e-01
  4.4802326e-01
  1.8101813e+00
 -6.5806115e-01
 -1.2040960e+00
 -1.0369842e+00
  6.2366432e-01
 -1.8521318e+00
 -1.4084719e+00
  2.5598022e-01
  1.3529918e-01
 -2.4519953e-01
 -3.3013325e+00
 -1.2640887e+00
 -4.0082061e-01
  1.0708480e+00
 -2.6533672e-01
  1.9991297e-01
 -7.7676952e-01
 -2.1646285e-01
 -7.6282062e-02
 -7.5301713e-01
  2.2964821e+00
  9.3181479e-01
  1.4189759e-01
  8.5683733e-02
  6.0030055e-01
  2.6504424e-01
  1.0237433e+00
 -1.5915685e+00
  9.4559604e-01
 -2.2180364e+00
 -8.2648313e-01
  3.8564467e-01
 -2.1287325e-01
  7.5090653e-01
  2.9724368e-01
  8.8789153e-01
 -9.2496556e-01
  1.9826895e-01
  9.2510736e-01
 -4.6967071e-01
  1.2040907e+00
  5.2842265e-01
 -1.3131090e-01
  1.6881119e-01
 -1.3799299e+00
  7.5004303e-01
  1.6360986e-01
 -7.9894096e-01
  2.4601364e-01
 -2.5002366e-01
  1.7918825e+00
  1.5221127e+00
  1.7522451e-01
 -2.3962014e+00
  8.4438540e-02
  5.3815746e-01
  6.9381946e-01
  2.4933650e-01
  1.6787060e+00
  3.8253000e-01
  2.1412256e-01
  1.9435288e-02
  3.2951972e-01
  6.9380492e-02
  1.5460046e-02
  5.8687878e-01
  4.9470998e-02
 -4.0482435e-01
 -5.0865090e-01
 -4.9940109e-01
 -1.9866416e+00
  9.8790807e-01
 -2.0293694e+00
 -2.3292798e-01
 -1.6523518e-01
  1.4073469e-01
 -4.4577386e-02
 -1.0140499e+00
  6.2458265e-01
  5.2610546e-01
  1.1785696e+00
  1.5411944e+00
  1.6362234e+00
 -5.2056479e-01
 -4.3673620e-01
 -1.4100976e+00
 -5.5385277e-02
 -1.3389295e-01
 -1.3205339e+00
 -5.7762706e-01
 -2.1646610e-01
  1.7725188e-01
 -3.6456707e-01
 -2.8576392e-01
  6.3274878e-01
 -1.4217693e-01
  4.5890069e-01
 -2.0492937e-01
 -1.1150748e+00
 -4.8420933e-01
 -4.2294888e+00
  1.7702198e+00
 -5.0426531e-01
  8.8302426e-02
  7.0187986e-01
 -5.3009272e-01
 -1.7709634e-01
 -6.2233984e-01
  1.1319846e-01
  9.9466309e-02
 -1.3041677e+00
 -5.1289052e-03
 -1.4761477e+00
  7.4402755e-01
  1.4289777e+00
 -3.5256591e-01
 -3.2056153e-02
 -6.4328444e-01
  9.5962632e-01
  2.1673267e-01
  1.9739847e-01
 -7.6301318e-01
  5.1078415e-01
  2.2121899e-01
 -8.3940560e-01
  4.3728369e-01
  4.6807647e-01
  3.2816365e-01
  6.2025505e-01
 -3.1693044e-01
  4.4570873e-03
 -3.3475599e-01
  7.1268983e-02
  1.5495253e-01
 -9.0508300e-01
  4.8073351e-01
  3.9033154e-01
 -1.3534260e+00
  2.7042541e-01
  4.9844605e-01
  1.3827982e+00
  9.1032839e-01
 -1.0697687e+00
  7.2870636e-01
  1.2472197e-02
 -1.4097635e+00
  1.8199044e-01
 -5.1940238e-01
  6.1152345e-01
 -3.5549143e-01
 -8.0567613e-02
 -1.4644426e-01
  1.9504990e-01
 -2.4672921e+00
 -7.8265381e-01
  2.5812578e-01
  1.7248240e-01
 -6.8880475e-01
 -5.1612484e-01
 -3.0350435e+00
  4.3523103e-02
 -8.3077425e-01
  3.2513097e-01
  4.4768896e-02
  4.2235723e-01
  4.2378026e-01
  1.9617628e+00
  1.2500021e-01
 -1.4401100e+00
 -2.4575050e-01
 -1.3946787e+00
  4.3388817e-02
 -3.6618999e-01
  9.8951600e-02
  2.8990236e-01
  1.9726650e+00
 -9.5870680e-01
 -4.2818880e-01
 -5.8717924e-01
  3.7255073e-01
 -1.2870690e-01
 -5.2097124e-01
 -1.3793403e-01
  9.1991585e-01
  1.0866550e+00
  3.0650052e-01
  1.3569087e-02
 -2.0694031e-01
 -5.9046274e-01
  1.1198958e+00
 -5.0540823e-01
  4.3056661e-01
  2.2068894e-01
  5.3171545e-01
 -6.5200649e-02
 -1.8023002e-01
  6.7356139e-01
 -3.5988536e-02
  1.3956541e-01
 -1.8279288e+00
 -9.5194244e-01
  5.8929068e-01
  2.9274330e-01
 -9.6629554e-01
 -2.2831519e-01
 -3.9287144e-01
 -1.5559012e-01
  1.8721409e-01
  6.9983608e-01
 -7.5656176e-01
  1.9720203e-01
  1.2574631e+00
 -1.3988838e+00
 -2.2765355e-01
 -6.0603333e-01
  9.7999835e-01
  8.8201457e-01
 -1.0705110e+00
  2.9142341e-01
 -5.8005440e-01
  2.5040290e-01
 -8.2561977e-02
 -1.2019907e+00
 -3.6958832e-01
  4.2619042e-02
  2.6289323e-01
  1.5377872e-01
  1.5750107e+00
 -5.8566910e-01
 -2.5193340e-01
 -7.4930454e-04
  2.7317954e-02
 -4.3283096e-01
  5.5276761e-03
  8.4228843e-01
 -7.1079254e-01
  1.0816381e+00
 -1.4809312e+00
  7.1127397e-01
 -5.7834542e-01
 -9.4708622e-01
  8.8752073e-01
  6.2125951e-01
 -3.4872451e-01
  1.5774261e+00
  6.7598361e-01
  2.8711385e-01
 -3.1865591e-01
 -3.3252662e-01
  1.4218653e+00
 -1.8501385e+00
  3.7236843e-02
 -2.4541557e-01
  5.6199044e-01
 -2.5134090e-01
 -6.2702864e-01
 -2.1058335e+00
 -2.0139341e+00
  1.1234339e-01
 -5.1844007e-01
 -1.5839924e+00
 -3.2624375e-02
 -4.4691369e-02
 -4.0133402e-02
 -2.5531369e-01
 -7.1456790e-01
 -1.7284015e-01
 -5.3695869e-01
  1.4534529e-01
 -5.1479197e-01
  4.0788230e-01
  1.0498892e-01
 -4.0419064e-02
  1.1620692e-01
 -1.0756191e+00
  2.4558569e-01
 -8.7700856e-01
 -1.0318667e-01
 -2.1645346e-01
  6.6872382e-01
 -1.2846753e-01
  3.7922278e-01
  2.0843100e-02
  2.6686817e-01
  1.9532562e+00
  2.6776824e-02
  3.9682764e-01
 -4.1972667e-01
 -8.9566469e-02
  4.3393433e-01
  1.0703104e+00
  1.0180600e+00
  1.0994192e+00
 -1.4891502e-02
  1.7229892e-01
 -2.8437063e-01
 -4.5654693e-01
  2.6379941e+00
  3.5244647e-01
 -1.8219449e-01
  1.2078251e+00
 -6.2113985e-02
  5.5812013e-01
  2.0544040e+00
  6.2305444e-01
 -4.5872569e-01
 -2.3380353e-01
  1.1274735e+00
  7.9902560e-01
  3.7096515e+00
  1.8345866e-02
 -1.4205074e-01
 -5.2706444e-01
 -2.2862599e+00
 -1.4907892e-01
 -1.1320487e+00
 -6.4567858e-01
 -5.1476353e-01
  5.2632546e-01
 -3.6185417e-02
  3.3004001e-01
  7.1320690e-02
  4.5220204e-02
 -1.4667302e-02
 -4.7623664e-01
 -3.3998352e-01
 -9.6761525e-02
  4.2890066e-01
 -1.5804067e-01
  5.9385991e-01
 -7.1756834e-01
  2.1122544e-01
  1.7054386e-01
  2.0381557e-03
 -4.0197782e-02
 -1.4397794e-01
 -7.3357403e-01
 -1.2081887e+00
 -1.8210007e-01
 -1.8948527e-01
  4.5454718e-02
 -2.5982432e+00
 -2.0329802e-01
 -5.6724411e-01
  2.0366771e+00
 -1.2319546e+00
 -8.7058848e-01
  2.6790386e-01
 -2.5499564e-01
  2.8984252e-01
  1.1512852e+00
 -8.6018175e-01
 -6.1006135e-01
 -8.0424845e-01
 -1.2710473e-01
 -3.5878184e+00
  4.4662505e-01
  4.5532486e-01
  3.8493622e-02
 -2.6913643e-01
 -6.6747881e-02
  3.0490831e-01
 -9.3525821e-01
 -3.2883644e-01
 -7.2214442e-01
  8.7246227e-01
  1.3111073e+00
 -2.0250872e-01
  1.5934397e-01
 -4.8847955e-01
 -7.2798669e-01
  3.8419515e-01
  2.8862175e-02
  1.6732834e-01
 -4.3016627e-01
 -2.1685401e-01
  2.0276742e-02
 -1.5760577e+00
 -1.7935010e+00
  1.5776160e-01
  1.8340898e-01
 -7.7784727e-03
 -1.5403481e+00
 -1.4239856e+00
 -8.6078250e-01
 -8.9570832e-01
 -6.2868071e-01
 -5.5751908e-01
 -3.8879842e-01
  1.1041022e-01
  1.2501930e-01
  2.5044730e+00
 -3.4892410e-01
  1.0813357e-02
 -3.9531055e-01
  6.6421166e-02
 -1.0542183e+00
  9.7039461e-01
  2.6897898e+00
  4.1227224e-01
  1.2494048e+00
  1.7786806e+00
  2.2460067e+00
 -1.3190573e-01
  4.3565658e-01
  1.7493729e-02
  5.4469222e-01
 -4.3156391e-01
 -5.9460897e-02
  1.1272569e-01
  7.7679791e-02
 -5.1686370e-01
 -7.5553596e-01
  4.7358051e-01
 -4.7908968e-01
  6.3887066e-01
 -1.4778870e+00
 -4.6685886e-01
  4.3579540e-01
 -5.4098272e-01
  8.6077183e-01
 -7.2470480e-01
 -5.1438230e-01
  3.9314535e-01
  8.6855429e-01
 -5.0929677e-01
  2.7954159e+00
  7.4865383e-01
 -5.9069318e-01
  2.6784053e-01
  4.4014841e-01
  7.4393660e-01
  8.7202984e-01
  4.8656486e-02
 -1.7533624e-01
 -1.1979039e+00
 -5.8704531e-01
  6.1817057e-02
 -8.0470967e-01
 -4.3864395e-02
  3.1672990e+00
 -3.3030715e-03
  1.2891145e+00
 -7.4807900e-01
 -1.6633749e-01
  6.6623145e-01
 -1.0316874e+00
  5.6180477e-01
 -7.7540958e-01
  2.8733563e-01
  5.7711065e-01
  1.8511225e+00
 -1.5831433e-01
  1.7539802e-01
 -7.2446829e-01
  9.6914209e-02
  3.7537211e-01
  9.6984559e-01
 -3.8741657e-01
  2.6434460e-01
  8.2677588e-02
 -2.2863349e-01
 -1.8590707e-01
  9.5941412e-01
  4.0831295e-01
  2.0123994e-01
 -8.4442729e-01
  2.0259815e-01
 -2.6859233e-01
  3.4297460e-01
  1.0716923e+00
  1.6501228e+00
  1.3608496e+00
 -1.0825464e+00
  2.7046773e-01
 -4.3811843e-01
 -1.5061545e+00
  9.9626338e-01
  6.5455967e-01
  1.9156717e-02
  1.5041560e-01
 -4.5216379e-01
 -7.5986993e-01
  8.9608103e-01
  1.6789203e+00
 -4.4339105e-01
 -7.0239836e-01
 -2.7801707e+00
 -1.2134033e-01
  5.6549966e-01
  3.6252353e-01
 -9.0339318e-02
 -1.0255008e+00
 -1.0751466e+00
  5.0615031e-01
  9.9845678e-02
 -2.2684362e-02
 -1.4522753e+00
  2.6949671e-01
 -1.1230989e+00
  1.5609181e+00
 -2.8320950e-01
 -1.1242950e+00
  1.8556107e+00
  1.0594797e-01
  5.0077003e-01
  2.2028914e-01
 -2.2993049e-02
 -1.2017328e+00
  4.6134114e-02
  2.2226526e-01
 -1.3990164e-01
  3.4706330e-01
  1.5977151e+00
 -1.2804522e-01
 -1.0003870e+00
 -3.9128014e-01
  1.0484132e+00
 -2.6803479e-01
 -2.7212393e-01
 -2.7862412e-01
  4.2932005e+00
  1.1462957e+00
  1.7298864e-01
 -4.9344170e-01
  1.0324434e+00
  4.7047222e-01
  8.1916398e-01
  1.7438635e-01
  9.0403694e-01
  9.7387362e-01
  2.0046395e-01
 -1.2935884e-01
 -1.6834341e+00
 -8.1016600e-01
  7.8116667e-01
 -6.9878644e-01
  1.3170891e+00
  3.8374617e+00
 -1.8210997e-01
 -2.4031627e-01
 -6.1072797e-02
 -9.3869305e-01
  1.0385234e+00
  1.1237714e-02
 -1.3704151e+00
 -8.8784641e-01
 -2.3785355e+00
 -4.9906969e-01
 -1.0510896e+00
  2.4588625e-01
  4.6796241e-01
 -5.3692681e-01
 -8.0870622e-01
  6.2361989e-02
  1.9297732e-01
  1.4670030e+00
 -7.3140603e-01
 -2.6916313e-01
  4.0989763e-01
 -2.0217609e+00
  1.3318609e+00
  2.4618852e-01
  1.8035361e-01
  3.3812931e-01
  9.2127478e-01
 -5.5603951e-01
  2.1309341e-01
 -8.4203684e-01
 -1.9893394e-01
  2.5074098e-01
 -3.3876726e-01
 -1.0228444e+00
 -7.7192771e-01
 -1.3971795e-01
  2.3471436e-01
 -2.3938741e-01
 -5.0099742e-01
 -3.0762962e-01
  3.7127763e-01
  1.9854654e-01
  2.6563969e-01
 -2.8892124e-01
 -3.7631661e-01
  3.3120239e-01
 -6.7244959e-01
  4.6673331e-01
  2.9252298e-02
 -2.9751015e-01
 -1.5506787e+00
  1.0714409e-01
 -1.5614605e-01
  2.3131655e-01
  1.2825073e+00
 -1.7329025e-01
 -1.0905039e-01
 -9.4996279e-01
  2.4764703e-01
 -5.8706683e-01
 -3.8072899e-01
  7.9991949e-01
 -2.3443814e-02
  1.0390521e+00
  5.4176259e-01
 -1.2754017e-01
  1.1799307e-01
  4.7734284e-01
  3.9956376e-01
 -1.8629155e+00
  8.2833368e-01
  2.7605560e-01
  1.7732277e+00
 -1.6785455e+00
 -2.6561057e-02
  4.6848506e-01
  8.3915794e-01
 -4.3876421e-01
 -1.2190331e+00
 -4.1094398e-01
  3.0975699e-01
 -3.8478060e+00
  5.0008070e-01
 -4.4981071e-01
 -1.6564947e-01
  1.0024635e+00
  1.7153305e-01
  4.3472409e-01
 -7.3323989e-01
 -1.6419126e-01
  2.4555728e-02
  2.4186897e-01
 -1.0268128e+00
  1.7150412e-01
  5.7145536e-01
 -5.8281764e-02
  5.3362620e-01
  1.6662221e-01
 -3.1266853e-02
 -8.9881402e-01
 -4.3380931e-01
 -8.4643021e-02
  1.5212183e-01
  2.4078932e-02
 -4.2122370e-01
 -4.7140694e-01
 -7.7483487e-01
  6.1966097e-01
 -8.8519716e-01
  6.9091576e-01
  5.9302723e-01
 -9.6953112e-01
 -3.3863378e-01
 -2.4062462e+00
 -1.5816337e+00
  1.3793637e+00
  1.2733202e+00
  1.6272096e-01
 -1.5382332e+00
  1.2088854e-01
  9.7519684e-01
  6.6362196e-01
  3.4725124e-01
  1.7203887e-01
  2.3935977e-01
 -3.9354002e-01
  9.1348410e-01
  7.4600589e-01
 -3.1223485e-01
  1.7970142e+00
 -1.0005972e+00
 -1.0340437e-01
  1.6086963e+00
  4.6488914e+00
  4.0243917e+00
 -6.2290899e-02
  7.5901258e-01
 -5.6950760e-01
  1.2651465e+00
  5.5170381e-01
  1.0977215e+00
  6.0332056e-02
  3.3631745e-01
  1.0883671e+00
  5.5510384e-01
  1.1034898e-01
 -6.8691820e-01
 -2.8051475e-01
 -5.3647643e-01
 -4.4384420e-01
  1.5744789e-01
  2.8712857e+00
  1.1313792e-01
 -1.9246230e+00
 -4.6874401e-01
  2.4093096e+00
  3.7535322e-01
  8.4683651e-01
  4.5214203e-01
  2.1167809e-01
 -1.3352946e+00
  1.1473008e+00
 -2.3500270e-01
  5.5753243e-01
 -1.5354733e+00
  3.2975063e-01
  1.9287592e+00
  6.2357783e-01
  1.2429523e-01
 -1.2335896e-01
  3.5742559e-02
 -8.5767853e-01
 -4.0750286e-01
  4.5640397e-01
 -4.4458386e-01
 -1.4533162e-02
  3.7027749e-01
  8.1749839e-01
 -9.6302301e-02
  1.2817815e-01
 -1.3296509e+00
  9.2037231e-02
 -1.0193914e-01
  2.2282147e-01
  4.3686888e-01
 -7.1741802e-01
  8.3759558e-01
 -4.1940957e-01
  1.2283134e+00
 -3.5510814e-01
  8.2214612e-01
 -1.3631539e-01
 -1.0481025e+00
 -7.4039495e-01
  2.7410924e-01
 -1.8144146e+00
 -6.6780758e-01
  8.8619596e-01
  1.3257851e-01
 -2.5209445e-01
 -2.4257633e-01
 -4.2705979e+00
  1.5439142e-01
  6.9774997e-01
 -1.5755081e-01
  1.5230567e+00
 -8.7176102e-01
  3.5339621e-01
 -4.8203403e-01
 -9.7736615e-01
  3.4770429e-01
 -1.8254447e-01
  5.7053939e-04
  2.6647568e-01
 -1.3913518e-01
 -2.9127952e-01
 -6.1459816e-01
  6.8332070e-01
 -2.8532735e-01
  7.4208254e-01
  1.2034541e-01
  5.4081649e-01
 -7.4963862e-01
  1.1038313e+00
 -1.5653151e+00
  1.3654922e+00
  3.0551085e-01
 -4.8096836e-01
  6.4314067e-01
  1.1498366e-01
  3.6617193e-01
  7.0088649e-01
  1.6417651e-01
  2.8041336e-01
 -9.5751844e-02
 -1.1131313e-01
  5.8375829e-01
  1.3940620e-01
  9.8497128e-01
 -1.6590811e-01
  2.2754112e-01
 -2.9525039e-01
  4.8123586e-01
 -2.0139769e-01
 -4.3621665e-01
 -2.0486018e-01
  1.6641831e-01
  3.2619640e-01
  1.4894286e-01
  3.8309519e+00
 -8.0127656e-02
  1.4233990e-02
 -2.0237901e+00
  5.5205356e-02
  3.9289486e-01
 -2.5180620e-01
  2.1514267e-01
 -4.9016541e-01
 -1.7598420e-01
  5.2289903e-01
  5.6424778e-02
 -4.6119598e-01
  5.4414250e-02
  1.3929858e+00
  7.9907370e-01
  4.2187530e-01
 -5.9600204e-01
  2.1738110e+00
  1.6316240e-01
 -1.6433330e-01
 -8.3055162e-01
 -6.1047608e-01
  3.2218271e-01
 -3.4634462e-01
  7.5732321e-01
 -6.9993657e-01
 -2.5559887e-01
  8.5670575e-02
 -2.3340609e+00
  1.0104322e-01
  5.3254825e-01
 -2.9437402e-01
  6.4347345e-01
  1.9927617e+00
 -2.1585380e-01
 -1.3477576e-01
 -3.3774844e-01
 -1.1648462e+00
 -2.5057259e+00
 -2.6902920e-01
 -2.2434688e+00
  1.7249115e+00
 -1.1476803e+00
  5.1855993e-01
  2.9284222e+00
 -5.4687135e-02
  6.7456859e-01
  6.5044922e-01
 -9.0242662e-03
 -5.5569075e-02
 -8.5614160e-02
 -1.3529298e+00
 -1.1102717e-01
  2.6341209e-01
  7.4374521e-01
 -7.1492484e-03
  1.0125431e+00
 -1.2191799e-01
 -6.0757101e-01
 -2.9267168e-01
  3.3836989e+00
 -7.4464130e-01
 -2.0623523e-01
  2.0173237e+00
  4.1262242e-01
  1.3018808e-01
 -3.2576653e-01
  7.3726737e-01
  6.1968541e-01
 -3.2827657e-01
 -1.8846948e-01
 -6.9870239e-01
 -2.0390689e+00
 -9.2170697e-01
  9.2496759e-01
 -2.9758766e-01
 -1.8772162e-02
  7.4838704e-01
  1.1066806e-01
  8.4927744e-01
  5.2082384e-01
 -1.9922185e+00
 -7.4912745e-01
  3.2703102e-01
 -1.1829537e-01
 -3.7456840e-01
  3.1574485e-01
  6.0812443e-01
 -1.7865454e-01
 -7.2609192e-01
  5.1466811e-01
 -4.5031846e-01
 -1.9931592e+00
  6.6013968e-01
  7.9316169e-01
  3.4499615e-01
 -3.5614714e-01
  1.3414382e+00
  3.8250506e-01
 -3.3134207e-01
  1.0900123e+00
  1.1663818e+00
  1.0236545e+00
  1.1834531e+00
 -3.9762130e-01
 -1.3549834e+00
 -1.7944230e+00
 -5.8077008e-01
 -2.7224889e+00
  2.9625973e-01
 -6.4683431e-01
  1.6852248e+00
 -2.8102744e-01
 -1.4297738e+00
 -6.8218869e-01
  1.1314425e+00
  1.0199711e+00
 -4.8013029e+00
 -5.0806320e-01
  8.0459076e-04
  3.0892644e+00
  8.0547088e-01
 -3.4142312e-01
  3.6038801e-01
 -4.6725607e+00
  3.1786245e-01
  5.8754635e-01
  2.8179698e+00
  1.6343046e+00
  1.2747233e+00
 -2.6299551e-01
 -2.8504071e-01
 -1.0349493e+00
 -2.0274565e+00
  1.1999489e+00
  1.8601559e+00
  3.2693189e-01
  5.9006995e-01
 -1.6663423e+00
 -1.1234304e+00
  8.2394373e-01
 -1.0117748e-01
 -1.3208219e+00
  2.1439161e+00
  5.8790123e-01
  7.7001505e-02
 -1.5201570e+00
 -8.1466250e-02
  1.5823565e-02
  7.6459038e-01
 -1.0881075e+00
  1.2359329e-01
  1.3475903e+00
 -1.3820957e+00
  2.2834475e-01
 -1.6603169e-01
  7.4304008e-01
 -2.6817432e-01
  3.8811722e-01
  4.7370043e-01
 -3.4477356e-01
  1.4808817e-01
  3.7165666e-01
  5.2311504e-01
  1.4764875e-01
  6.4924359e-02
  5.5182755e-01
  1.5670677e-01
  3.9263150e-01
 -2.5696855e-02
 -6.2160236e-01
 -1.5608458e-01
 -5.0654560e-01
 -2.7107668e+00
 -1.0701025e+00
 -1.3623285e+00
  1.7067810e+00
  1.2408605e+00
  5.0562292e-01
 -2.1741028e-01
  6.9552159e-01
  1.6448879e+00
 -1.1453487e+00
  3.5935041e-01
 -4.5253333e-01
  2.0148637e+00
  4.4151628e-01
  1.3491543e-01
  4.0663353e-01
 -1.1360429e-01
  4.9819198e-01
  3.7612420e-01
  9.6012600e-02
 -1.5455581e-01
 -1.2435301e-01
  3.6827478e-01
  7.1408623e-01
  2.9546273e-01
 -1.0088589e+00
 -1.8888510e+00
 -9.4845784e-01
  5.3707268e-02
 -8.7778687e-01
 -1.1354793e+00
 -1.6712746e-01
 -1.5036657e+00
  2.9419463e+00
  8.0789983e-01
  7.7533102e-01
 -1.2315178e+00
 -1.4359353e+00
  1.8850571e+00
 -2.7159464e-01
  9.9228621e-01
  9.0032417e-01
 -2.9222235e-01
  5.8589566e-01
 -4.1194940e-01
 -1.6767254e+00
  1.2709736e+00
  5.5665676e-02
  1.1488913e+00
 -4.1711476e-01
  1.2824839e-01
  1.9779620e-01
  6.5716475e-01
 -2.3866929e-01
  9.1071695e-01
  3.3504361e-01
 -1.1079157e-01
 -7.6586658e-01
  4.4599295e-02
  9.4169903e-01
 -2.9202750e-01
 -1.4758794e+00
 -8.8852334e-01
 -3.0076480e+00
 -3.0607858e-01
  1.2558069e+00
 -2.4245963e+00
  1.1364834e+00
 -5.7085729e-01
  4.7811556e-01
 -1.5526247e+00
 -1.7552720e-01
 -2.1182565e-01
  1.7578485e+00
  1.0042989e+00
  1.1080247e+00
  7.4195147e-01
 -2.6079822e-02
  5.6622612e-01
 -5.6662774e-01
 -3.9874104e-01
 -1.7307541e-01
  6.4162934e-01
  4.5369473e+00
  5.0198114e-01
 -9.0425187e-01
  9.3910521e-01
 -5.6002140e-01
  4.3530457e-02
  3.5784072e-01
 -1.7481697e+00
  1.8526422e+00
 -1.5634199e+00
  2.9963903e+00
  1.0201626e+00
  1.3385688e+00
  3.1729734e+00
 -2.4538783e-03
  5.1880634e-01
  9.3208539e-01
 -2.2527361e-01
  1.8557909e-01
  3.8247579e-01
  2.4445915e-01
  1.1731705e-01
 -1.7051208e-01
 -1.6050868e-01
  3.0261207e-01
  1.1617947e+00
 -2.0075428e+00
  1.9104956e-01
 -5.3396010e-01
  5.6763582e-02
 -3.3420014e-01
 -7.6338770e-03
  5.3852435e-02
 -2.6714486e-01
 -7.6514497e-02
  7.9479948e-02
 -6.8150049e-01
  5.6482834e-01
  3.1408495e-01
  3.3993423e-01
  7.5175054e-02
 -9.9568013e-03
 -4.5600750e-02
 -7.2649964e-03
 -4.2818779e-01
  3.3213019e-02
 -2.8385231e-01
  2.4439441e-01
 -8.4791726e-01
  3.1332418e-01
  7.3670179e-02
  9.9070555e-01
 -1.9762905e-01
  2.3538989e-01
 -8.4935464e-02
 -7.6946341e-02
  4.5994870e-02
 -2.3725504e-02
 -3.7383869e-02
  1.2467591e-01
  5.3912026e-01
 -1.6107017e-01
 -1.6129204e+00
  3.5350978e-01
  2.1947531e+01
 -8.0126686e+00
 -1.1288794e+00
 -2.0256159e+00
  4.6414142e+00
 -4.1215086e+00
 -6.8896407e-01
  3.5881073e+00
 -1.6928601e+00
 -1.1371081e+00
 -5.0228393e-01
  2.6357048e+00
  6.5687370e-01
 -1.8940075e-01
 -8.8463259e-01
  2.4184968e+00
  8.6148298e-01
 -2.5106604e+00
 -7.4257106e-01
 -4.6236544e+00
 -5.7457371e+00
 -5.8515701e+00
 -1.6143915e-01
 -1.5895144e+00
 -2.5699466e-01
 -2.8073852e+00
  6.9614267e-01
 -5.5063229e+00
 -2.3795915e+00
 -2.6537857e+00
  2.4425752e+00
 -3.6570411e+00
 -5.8378965e-01
 -8.7047124e-01
 -4.3312039e+00
  2.0537613e-01
 -2.6079760e+00
 -4.4029000e-01
 -2.0663099e+00
 -6.8292385e-01
 -2.1026766e+00
  2.6838710e+00
  2.5175357e-01
 -9.2506832e-01
 -4.6136813e+00
  4.0864129e+00
 -6.4684242e-01
 -8.5252732e-01
  2.5675573e+00
 -5.3888268e+00
  4.0603032e+00
 -6.6613257e-01
  5.5857413e-03
  3.8822177e-01
 -5.4325163e-01
 -3.1313512e+00
 -3.6363728e+00
 -3.9726834e+00
  1.5008726e+00
 -6.2163453e+00
  1.1215683e+00
 -3.6575356e+00
  5.5034626e-01
 -5.6093674e+00
  3.3787632e+00
 -1.6198157e+00
  5.7448654e+00
  5.1530404e+00
  1.7266750e+00
  2.0050533e+00
 -2.9205239e+00
  1.5985951e+00
 -5.7278423e+00
  2.1410165e+00
  6.6892412e-03
 -2.0114596e+00
  8.8254938e+00
 -1.0817945e+00
 -4.2701793e+00
 -2.7804248e+00
 -3.6632774e+00
 -5.5638728e+00
  7.0443978e+00
 -5.0653684e-01
  1.4553225e-02
  1.0988051e+00
 -3.3592334e+00
 -4.6861395e-02
  1.6827937e+00
 -5.7179886e-01
  4.8414555e+00
 -1.4473307e-01
  1.1265105e+01
  2.4193659e+00
  2.6996097e-01
  8.8640738e-01
  6.1589336e-01
  1.0727446e+00
  3.0225008e+00
 -1.4060121e+00
 -1.9050823e-01
 -6.9329309e-01
 -4.6500620e-01
  1.5003486e-01
 -4.9475348e-01
  2.0404487e+00
  3.7960215e+00
  7.2833884e-01
  8.6268437e-01
 -8.2789421e-01
  1.0526490e+00
  9.7832245e-01
 -2.5823178e+00
  2.2372599e-01
  5.2369416e-01
  7.3314629e-02
  2.9961123e+00
 -5.2144442e+00
  4.0615723e-01
 -9.7000021e-03
  1.9360840e-02
 -2.0661367e-01
 -4.7496424e+00
  1.2866923e-01
  1.3390354e+00
  2.7358183e-01
 -1.4206617e-01
  1.0020622e+00
  2.8279383e+00
  1.7252744e+00
 -8.6857015e-01
 -3.6494544e-01
  3.4814651e+00
  3.2721004e+00
  5.6273737e+00
  3.9155395e+00
  2.7887234e-01
 -1.0026293e-01
 -3.9650646e-01
 -1.6499095e+00
 -1.2972772e+00
 -8.3938551e-01
 -2.3642304e+00
 -3.0529314e-01
 -3.0566559e+00
 -2.6015741e-01
  2.5998063e+00
  1.2288960e+00
  1.1429902e-02
 -1.7667097e-01
  7.2167325e-01
  9.8589592e-02
 -2.7718651e-01
 -3.8005424e+00
  3.6310592e+00
 -5.2434105e-01
  2.3715396e-01
 -7.3789245e-01
  1.6497017e+00
  8.9825875e-01
 -1.1313410e+00
 -2.1801248e+00
  6.0547787e-01
  4.5607248e-01
 -2.9293650e-01
  1.7022291e+00
 -1.0079764e+01
 -2.4636295e+00
 -5.9355221e+00
 -5.4972567e-02
  2.1263918e-02
  6.3544459e+00
 -2.3742480e+00
  2.0624204e+00
 -4.2625445e-01
 -2.2927490e-01
  3.3140552e+00
 -2.6041715e+00
 -9.5751762e-01
 -2.2579765e+00
 -2.3954971e+00
  8.6212230e-01
  4.1073556e+00
 -1.6662654e+00
 -1.0030867e+00
 -8.6101526e-01
 -7.9563957e-01
 -3.3716023e-01
 -4.1433442e-01
  4.9684319e+00
 -2.1054153e+00
 -4.1851854e+00
 -1.8611459e+00
  3.0887392e+00
  9.0082216e-01
 -2.2262888e+00
 -2.0862188e+00
  2.0071797e+00
  2.6203513e-01
 -2.0784256e-01
  1.9201599e+00
  1.2072424e+00
 -3.8394615e-01
  2.9147394e+00
  6.3213602e-02
  2.8341250e+00
  4.8068438e+00
 -8.2513561e+00
 -4.0034807e-01
  1.2927147e+00
  6.6619292e-02
 -5.0576553e+00
 -3.0425155e-01
 -6.3412362e-01
 -3.3074470e+00
 -1.6521828e+00
  2.6920950e+00
  7.9971498e-01
  1.5800241e+00
  1.9860774e+00
  3.7173006e-01
 -2.1822251e-02
 -3.3783498e+00
  2.4916627e+00
  4.1079435e-02
  2.9136285e-01
  1.1804737e+00
  8.6334668e-02
  1.8813827e+00
  2.9210496e-01
 -4.0706449e+00
 -3.7226501e+00
  1.1875947e+00
  2.9183292e+00
 -4.9662924e+00
 -3.6223168e+00
  1.3339638e+00
 -6.7236775e-01
 -1.4371136e+00
 -1.2801642e+00
  9.2456587e-02
  3.0558676e-02
 -2.5613573e+00
 -4.3132481e-01
 -1.3089898e+00
 -4.9543672e+00
  2.8601332e+00
 -1.9250170e+00
 -2.4279273e+00
  4.6903822e-01
 -6.8197936e-01
 -1.4425505e+00
 -9.1103506e+00
 -1.7159480e-01
 -5.5166757e-01
  3.5931180e+00
 -2.3030874e-01
 -8.6795595e-03
 -2.5885813e+00
 -2.3248527e+00
  3.0852497e+00
 -4.6836036e-01
 -2.8563833e+00
  8.3395094e-01
  4.3044610e+00
  1.0128731e+00
  2.8857362e+00
 -1.8928230e+00
 -1.4277121e+00
  5.7133329e-01
  3.6692886e+00
 -2.3500744e-01
 -4.3295565e+00
 -9.0525019e-01
  6.7363846e-01
 -2.7242253e+00
  1.3275825e+00
 -3.9161384e+00
 -4.7887335e+00
 -1.9906294e+00
  5.7419842e-01
  2.7027647e+00
 -2.4223309e+00
 -7.9568607e-01
 -4.0713062e+00
 -3.4978390e+00
 -5.4205805e-01
  3.1474259e+00
 -4.6348100e+00
  5.5063353e+00
 -4.4615393e+00
 -2.5854986e+00
  6.2154760e+00
  4.2037959e+00
 -1.6755828e+00
 -7.3591983e-01
  2.5788662e-01
 -1.6951497e+00
 -3.6302921e-01
 -1.2778516e+00
 -3.1616840e+00
 -7.9512876e-01
  7.1347632e+00
 -4.8626075e+00
  2.4661722e+00
 -6.6120791e-01
  6.8098078e+00
  2.9504037e+00
 -7.3170924e+00
 -5.3642244e+00
 -6.8188338e+00
 -2.6654954e+00
 -1.3193285e+00
  3.1034400e+00
 -3.5082219e+00
 -6.2479079e-01
  2.0591264e+00
 -2.8623102e+00
  1.0903711e+00
  8.7365446e+00
  2.5699022e-01
  2.8419180e+00
  4.4472709e+00
  4.5976701e+00
  1.8602857e-01
  1.4419546e+00
  1.7508013e+00
  5.1004424e+00
 -4.0835124e-01
  1.9854823e+00
 -6.5216100e-01
  1.7631022e+00
  1.5504260e+00
 -5.8598785e+00
  1.6638339e+00
 -9.1500211e-01
  1.3828046e+00
  3.3067700e-01
  1.0396953e+00
  4.8861322e-01
  7.4709954e+00
  7.5347674e-01
 -5.7131176e+00
  2.2595243e+00
  1.9908115e+00
  2.2758346e+00
 -8.9432150e-01
 -1.3458854e+00
  1.3691120e-01
  2.8404069e+00
  1.7528014e-01
 -7.7558661e+00
  2.0345690e+00
  2.2496364e+00
 -4.4601470e-01
  1.4818518e+00
 -3.4040580e+00
 -1.4594133e+00
 -4.3402049e-01
 -1.0103090e+00
 -1.3809637e+00
 -3.2660735e-01
 -1.5142545e+00
 -7.0770949e-02
 -2.2266815e+00
 -6.8614644e-01
  1.9702438e+00
 -1.2463499e+00
 -1.8891847e-01
  1.6290751e+00
  7.5984406e-01
  5.6292453e+00
  5.5628457e+00
  1.1151380e+01
  9.0512133e+00
  1.7283237e+00
  2.1204135e+00
  7.6829332e-01
 -1.8742439e-01
 -1.6896132e+00
  2.9095343e-01
 -5.7045102e-01
 -2.3629214e-01
 -7.8697532e-01
 -1.6744224e+00
  4.9250263e-01
 -4.5726471e+00
 -2.6189229e+00
  2.8833327e+00
 -8.7321818e-02
  1.6501778e+00
  6.2926221e-01
  3.5314131e+00
  5.3921070e+00
  1.0154446e+00
  2.2529473e+00
 -1.2904279e+00
 -8.1482464e-01
 -2.6043421e-01
 -5.8093333e-01
  9.5023119e-01
  1.9255514e+00
  5.4710636e+00
  6.3760147e+00
 -1.9263289e+00
  7.9138809e-01
  7.7154202e+00
 -5.6739240e+00
  2.5288644e+00
  1.8252085e-01
  1.0884279e+00
  3.2359380e-01
 -1.0530293e+00
 -1.4323040e+00
 -2.5730097e+00
 -1.2599713e+00
 -1.4240352e+00
 -6.2114984e-02
 -1.8172894e+00
  6.6358715e-01
  8.2498878e-01
  1.8173276e+00
 -1.1335980e+00
 -1.2739048e+00
  1.5237044e+00
 -1.0672598e+00
 -2.5071721e+00
 -7.6441519e-02
 -3.9979877e+00
  4.7175416e-01
  1.9606118e+00
  3.0170602e-01
 -1.6023867e+00
  4.1397601e-01
 -4.7673707e+00
 -5.0237427e+00
  3.0117271e+00
 -1.7605792e-01
 -1.3058254e+00
  4.8788724e+00
 -5.7488995e+00
 -2.5281458e+00
 -3.5975304e+00
 -4.5379880e-01
  2.4329200e+00
  2.1249375e+00
  3.8462043e+00
  9.9085939e-01
 -7.4104774e-01
  3.3394316e-01
  1.3822144e+00
 -9.7926670e-01
 -2.0282015e-01
 -9.0250355e-01
  6.9234461e-01
  4.5347747e-01
  2.0465963e+00
  1.7220891e+00
 -2.5896440e+00
 -3.5728347e-01
  8.8496816e-01
 -2.6493442e+00
 -2.7198408e+00
 -8.7199897e-01
  1.0200103e-01
 -1.0487497e+00
 -2.4734497e+00
 -3.8810697e+00
 -9.7303069e-01
  4.0326068e-01
 -3.2826631e+00
 -8.9217788e-01
 -1.0288005e+00
  7.2620530e+00
  1.6773953e+00
  2.7794138e-01
 -1.4601567e+00
 -8.8064420e-01
 -3.0168405e-01
 -1.2841035e+00
  5.2128992e+00
 -2.2963626e+00
 -4.1536264e+00
 -8.3748150e-01
  1.4211632e+00
 -1.4160043e-01
  1.0033358e+00
 -1.5892638e+00
 -2.2037270e+00
 -6.2732558e+00
 -2.0579634e+00
 -1.4700150e+00
 -3.1861546e+00
 -4.3299646e+00
 -1.7593935e+00
  3.4531858e+00
 -1.1917015e+00
 -5.8037204e-01
 -1.3392805e+00
  3.1965339e+00
 -1.8741305e+00
 -4.7300741e-01
 -2.9053304e-01
 -4.7751862e-01
  2.8859780e+00
  2.7985802e+00
  1.0055902e+00
 -2.3586054e+00
 -8.4728211e-01
  1.0200337e+00
 -6.8681508e-01
  7.6047415e-03
 -1.7952299e-01
  5.5794911e+00
  2.3899305e+00
 -2.2070444e+00
 -3.0216906e+00
 -2.7833354e+00
 -3.5888237e-01
 -3.7212875e+00
  1.6671836e+00
 -2.9406636e+00
 -2.4077506e+00
  1.0033267e+00
 -3.8558517e-02
 -3.6445129e-01
  1.9204736e-01
  4.5100114e-01
 -4.1037726e-01
  9.7902608e-01
 -6.3528118e+00
  1.4721560e+00
 -1.7285134e-01
 -3.6927209e+00
  7.2913498e-01
 -3.8826840e+00
  2.5801489e-01
 -2.2897224e+00
  4.1374099e-01
  5.2954334e-01
  5.4083538e+00
  2.2504117e-01
 -7.5024688e-01
  2.1279876e+00
  4.2288086e-01
 -1.3722378e+00
  4.3036994e-01
  7.7432531e-01
  4.4700131e-03
  2.6466136e+00
 -3.1519833e+00
 -1.1047511e+00
 -3.8991351e+00
 -2.0063527e-02
  2.0699975e+00
 -1.8052325e-01
  2.4740891e+00
 -1.2131635e+00
 -2.7368088e+00
  3.2985647e+00
 -4.1538539e+00
  4.0566745e+00
  7.9702401e-01
  3.5883992e+00
 -4.1799402e+00
  1.0543677e+00
  3.0503731e+00
  2.9651589e+00
  3.4360747e+00
  3.7287477e-01
 -1.2590165e+00
  4.0884781e+00
  2.6592486e+00
  2.4239111e+00
 -6.8559207e-02
  1.9273244e-01
 -3.5233080e+00
 -9.4849908e-01
  2.2722566e+00
 -5.2388895e-01
  3.6295784e+00
  1.3763509e+00
  1.7570561e+00
  1.7585455e+00
  1.7819728e+00
 -1.9587539e+00
  1.2969998e+00
 -1.1576729e+00
 -5.9359872e-01
  8.3771884e-01
  1.6654113e-01
  1.6549467e+00
 -6.3544035e-01
 -2.0075481e+00
  1.9071147e+00
 -6.2848973e+00
  1.4726000e+00
  1.2091733e+00
  4.4166341e+00
  2.3777325e+00
 -9.1439560e-02
  1.6110761e+00
  2.8138089e+00
  5.6587329e+00
  1.6954260e-01
 -3.2351546e+00
 -3.5830183e+00
 -1.3684289e+00
 -5.5890713e-02
  3.3410273e+00
 -1.7653244e+00
 -2.5783654e-02
 -9.9404800e-01
  1.9416218e+00
  4.5714188e+00
  7.1002829e-01
 -3.2081959e+00
 -9.5770340e+00
  2.1146958e+00
  1.6647538e+00
  2.8097119e-02
  5.2797313e+00
  3.2919393e+00
  2.3444012e-01
 -4.2117929e+00
 -5.0050372e-01
 -3.4870946e+00
  4.2980281e-01
 -2.3716640e+00
 -1.1098130e+00
 -6.2135258e+00
 -2.6200616e+00
  6.0758295e+00
  4.1593771e+00
 -1.7060021e-01
  1.4639195e+00
 -7.7875543e-01
  1.8475444e+00
  8.9534390e-01
  4.6544824e+00
  6.6855206e+00
  1.3195406e+00
 -2.4618568e+00
 -1.9966222e+00
  1.9444777e+00
 -1.0695093e+00
 -2.8691432e+00
  6.8664026e-01
  3.1645424e+00
 -2.3826835e+00
  6.5482221e+00
 -1.5287708e+00
 -3.8159126e-01
  3.5651104e+00
 -2.4876063e+00
  8.1177038e-01
 -4.8998693e-01
 -8.1286011e+00
  1.1720566e-01
 -2.3725612e+00
 -3.0115521e-01
 -4.0962633e-01
 -1.5778614e+00
  3.3487701e+00
  6.8821432e-04
  1.7369629e+00
 -2.3529477e+00
  2.3348667e-01
  9.0449476e-01
  1.6566029e+00
 -1.4675226e+00
 -9.3987048e-02
  1.8293238e-01
  3.0354724e+00
 -2.1429675e+00
 -2.1897690e+00
 -5.2771211e-01
  1.1503623e+00
  6.2917310e-01
  1.0684290e-01
  1.0949133e-01
  3.4076555e+00
 -2.1421762e+00
  7.6128435e-01
 -4.5510015e+00
  1.1765579e+00
 -4.2951369e-01
  7.4380136e-01
 -1.1703498e+00
 -2.1154077e+00
 -3.2598984e-01
 -1.5306917e-01
 -7.7184010e-01
 -4.0399632e+00
  2.6530762e+00
  3.5490770e+00
 -3.7305689e+00
  2.2368035e+00
  1.2071750e+00
  4.7190228e+00
 -1.3707861e+00
 -3.3416638e+00
  3.1350192e-02
 -1.3532549e+00
  1.2062217e-01
  2.7900693e+00
 -5.7836622e-01
 -3.4143722e-01
 -3.8956032e+00
 -2.3052526e+00
 -8.1026649e-01
 -1.3262044e+00
 -3.3947068e-01
  5.7323041e+00
 -1.4987273e+00
  1.6913427e+00
 -1.8606721e-01
  3.9216568e+00
  5.1078814e-01
  7.6599009e-02
  2.6435525e+00
  2.5344880e+00
  1.1191235e+00
 -2.1311879e+00
 -4.1599178e+00
 -9.7126073e-01
  3.9800758e+00
 -1.8321084e+00
  3.5793812e+00
  5.5876360e+00
  3.7812095e-02
 -2.5302634e+00
  2.4417688e-01
  2.2702935e+00
  7.5617969e-01
  2.6065311e-01
 -5.1934922e-01
 -1.1209147e+00
 -7.8440008e+00
  7.9926983e-02
  1.7207327e+00
  2.3510191e+00
 -7.5867653e-01
  8.4947640e-01
  1.0754040e+00
  1.8470700e+00
  2.5204339e+00
 -2.2656469e+00
 -1.1456921e+00
 -1.4928079e-01
 -1.5176812e+00
 -2.5747309e+00
 -4.2852397e+00
 -9.9266493e-01
  2.5253484e+00
 -9.4086534e-01
 -2.0580022e+00
  2.3740313e+00
  1.3394088e+00
  2.0204387e+00
 -1.0005192e+00
 -8.1403738e-01
 -6.5568376e-01
  1.4076259e+00
  2.6944470e+00
 -1.3605534e+00
  7.2817272e-01
  1.5944155e+00
  5.6261092e-01
 -6.7408013e-01
 -4.7651327e-01
 -6.9706136e-01
 -2.1199400e+00
 -2.5045863e-01
  1.0707231e+00
 -1.0963298e+00
  3.0337012e+00
 -4.1423851e-01
  1.5634704e-01
 -6.3829727e+00
 -1.6867030e+00
  3.5131842e-02
 -9.6429813e-01
 -4.7464895e+00
 -1.3667698e+00
 -1.6642846e+00
 -3.7877815e+00
 -3.2588220e+00
  2.1923995e-01
 -2.7681890e+00
 -1.0070770e+00
 -1.3549311e+00
  5.9561467e+00
 -2.5508516e+00
  1.0096289e+00
  1.3127730e-02
  5.3161651e-01
  3.5245154e+00
 -7.8678948e-01
  1.6963104e+00
 -2.8938029e+00
 -1.7073648e+00
 -4.3964777e-02
 -2.2324262e+00
  1.4362351e+00
 -5.7023168e-01
  1.8061666e+00
  5.3420448e-01
  1.8609610e-01
 -3.0430034e-01
  2.8493816e-01
 -1.8450387e+00
  2.0339320e+00
 -2.4619675e+00
 -7.2182751e+00
  7.6709384e-01
  5.1723403e-01
 -3.5762334e+00
 -1.3384786e+00
  1.3476197e+00
 -2.9596624e-01
 -2.3471005e+00
  1.0587437e+00
  2.3650290e-01
 -1.8324457e+00
  1.6633577e+00
  1.8988693e-01
  4.7046304e+00
  8.1776543e+00
 -4.8263565e-01
 -2.0450072e+00
  3.0365567e+00
 -1.3485215e+00
 -6.5394652e-01
 -3.2946796e+00
 -9.9516761e-01
 -2.0863364e+00
 -1.6835675e+00
 -8.4159589e-01
  2.2321210e+00
  1.3455659e+00
 -5.2343731e+00
 -9.3529278e-01
 -3.1258152e+00
 -3.1150358e+00
 -4.5178342e+00
 -1.9052629e+00
 -1.3823266e+00
 -2.1787743e-01
 -2.5603867e+00
 -3.8425121e-01
 -1.8938894e+00
 -1.1042900e+00
 -1.4567758e+00
  1.5054713e+00
  3.1633660e-01
 -4.4303295e-01
  3.7320979e+00
  5.3050876e-01
  3.2125542e-01
  1.8214981e-01
  5.0545788e-01
 -8.1266403e-01
 -3.0576966e+00
 -1.8097978e+00
 -3.1492696e+00
  9.4404197e-01
  1.1110636e+00
 -3.2538350e+00
  5.7766801e-01
 -1.0037408e+00
  4.4501030e-01
  2.1632716e-01
  4.1005487e+00
  5.4624019e+00
  7.3148417e+00
  5.0664532e-01
  4.8506756e+00
 -6.4624500e+00
 -1.9354640e-01
 -2.3828046e+00
  1.5258994e+00
  6.0672230e-01
 -1.9760127e-01
  2.2758658e+00
  2.3386028e-01
  5.0590336e-01
  3.7560852e+00
  4.3328180e+00
  1.3389840e+00
  4.0585432e+00
  2.0476329e-01
  2.0513897e+00
  1.5849719e+00
  2.1843450e+00
 -3.6230874e-01
 -5.8591530e-02
 -4.1659585e-01
 -4.3620253e+00
  1.8630085e+00
  4.3835688e+00
  1.8419497e+00
 -1.9485024e-01
  5.6629264e-01
  2.2544470e+00
  3.4137073e-01
  2.0474954e+00
  4.0929008e-01
  2.7035122e+00
 -4.0121624e-01
  7.7516101e-02
  2.9936881e+00
 -4.0403070e+00
 -1.7218859e+00
 -1.3225123e+00
 -2.9858308e+00
 -4.7955785e+00
 -3.0545866e+00
 -1.3231572e+00
  2.2414947e+00
  4.3990064e+00
 -5.1032104e+00
 -1.5249733e+00
 -5.2497780e-01
 -2.5946648e+00
  4.5308380e+00
  1.8093039e+00
  2.4563663e+00
 -4.9415177e-01
 -1.2503254e+00
 -1.8964374e+00
 -3.7909561e-01
 -6.2404847e-01
 -6.0210986e+00
 -2.1632862e+00
  5.9148580e-01
  9.3862575e-01
  7.7702487e-01
 -4.1197653e+00
 -5.0950088e-03
  4.4916863e+00
  3.4273641e+00
 -4.8392034e+00
 -2.4333045e+00
  2.0807371e+00
  4.3369331e+00
  5.3618224e-03
  2.1504252e+00
  5.1255260e+00
 -4.5494583e-01
  2.5030813e+00
  6.6007323e+00
  1.3131561e+00
 -1.0428391e-01
  2.9073408e+00
 -1.9237273e+00
  1.9834001e+00
  1.9459757e+00
  1.5256914e+00
  3.2764950e+00
 -1.9562875e+00
  4.5573692e+00
  2.7670345e+00
  1.8791869e+00
  2.0410612e+00
  2.7186296e+00
  3.1653950e-01
 -3.4254868e+00
  4.9064622e+00
 -6.4358461e-01
 -3.7654813e-02
  3.9005692e+00
  3.7245073e+00
 -4.2081213e+00
  2.1427412e+00
 -1.2779340e+00
  2.2514386e+00
  9.4612265e-01
 -2.8564942e+00
 -2.1495974e+00
 -2.7531895e-01
 -6.9045420e+00
 -8.5436419e-02
 -5.2569022e+00
 -3.3860993e+00
  3.7696598e+00
 -1.2600464e-01
 -6.0358089e-01
  4.1417661e-01
  8.5500687e-01
  6.3580651e+00
 -1.3655717e+00
 -2.0070348e+00
 -8.6091614e-01
 -2.1470699e+00
 -1.0039905e+00
  3.0837843e-01
 -1.4633462e+00
 -2.4060924e+00
 -4.2279692e+00
  6.9466394e-01
  5.1172671e+00
 -4.6666460e+00
 -3.0928397e+00
 -7.2216772e-02
 -2.3218474e+00
  1.8530716e-01
 -1.6590208e+00
 -1.4905250e+00
  1.2613727e-01
 -8.8560271e-01
  1.9649796e+00
  2.3141716e+00
 -3.3953636e+00
  1.2880559e+00
  2.0323908e+00
 -7.1608716e-01
  1.3388668e+00
 -2.7352562e+00
  3.8280442e-01
  1.5859035e+00
  3.6309404e+00
  1.0020840e+00
 -2.2924814e+00
 -5.7166427e-01
  4.0801495e-01
  8.4324188e+00
 -2.3051662e+00
  1.2145795e+00
  1.2693888e+00
 -7.7442035e-02
 -2.2179149e-01
  1.9329083e+00
  9.4217491e-01
  8.8453248e-02
 -1.1352785e+00
 -1.7586385e-01
  3.9426188e+00
 -3.7345719e-01
 -1.9676746e+00
  4.7703366e+00
  4.5649123e-01
 -1.1215490e+00
 -5.3638071e-01
  1.0320645e+01
 -5.8914318e+00
  1.2867696e+00
  3.7950001e+00
 -6.2791717e-01
 -9.6879959e-01
  2.3006709e+00
 -2.0884030e+00
  8.8010162e-01
  5.2757883e-01
  2.8644366e+00
  8.7613459e+00
  3.6197743e+00
  9.7074115e-01
 -1.5235628e-01
 -2.5667000e-01
  1.7215037e+00
  5.9045048e+00
  4.2046368e-01
  6.2265563e+00
 -3.0410635e+00
 -7.5551480e-01
 -2.7367616e-01
 -1.2091959e+00
  3.9436972e-01
  4.5207677e+00
 -7.3541808e-01
 -4.5920548e-01
 -1.2027813e-01
 -2.1898367e-01
 -3.1293187e+00
 -1.2653111e+00
  1.9653583e+00
  2.0116873e+00
  1.0987786e+00
  3.9968841e+00
 -4.5684639e-01
  1.3479418e+00
  1.3645281e+00
  7.4637942e+00
 -5.6172533e+00
 -1.3763562e+00
  1.2102039e+00
  7.5503492e-01
 -1.7325875e-01
  6.1390990e-01
  7.4566483e-01
 -1.1093150e+00
  1.6123066e+00
 -1.8124121e-01
  1.9574105e+00
  8.2520354e-01
  1.6101701e+00
 -1.0465117e+00
 -2.2942069e+00
 -8.8590181e-01
 -5.0971216e-01
  5.6133595e+00
  9.8529106e-01
 -1.3762860e+00
  9.9165726e-01
 -2.4734890e+00
 -1.3556019e+00
  3.5409696e+00
 -1.4653869e-01
  3.7843457e-01
  4.6485524e+00
 -8.6736511e-03
 -6.7774630e-01
  5.0911337e-01
 -1.0580620e+00
  1.3156443e+00
  7.3191237e-01
 -1.5818274e+00
  2.3098273e+00
  2.9975638e-01
  6.0964370e-01
 -6.7180818e-01
  2.3799596e+00
 -9.3967456e-01
 -1.9439271e-01
  8.7233716e-01
  2.1641448e+00
  4.5318050e+00
  4.0827522e+00
 -3.6523948e+00
 -1.9059325e+00
 -2.0819178e+00
  2.3614082e+00
  6.7868857e+00
  6.0131350e+00
 -2.0099590e+00
 -8.9424425e-01
  3.2917300e-01
  1.8848490e+00
 -2.5367322e+00
  7.0011288e-01
  9.6808009e-02
  2.9416883e-01
 -8.7035924e-01
  1.4695450e+00
  2.6877511e+00
 -5.3576338e-01
  3.4576938e-01
 -6.6999513e-01
  1.1191841e+00
 -4.3093204e-01
 -4.0833022e-02
 -6.1719980e+00
  2.2650445e+00
 -7.8452206e-01
 -1.4269829e+00
  1.8967088e-02
  2.4173424e-01
 -2.3049165e-01
  6.3516289e-01
 -7.3393881e-02
 -7.2184736e-01
 -8.9829534e-02
  2.3587692e+00
 -2.4531424e+00
 -1.2109201e+00
 -7.1211016e-01
  1.8987765e+00
  2.4986634e+00
 -4.6044177e-01
  2.1580281e-02
  1.2704313e-01
  1.0146083e+00
 -2.9054067e+00
 -7.1559167e-01
  2.1330700e+00
 -4.4137728e-01
  1.8183078e+00
 -1.1129421e+00
  2.1424921e+00
  5.4865056e-01
 -8.8034600e-01
 -1.1817958e+00
 -1.5624375e+00
 -1.4364426e+00
 -2.2971287e+00
  2.3032720e+00
  4.0731126e-01
 -6.3183510e-01
  1.8498789e+00
  3.8986905e+00
 -1.9696132e+00
  4.1278884e-01
  2.0645251e+00
  3.8181889e-01
 -9.0202165e-01
 -9.3270594e-01
 -3.0454960e+00
 -2.0528204e+00
  1.3708490e+00
 -5.5925369e-02
 -3.4200628e+00
  1.4700621e-01
 -9.1942561e-01
 -8.0783725e-01
 -6.6281219e+00
  1.1039861e+01
 -2.0541110e+00
 -1.4696236e+00
 -2.7022731e+00
 -7.0067197e-01
  2.0919542e-01
  4.7924343e-01
  2.6538248e+00
 -1.8001630e+00
  4.3218684e+00
 -2.2971392e+00
  4.0137701e+00
 -2.7391326e-01
 -1.0392455e+00
 -1.7987545e+00
  2.3431311e+00
  5.2116513e+00
 -1.5401605e+00
  2.2473271e+00
 -5.3200716e-01
 -4.8716164e+00
 -9.6919632e-01
 -3.2223985e-01
  3.2663351e-01
  9.5545632e-01
 -4.5613651e+00
  2.7791474e+00
 -1.9140089e+00
 -1.0465282e+00
 -1.1848024e+00
  1.1248376e+00
  2.6572456e+00
 -6.9197667e-01
  4.9514526e-01
 -4.3474939e-01
 -2.4729600e+00
 -3.2911143e+00
 -7.8268236e-01
  3.6187637e-01
 -3.2417470e-01
  7.5029616e+00
  7.4606347e-01
  1.3655391e+00
 -4.4775155e-01
  1.5547405e+00
 -8.6266801e-02
 -1.4787732e+00
  3.1666539e+00
 -1.4349774e+00
 -3.5928059e+00
  4.1479030e+00
  7.9447246e-01
  6.7774069e-01
  4.8682036e+00
 -3.8174715e+00
  3.1738523e-01
  3.5314884e+00
  2.5993967e+00
  4.1638982e-01
 -3.0469944e+00
  1.8634022e+00
  9.9553072e-01
  7.5851903e+00
 -1.3633631e-01
 -1.3305794e-01
 -2.2635078e+00
  1.3134196e-01
  5.3224641e-01
 -1.0224993e+00
  2.1784191e+00
 -3.5019729e+00
  1.1070222e+00
  5.0779734e+00
  5.2855355e-01
 -6.8117815e-01
  9.9749975e+00
  1.7898412e+00
 -1.8975158e+00
  3.1232994e+00
  2.6987336e+00
  5.9752011e-01
  1.9580562e+00
  4.7564808e-01
 -1.3663126e+00
 -6.9393140e-01
 -2.0292611e+00
  8.6206025e-01
 -9.1033228e-02
 -3.0136318e+00
 -2.1614060e+00
 -1.1797053e+00
 -7.6381934e-01
 -6.3968339e+00
 -8.0470860e-01
  7.3401904e-01
  3.5122976e+00
  4.4097292e-01
  5.1398487e+00
  1.8667152e+00
 -2.2855425e+00
  7.3046654e-02
 -6.6521776e-01
  6.4214573e+00
  1.2543659e+00
  2.4205377e+00
 -5.9186321e-01
 -7.7097678e-01
  1.1953992e+00
 -9.1699725e-01
 -1.3181729e+00
 -2.4449344e-01
  3.0585999e+00
  1.4034253e+00
 -3.0028214e+00
 -1.7749678e+00
  8.8062060e-01
 -6.7790580e-01
  5.3200216e+00
 -2.9797897e+00
 -2.6373441e+00
 -2.1684687e+00
  1.0890446e+00
  5.6956978e+00
  4.9222082e-01
 -2.0290110e+00
  3.3049657e+00
  2.8152165e+00
  5.0290103e+00
  2.2585513e-01
 -1.0188276e-01
  1.6526895e+00
 -4.7171140e+00
  2.4200144e+00
 -1.1161501e+00
 -6.9898403e-01
  3.6775143e+00
 -7.9102069e-02
  1.7562219e+00
 -1.2407206e+00
 -4.4469848e+00
 -1.6290501e+00
 -3.7456181e+00
  1.7475526e+00
 -2.5498924e+00
  6.1995144e+00
  4.7236214e+00
  1.4284985e+00
 -4.2351714e-01
  1.2192790e-01
  2.6160159e+00
 -1.8900700e-01
 -2.3940139e+00
  5.0446379e-01
  4.6376295e+00
  1.6343633e+00
 -4.4237021e-01
  8.8118601e-01
  1.0860498e-01
 -1.1962546e+00
 -6.1367905e-01
  3.6407453e-01
 -6.7648065e-01
 -1.3749356e+00
 -8.0971830e-02
  9.7737999e+00
  7.6262541e-02
  6.7073339e-01
  2.1808498e+00
  1.1865691e+00
  4.4728498e+00
 -1.1096808e+00
  3.5049803e+00
 -5.8405428e+00
 -2.6298018e+00
 -1.4676550e-02
 -3.5885589e+00
 -5.8733934e-01
 -6.2834935e+00
 -1.4136510e+00
 -3.5897563e+00
 -3.7834806e+00
 -5.0243038e-01
  5.5214581e+00
  2.5635715e+00
  1.7185470e+00
  2.1788218e+00
 -1.1525923e+00
 -1.3144030e-01
  8.1588489e-01
 -1.2067393e+00
 -1.9151825e+00
  1.5654575e+00
 -1.1806753e-01
  3.4783134e-01
 -2.4011309e+00
  9.4641501e-01
 -5.7345853e+00
 -2.0469825e+00
 -2.0059501e-01
 -1.4709975e+00
 -2.4946101e+00
  2.9108319e+00
 -2.4054093e+00
 -1.3887165e+00
  5.1953977e-01
 -8.4564632e-01
 -4.4215608e+00
 -4.3244570e-01
 -1.3148234e+00
 -5.9860933e-01
 -2.2438881e+00
 -1.4297501e+00
 -2.4002590e+00
 -1.3648083e+00
  1.6958239e+00
 -1.0898201e-02
 -1.2305737e+00
  1.4976239e+00
 -1.2680802e+00
 -9.6800882e-01
 -3.8330075e-01
  2.1950643e+00
 -3.9007616e+00
 -4.5517979e+00
 -3.7345152e+00
 -1.2502003e+00
  3.3182423e+00
  1.2318189e+00
  3.2570848e+00
  1.6711285e+00
  6.7540817e+00
  7.5753933e-01
  4.9207659e+00
  3.1367826e+00
  1.8682432e-01
 -1.5581410e+00
  6.5319096e-03
 -4.8838086e+00
 -1.0500536e+00
 -7.0542686e-02
 -1.8623589e+00
 -1.7407262e+00
  2.4233307e-01
  3.9523056e+00
 -5.3403125e+00
  3.6837614e-01
 -7.2641808e-01
 -3.5083375e+00
 -6.0498757e+00
  5.7808967e+00
 -1.0487270e+00
  3.8587129e-01
  4.0819921e+00
  2.5798361e+00
 -2.3659468e+00
  3.0157681e+00
 -3.7616863e+00
  2.1958020e+00
 -4.9304953e-01
 -2.4547949e-01
 -2.9323488e-01
  1.4428893e+00
  2.0311844e+00
  3.5975683e+00
 -1.1819423e+00
  7.4037938e+00
 -4.5860600e-01
 -2.4750719e+00
 -9.0142876e-01
 -6.2695074e-01
 -2.2249295e-01
  3.5082999e-01
  4.0810937e-01
  1.1744959e-02
 -1.7663245e-01
  4.2527053e-01
 -9.8705369e-01
 -2.2324321e-01
 -1.1717970e-01
  6.3667583e-01
  3.2755947e-01
  2.8490019e-01
  1.1122034e+00
 -4.5988946e+00
  4.9143961e-01
  6.9992405e-01
 -3.1148829e+00
  5.5589259e-01
 -5.1572242e+00
 -2.9090658e-01
 -1.7056379e+00
 -3.5853088e+00
 -9.1839814e-01
 -1.9910623e-01
  8.9222360e-01
  3.1083462e+00
  1.0136701e+00
 -6.5477452e+00
  1.6140144e-01
 -2.9885182e+00
 -2.5172694e+00
  5.7251757e-01
  1.0667372e+00
  1.6003492e+00
  8.8689411e-01
 -3.0238995e-01
  1.4043190e+00
 -8.8834602e-01
 -1.2364882e+00
 -1.5239276e+00
  7.9516941e-01
  4.1999513e-01
 -4.9409157e-01
  9.1544312e-01
  6.3716978e-01
 -6.5320621e+00
  1.1945401e+00
 -1.5404791e+00
 -6.3252330e+00
 -2.7269958e-02
  6.5401721e-01
  3.1524463e+00
 -2.7164304e-01
  2.2791166e+00
  7.4656343e+00
  6.7928095e+00
  5.2285519e+00
 -2.2215528e+00
 -4.3864849e-01
  5.1029034e+00
 -7.5485456e-01
 -2.4327450e+00
  5.5218223e-02
  2.0000391e+00
  1.8153856e+00
 -3.1385303e-01
 -3.4261513e-01
 -2.2216578e+00
  2.6918070e+00
 -3.1769024e-03
 -3.1933293e+00
 -2.6472688e+00
  3.3015769e+00
 -3.3411078e+00
 -6.6450799e-01
 -3.9552460e+00
 -8.5811129e+00
 -7.3677450e-01
 -4.8442099e-02
 -1.6775345e+00
 -2.4189439e+00
  1.9628794e+00
 -6.8957496e-01
  3.4656346e+00
  2.5065193e+00
 -4.7450047e+00
  1.5278257e+00
 -1.0268592e-01
 -8.2811791e-01
  1.6245292e-01
 -7.7315724e-01
 -1.2181820e+00
  1.1882119e+00
 -8.7426853e-01
  6.9219551e+00
 -1.2442248e+00
 -9.0651065e-01
  3.7662034e+00
  2.7472372e+00
  7.3922515e-01
 -2.8389339e+00
 -1.0157471e+00
 -3.3530843e+00
 -9.9743450e-01
 -1.7681719e-01
 -8.6841872e-03
  1.8912932e-01
  6.9533950e-01
  1.8350947e-01
  7.7111340e-01
 -1.0302671e+00
 -8.9533336e-02
 -8.4191495e-01
  3.0764377e-01
  3.7326448e+00
  8.4280479e-01
  3.3475063e+00
 -2.5258490e-01
 -1.9039797e+00
  7.9559648e-01
  1.5699774e+00
  1.6969872e+00
 -1.0002259e+00
  1.2238393e+00
  4.4158139e+00
  1.6114144e-01
 -8.2300204e-01
 -1.4615850e+00
  3.5061844e-02
  2.7996522e-01
 -4.8130277e-01
  2.6180778e+00
  9.0930712e-01
 -1.0721349e+00
  2.2112525e+00
 -3.1175599e+00
 -2.0971553e-01
  2.7645435e+00
 -9.3406254e-01
  2.3747120e+00
  3.4120142e-01
  7.8631554e+00
 -9.2942160e-01
  1.2303572e+00
 -2.7651410e+00
  5.1063800e+00
  2.5614157e+00
 -2.9576786e+00
  2.3657122e+00
  4.1061406e+00
  1.4951465e+00
 -4.2499033e-01
 -5.2773871e-02
 -4.7497253e+00
 -9.4844157e-01
 -1.4523371e+00
 -3.5455050e+00
 -2.7600801e-01
  1.2898088e+00
 -1.1523608e-01
 -7.4014359e+00
 -5.7584200e+00
  1.3251463e+00
 -4.5916837e-01
  1.6077470e+00
  3.1398427e+00
  3.6271410e+00
 -2.0941422e+00
 -5.2996290e-01
  3.9582181e-01
 -1.0267589e-01
  1.6536362e+00
  3.2494254e+00
 -4.2133498e-01
 -6.9825339e-01
  5.6269646e+00
  7.9513288e-01
  3.2359225e-01
  9.7838151e-01
  2.6859193e+00
  1.3439373e+01
  2.2991498e+00
  3.8000672e+00
  4.2821741e-01
  8.8455659e-01
 -3.8752213e-01
  2.2955918e+00
  1.8859464e+00
  2.5950699e+00
 -2.1306543e+00
 -1.2788033e-01
 -3.0920362e+00
 -3.9496884e+00
  4.1254202e-01
 -3.8477567e-01
 -2.0418854e+00
 -1.6769680e+00
 -3.4452684e+00
  1.2108564e+00
  1.3877838e+00
 -3.1395870e-01
 -9.2692457e-02
 -1.1060768e+00
 -4.1741249e-01
 -5.4655260e-01
 -1.7359616e+00
  1.7799492e+00
  6.0644736e+00
 -2.4909847e+00
 -2.8273952e-01
  3.3668685e+00
 -2.1588905e-01
  1.2150183e+00
  2.7028630e+00
  2.4536524e+00
  3.1648808e+00
 -4.8339233e+00
  6.1443400e+00
  1.2846197e-01
  1.8426300e+00
 -1.0359821e+00
 -1.0245272e+00
 -3.0059316e+00
  2.7741769e-01
  4.7180367e+00
  6.4520197e+00
 -2.5087922e+00
 -1.3712510e+00
  1.0637677e+00
  9.6391624e-01
  8.9427447e-01
 -9.1951561e-01
 -2.0557423e+00
 -4.4829450e+00
  4.0800409e+00
  4.7797632e+00
  6.9341311e+00
 -2.4864664e+00
 -6.8493829e+00
  3.2935846e+00
 -1.3438110e+00
  1.5921411e-01
 -2.5635822e+00
 -1.5703436e+00
  1.9588597e+00
 -9.3619668e-01
  1.2892859e+00
 -1.2729241e+00
 -5.4427373e-01
  2.8838154e-02
 -1.0934612e-01
 -1.3126569e+00
  2.0916072e-01
  1.0681584e-01
 -3.1925726e+00
 -1.8063182e+00
 -3.2304311e-01
 -3.1109953e+00
  1.4711065e+00
  1.2121383e-01
 -1.0348064e+00
  2.9518585e+00
 -1.0107226e+00
 -6.1088943e-01
  1.6968939e-02
  4.3259925e-01
 -2.6724155e+00
  1.1392590e-01
 -2.2440879e+00
 -3.3330569e-01
  1.4858018e+00
 -6.4702439e-01
  1.8253473e+00
 -1.8292594e+00
  3.8296351e-01
  6.3828540e-01
 -3.8221815e+00
 -2.1099012e+00
 -1.1909126e+00
 -7.2957067e+00
 -3.1982994e+00
  1.5397809e+00
  9.2222911e-01
  1.8936355e+00
  2.8048396e+00
  3.2850349e-01
  7.3412573e-01
 -6.2364393e-01
  3.1865292e+00
 -3.2272725e+00
 -9.2409575e-01
  1.5096979e+00
 -3.9953533e-01
 -1.1983875e+00
 -4.7459817e-01
  2.0735126e+00
  1.4647316e+00
  2.5640533e+00
 -6.5098615e+00
 -2.4164350e+00
  6.0161438e+00
  2.6696775e+00
  3.4188120e+00
 -7.2896099e-01
 -3.7400794e+00
  1.1851661e+00
  3.4675965e-01
  5.0624080e-02
 -2.8106387e+00
  1.4131705e-01
  2.5557430e+00
  5.3917813e-01
 -5.5022407e-01
 -3.8456335e+00
 -2.6054621e+00
 -5.1868887e+00
  4.9093310e-02
 -7.5935024e-01
 -8.3142203e-01
  2.4425082e+00
 -1.7973853e+00
  2.0922616e+00
  8.9649582e-01
 -2.3935757e+00
  2.7987282e+00
  2.2257261e+00
  1.6728445e+00
 -2.5802264e-01
  1.4594665e+00
  5.9229356e-01
  1.4113361e+00
 -2.7696928e-01
  6.5145612e-01
 -4.9175067e+00
 -1.2278914e+00
  2.3055317e+00
  4.3884128e-01
  1.1188382e+00
 -4.4841352e+00
  1.0982436e+00
  1.9246711e+00
  1.0323821e+00
 -1.0187240e+00
 -3.1972911e+00
 -2.4564319e+00
 -2.3397262e-01
  2.2358494e+00
  2.8165939e+00
 -1.9933842e+00
 -1.1333619e+00
 -1.6302308e-01
 -1.8279423e-01
 -4.0502304e-01
 -1.1481794e+00
  2.0174694e+00
  6.3640243e-01
  1.6010334e-01
  1.5708301e+00
  3.5518095e-01
  2.0403693e+00
  3.3372483e+00
  1.3434906e+00
 -1.7986144e-01
 -2.7165802e+00
  1.5346855e+00
 -1.1307445e+00
  6.6417938e-01
  3.3771408e+00
  1.2661764e-01
  3.3023024e+00
  9.1641849e-01
 -7.7905574e+00
 -2.0950201e+00
 -5.2778935e-01
  2.1717415e+00
 -2.0980828e+00
  1.5775623e+00
 -1.0005336e+00
  5.7425804e+00
  1.3025631e+00
 -2.7098854e+00
  9.4461322e-01
 -1.0195729e+00
 -1.5167162e+00
  1.6473010e-01
 -6.7207384e+00
 -8.9430933e+00
  3.9659791e+00
  1.9533932e+00
 -2.5429752e+00
  8.4334505e-01
  2.4818084e+00
 -1.9703181e+00
  7.4058825e-01
  8.4241413e-02
 -3.4745011e-01
 -2.0456560e+00
  5.2156293e-01
  9.6561986e-01
 -2.7388201e+00
 -1.9953235e+00
 -1.3564186e-01
 -1.2961860e+00
  1.4495934e+00
 -2.5324662e+00
  1.7302999e+00
  4.0782690e-01
 -1.3230509e+00
 -1.9447136e+00
  1.0634461e-02
  1.0512357e+00
  2.6824507e-01
 -6.1111116e-01
  1.4232274e+00
  7.1729922e-01
  1.7114266e+00
  1.2766800e+00
 -5.4158716e+00
 -2.2117648e+00
  1.1925473e+00
  2.1390169e+00
  1.6848754e+00
 -4.3453747e-01
 -2.8355391e+00
  1.9345868e+00
  5.1346219e-01
  4.0155730e+00
  4.9231839e+00
  6.1901248e-01
  1.7400662e+00
 -3.9003113e-01
  4.1744361e+00
 -2.1339006e+00
 -5.1278454e-01
 -4.8551470e-01
 -2.7853761e+00
 -6.8436396e-01
  2.0930423e-01
  3.3149774e+00
  1.1126096e+00
  3.0798462e-01
 -9.6967912e-01
  1.6399354e+00
 -7.4790859e-01
  6.5881914e-01
  1.1026236e+00
  3.0829152e-01
 -3.6263230e-01
  6.3812456e+00
  1.1036355e+00
 -1.8250865e+00
  6.5329642e+00
  9.5707858e-01
  8.6793797e-03
  1.9510657e+00
 -9.2597336e-02
 -6.0680017e+00
 -2.7629459e+00
 -1.7274159e+00
  6.4319682e-01
  4.6799857e-02
 -6.5191402e+00
  2.5427852e+00
  4.5626025e+00
  8.0642023e+00
  1.8503704e+00
 -1.1370298e-01
  4.3054014e-01
  7.3954391e+00
 -3.4025046e-01
  1.6426686e+00
  8.8067867e-02
 -4.5877588e-01
  6.5847654e-03
  2.7848971e+00
  3.1916666e+00
  2.1881986e+00
 -5.7517511e-01
 -3.5720397e-02
 -3.7138472e+00
  2.7584581e-02
 -2.9798707e-01
 -4.5865279e-01
 -6.0281835e+00
 -3.0378498e-02
  2.3181927e+00
  5.8911009e+00
  1.7874325e-03
 -7.4587315e-01
 -2.8407967e+00
 -3.0955032e-01
  3.1463489e-01
 -7.4785161e-01
  2.4852738e+00
  4.8103970e-01
  1.2824949e+00
  8.2899314e-01
 -3.4591866e+00
 -3.7664956e-01
  3.6812856e+00
 -2.3986691e-01
 -2.2770460e+00
 -4.3170366e+00
  1.2894211e+00
  4.8928962e+00
 -1.3846532e+00
  1.7680099e+00
  5.3342938e+00
  1.3063227e+00
  5.4475265e+00
  7.0697165e-01
 -1.0966792e-01
  4.5698622e-01
 -1.2337027e+00
  7.1663517e-01
 -1.0551103e+00
 -1.5273329e+00
 -7.0529258e-01
  9.5213719e-02
 -9.5016479e-01
 -1.0647572e+00
 -3.6204209e+00
  3.1140175e+00
  1.6978854e-01
  1.2142179e+00
 -1.3778528e+00
 -2.1429281e-01
  4.5881030e-01
 -7.0262730e-01
 -5.9186774e-01
 -1.5935814e+00
 -7.5197810e-01
  3.1574805e+00
  4.2053223e+00
  3.2772794e-01
  6.5829748e-01
  2.4848888e+00
 -7.7739453e-01
  6.6553223e-01
 -2.1631594e+00
 -6.6021328e+00
  4.2194462e+00
 -2.7127507e+00
  4.6941195e+00
  3.7290103e+00
 -3.4270148e+00
  3.9501483e+00
  2.1214118e+00
 -1.4341751e-01
 -2.7111727e-01
 -6.2150688e+00
 -2.0217810e+00
 -3.9248588e+00
  9.2008993e-02
 -7.1444631e+00
  2.3899424e+00
 -9.0576369e-01
 -2.8821921e+00
  1.5596970e+00
 -2.4811597e+00
  2.5251193e+00
 -8.3158612e-01
 -7.0742178e-01
 -1.5678823e+00
 -1.4029332e+00
 -4.2224240e+00
 -2.5574046e-01
  2.3882623e+00
 -7.3395389e-01
 -2.6991212e+00
  2.0766151e-01
 -3.0325872e-01
  1.2955700e+00
  5.2531832e-01
 -2.3154691e-01
 -1.5746852e+00
  3.3987703e+00
  1.7998679e-02
  1.9036276e+00
 -5.3219706e-01
  9.7846121e-01
  1.8241043e+00
 -1.2147427e+00
 -1.3792576e-01
 -3.1294677e-01
  4.8279181e+00
 -6.8958855e+00
 -5.6596365e+00
 -4.4335511e-01
 -4.1059569e-01
 -7.2329602e+00
 -2.3100247e+00
 -5.8454198e-01
 -4.5310678e+00
  4.0747380e+00
 -2.4180601e+00
  2.0089592e-01
  2.9219514e-01
 -9.6286401e-02
 -3.7751669e-01
 -3.9759359e+00
 -1.1525646e+00
 -2.9098456e+00
 -2.9715397e+00
  2.0110583e+00
 -7.8251326e-01
  9.3976772e-01
 -1.0769683e+00
  1.9194636e+00
 -5.8477473e-01
  3.1442266e+00
  5.6544214e-01
  3.3842571e+00
  1.0313509e+00
  2.1690042e+00
  1.7071393e-01
 -9.9782431e-01
  2.5690436e+00
 -2.1169531e+00
 -6.8799621e-01
 -1.8319950e+00
 -1.3955323e+00
  4.2363799e-01
 -1.2018158e+00
 -5.4859704e-01
  1.9400818e+00
  6.4809747e+00
  1.9229831e+00
  4.7881327e+00
  1.3744373e+00
 -5.1568544e-01
 -8.2606000e-01
  4.3657041e+00
 -1.4849362e-01
 -8.5209143e-01
  2.9501634e+00
 -4.0651733e-01
 -1.2955004e+00
 -2.5093775e+00
  2.0674102e+00
 -6.1740532e+00
 -3.1512761e+00
 -3.4707425e+00
 -1.2091241e+00
  3.3044517e-01
 -2.6667023e+00
 -7.1538825e+00
  1.4474394e+00
 -8.3329040e-01
 -5.5602217e+00
 -4.7180996e+00
  6.1393178e-01
 -4.6701574e+00
 -3.1768298e-01
 -3.7454026e+00
 -1.2303216e+00
 -1.8554906e+00
  3.4251118e+00
  3.8779011e+00
  1.0273839e-01
  4.3816409e+00
 -2.8346715e+00
 -5.6030905e-01
 -3.9596379e-01
 -7.1142368e-02
  4.0303897e-02
  7.1539003e-01
 -4.5561033e-01
 -5.2767887e+00
  1.5918741e+00
 -5.4368556e-01
  1.7752357e+00
 -8.6041632e+00
  1.0522097e+00
  3.1721246e+00
  2.2528393e+00
  1.0576458e+00
 -3.4585671e+00
  3.0148506e+00
 -6.0835876e+00
  6.6452169e+00
  6.0134221e-02
 -2.1967151e+00
 -3.6596289e-01
  4.3620186e+00
 -1.4367942e+00
  1.8607734e+00
  2.9339868e-01
  3.4756746e+00
  3.0076680e+00
  1.6818224e-01
  4.9143457e-01
 -4.1499391e-01
  3.5135019e+00
  2.5230749e+00
  3.1627345e-01
 -4.1842833e-02
  5.4587185e-01
  3.2966180e+00
  3.5480616e+00
  1.5669733e+00
  2.8985198e+00
 -3.8925982e-01
  4.7252040e+00
 -9.5593894e-01
 -4.3477201e+00
 -2.8393617e+00
 -9.4548428e-01
 -1.4200468e+00
  4.1932735e+00
  1.2908506e+00
 -4.6299195e+00
  3.5008538e-01
 -1.2554339e+00
 -1.8410884e+00
  1.0979831e+00
  1.2929739e+00
 -1.0316665e+00
  1.7015445e+00
 -7.1108925e-01
  2.7872719e-02
 -1.0516306e+00
 -3.4762979e-01
 -1.4840372e+00
 -9.6596915e-01
  4.9780223e-01
  1.5223073e+00
 -2.3102270e-02
 -5.9417164e-01
 -9.5400608e-01
  4.9798174e+00
 -5.7641290e-02
  1.0620182e+01
 -1.7293997e+00
  2.9200201e+00
  1.6993983e+00
 -7.7107882e-01
 -7.7375519e-01
 -2.3088293e+00
 -2.3753774e+00
  9.5257652e-01
  1.5318115e+00
  1.3160561e-01
  2.2033434e+00
  1.4205686e+00
 -1.9351122e-01
 -1.8716916e+00
  1.2540380e+00
 -1.3186871e-01
  1.2405999e-01
 -2.2643086e-01
 -4.0191336e+00
 -5.8954921e+00
  1.0920577e+00
 -6.9253963e-01
 -5.6491113e-01
  3.2765629e+00
 -1.0828003e+00
  1.2811387e-01
 -9.3657929e-01
 -6.4533824e-01
 -1.3785267e+00
 -1.0307831e+01
  6.5375930e-01
  1.5166268e+00
  5.1200671e+00
  1.6574442e-02
 -1.8889130e+00
 -1.1285977e+00
  1.2273612e+00
  3.9226505e-01
 -3.4967524e-01
  3.9656425e+00
  2.7518253e+00
  7.6382275e+00
 -3.3436799e+00
  1.5120220e+00
 -2.9975089e-01
  1.3201891e+00
  1.1968885e-01
  4.0238267e-01
  1.8426822e-01
  1.3946090e+00
 -5.0434380e+00
  1.2990683e+00
  3.4758887e-01
  4.9567431e-01
 -2.0156996e+00
 -5.6632872e+00
 -1.2186128e+00
 -6.0420456e+00
 -2.5859094e+00
  9.4854441e+00
 -1.0414159e+00
 -2.2846842e+00
  4.6462491e-01
  1.1335258e+00
  1.2883511e+00
 -1.7928315e+00
 -9.0804923e-01
 -1.4422241e+00
  1.9871147e+00
  4.9766710e-01
 -3.6258683e+00
  6.9163233e-01
 -7.6310664e-01
  2.5331238e-01
  2.6076462e+00
  1.6238356e+00
 -1.8919332e-01
  2.4844956e+00
  8.6555213e-02
 -6.0285873e+00
 -2.7772698e-01
 -5.2604288e-01
 -1.4456779e+00
  2.4818332e+00
 -8.0913889e-01
 -6.3476696e+00
  1.8488419e+00
 -2.6921685e+00
  6.8843585e-01
 -2.4729826e-01
 -2.7296553e+00
  1.0662946e-01
 -3.1788237e+00
 -9.3200982e-01
 -2.6155439e-01
 -1.5661192e+00
  1.9759583e-01
 -1.3072180e+00
  1.2972858e+00
  3.3581012e-01
 -2.2326956e+00
  1.2412884e+00
  1.1773059e-01
  2.9842243e+00
  4.4925651e-01
  3.5058861e+00
  1.5505284e-01
  3.5921136e-01
  1.3298242e+00
 -3.1256920e-01
 -1.1945568e+00
 -7.5126433e-01
 -1.1801850e+00
 -8.7524998e-01
 -3.2621977e-01
 -2.9443446e-01
  2.5756974e+00
  2.3071384e+00
 -8.6207646e-01
 -3.2377782e-01
  2.0593278e+00
 -2.4396138e+00
 -5.8718791e+00
  4.9665526e-01
 -4.0959045e-02
  5.2995110e+00
 -2.1801863e+00
 -4.8186955e-01
  1.4664838e-01
 -1.6332220e+00
 -2.7462995e+00
  2.5906360e+00
 -1.6371555e+00
 -1.8427591e+00
  1.6446202e+00
  9.0241301e-01
  6.6156942e-01
  1.3976220e+00
 -2.4756125e-01
 -1.7488152e+00
 -4.0949283e+00
 -4.8363686e+00
 -1.1846490e+00
 -4.3049131e-02
 -4.6751276e-01
 -5.0555987e+00
 -2.3765223e+00
  4.6766931e-01
  4.0491506e-01
  2.1547751e+00
 -1.1045636e+00
 -7.8962388e+00
  2.3148789e-01
 -1.2559761e+00
 -5.2802324e+00
 -1.6517284e+00
  2.2374482e+00
 -2.2463758e+00
 -7.7528920e+00
  1.2719822e+00
  2.5935338e+00
  2.1972523e+00
  4.7932801e-01
  3.2579834e+00
 -1.5271240e+00
  9.3082726e-01
 -1.1169034e-01
  1.7843638e-01
 -1.4855053e+00
  1.7524104e+00
 -7.5486290e-01
  2.0412297e+00
  8.5391688e-01
  2.4751265e+00
  4.5294971e+00
 -1.4682052e+00
 -1.6257083e-01
  1.0679682e+00
  1.6719466e+00
  6.0346383e-01
  3.0780206e+00
  1.2471967e+00
  3.7390156e+00
  4.7298837e+00
 -6.3287807e-01
 -3.5829597e+00
 -2.3546609e-01
  5.8206815e-01
 -9.8602791e+00
  8.8389283e-01
 -4.9306652e-01
  3.9274387e+00
  1.8425756e+00
  5.7295547e+00
  1.0739845e+00
  7.9274759e+00
 -1.1894019e+00
  4.5947452e+00
  4.6016798e+00
  1.2373450e-01
  1.1853340e+00
  2.7325881e+00
  3.8805904e+00
 -1.8679861e+00
  1.1790493e+00
  6.6852051e-01
  8.0404574e-01
 -5.4680556e-01
 -4.0782189e-01
 -2.5615516e+00
 -5.0998956e-01
 -1.0324841e+00
  5.5864267e+00
 -6.2577133e+00
 -2.3248754e-01
 -4.1215076e+00
 -2.1188815e+00
 -1.3375666e+00
 -5.0875354e+00
  6.8194425e-01
  3.9122829e-01
  2.2583365e+00
 -3.5274656e+00
  1.2469393e-01
 -9.5429832e-01
  6.0617512e-01
 -4.4893202e-01
  1.3317114e-01
 -1.1440731e-02
 -1.0577679e+00
  3.6202140e+00
  2.4765308e+00
  2.0879014e+00
  3.9438954e-01
 -8.7454611e-01
  2.8560405e+00
 -4.5626721e-01
  2.1982074e+00
  1.5848417e+00
 -5.3129883e+00
  3.2268431e+00
  5.0645518e+00
 -1.5729190e-01
 -1.0206645e+00
 -3.3475957e+00
  3.5923548e+00
  8.2193336e+00
 -1.3258156e-01
  4.0734787e-02
 -9.1350198e-01
 -1.9401846e-02
  1.6538725e+00
 -1.9510708e+00
  6.3667421e+00
 -4.3888927e+00
  1.4428255e-01
 -2.4320767e+00
 -1.0060557e+01
 -5.5953007e+00
 -4.4475174e+00
 -2.1220200e+00
 -2.0719993e+00
 -1.1033378e+00
 -1.4746976e-01
 -1.2139750e+00
 -1.6467706e+00
  6.9140096e+00
 -7.2931951e-01
  3.7355688e+00
 -9.1478682e-01
 -3.1459966e+00
 -1.2534341e+00
 -6.1784530e+00
 -3.9341624e+00
 -6.3379335e+00
  3.1384666e-02
 -4.4076738e+00
 -1.2880975e+00
  3.2962510e-01
 -2.7850280e+00
 -5.6314290e-01
 -1.5161288e-01
 -5.2163486e+00
 -1.8958985e+00
  1.3191139e+01
  1.6576825e-03
  4.3664436e+00
 -1.4313501e+00
 -2.7669520e+00
 -8.4300822e-01
 -4.1882497e-01
 -2.4641740e+00
 -2.4194191e+00
 -4.3152919e+00
 -1.6744272e+00
 -4.5618176e+00
  3.0863831e+00
  5.4150343e+00
  2.9869723e+00
  2.0423196e-03
 -3.6953661e+00
  5.9107709e+00
  1.4465232e-01
  1.4883703e+00
  8.9079589e-01
 -4.5350116e-01
 -2.1335726e+00
  1.0353233e+00
 -5.0368867e+00
 -2.6241004e-01
  6.2906539e-01
  4.6448755e+00
  7.9301512e-01
  1.7403316e+00
 -1.0538142e+00
  3.5549751e-01
  2.1118991e+00
  2.9277296e+00
  2.7783802e+00
 -2.9443178e+00
 -1.0552990e+01
  7.2859055e-01
  5.5151266e-01
  1.1075298e+00
 -5.6326669e-01
  3.0055718e+00
 -2.8601875e+00
 -9.1040069e-01
 -9.3076944e-01
 -1.7163783e+00
  4.1826229e+00
  4.4035211e-01
  2.9665289e+00
 -4.8880306e-01
 -1.5173972e-01
 -9.6856523e-01
  3.0365345e+00
  1.9840554e+00
 -6.0186162e+00
  1.0509057e+00
  4.9646339e+00
 -4.2397246e+00
 -6.5036124e-01
  4.0611982e+00
  5.2402163e+00
 -3.3494651e-01
  3.0108299e+00
  4.2500339e+00
  2.6433995e-01
 -1.5718880e+00
  7.2468024e-01
  1.9857180e-01
 -1.3223273e+00
  4.7131652e-01
  1.8962938e+00
 -1.2458701e+00
  8.8455992e+00
 -2.7201581e+00
 -3.4805121e+00
  2.9198437e+00
 -1.9621298e+00
  4.5283085e-01
  3.3073406e+00
  4.1045799e+00
  6.7674381e-01
  1.1590733e+01
  9.9437559e-01
  5.8634424e-01
  3.0540314e-01
  2.2786896e+00
 -1.4327798e+00
  2.8851931e+00
  1.7667228e-01
  5.6520133e+00
 -8.8614774e-01
 -2.1370564e+00
 -5.0849810e+00
 -7.8391948e+00
  6.2569499e-01
 -1.3804628e+00
  5.5018336e-01
 -3.4070709e+00
 -6.1478555e-01
  8.6381698e-01
  8.5629101e+00
  6.5995967e-01
  2.2216647e+00
  2.3201401e+00
 -5.7216983e+00
  5.6830368e+00
 -1.4523827e-02
  5.6055862e-01
 -2.7389112e+00
  5.3721261e-01
  4.3932714e+00
  1.8865067e+00
  1.0512049e-01
 -4.6479598e-01
  3.3919814e-01
  1.2948506e+00
 -2.8497344e-01
 -2.7166352e+00
 -1.3110483e-01
 -3.5654371e+00
 -6.0325801e-01
 -2.6913297e+00
 -2.9604883e+00
 -9.6160531e-01
 -1.2207074e+00
  1.2068347e+00
 -1.6170636e+00
  4.2272925e-01
  1.6814827e+00
  3.8001699e+00
  8.0812794e-01
 -3.2102766e+00
  5.9870231e-01
  1.4702749e+00
  2.9966254e+00
  3.0017116e+00
 -3.0193267e+00
 -7.8166294e-01
  4.7738990e-01
  1.0669239e+00
 -1.4053015e+00
 -5.4340128e-02
 -1.2042921e+00
 -9.9601008e-02
 -8.3989364e-01
 -1.3254622e+00
  5.0436676e-01
  2.5934699e+00
  3.3135223e+00
 -1.1392019e-01
  6.3833499e-01
 -3.9789060e-01
  2.8428526e+00
 -1.6329094e+00
  6.4497411e-01
  3.8972726e+00
  2.3976059e+00
 -1.3748400e-01
  3.1884563e+00
  1.5984510e-01
  6.0567698e+00
 -1.7904354e+00
 -3.7947257e+00
 -1.0305564e+00
 -1.6551361e+00
  8.1014588e-02
  1.4324644e+00
  2.3313586e-02
  1.5777969e+00
  8.1745511e-01
 -3.4271667e+00
 -4.3472239e-01
 -9.7506978e-02
  9.5052433e-01
  2.6037245e+00
  2.7863374e+00
  1.3107378e+00
  2.6696149e-01
  6.2784181e+00
  3.0118949e+00
  3.4608653e+00
 -1.9339587e-01
 -2.7259853e+00
 -6.9079095e-01
 -2.3492169e+00
  1.2687415e+00
  6.3689999e-02
 -1.9188228e+00
  3.7795225e-01
 -6.5390363e+00
  1.3513520e+00
  3.5524726e+00
 -1.1818966e+00
 -1.4360489e-01
  4.9499330e-01
  1.8800239e-01
 -3.2541174e-01
  1.1331556e+00
 -7.0337725e-01
 -9.2255068e-01
  2.5595176e+00
  6.7191994e-01
 -1.2423518e+00
 -1.9757718e-01
  1.6169993e+00
  2.3494351e+00
  6.7585540e+00
  4.8242192e+00
 -1.6212120e+00
 -2.2422609e+00
 -5.4117212e+00
 -4.9885840e+00
  3.8338542e-01
 -2.1034266e-01
  4.4913507e-01
  3.0053372e+00
  2.2165256e+00
 -6.1688404e+00
  3.2747254e+00
  6.7281952e+00
  1.0670094e+00
 -8.7294750e+00
  9.1510850e-01
 -2.0082071e+00
 -1.4441322e+00
 -5.3497324e+00
  1.4049627e+00
  2.3822145e+00
  1.3604628e-01
  1.6780757e+00
 -1.6051728e+00
  2.0937970e+00
 -4.4804487e+00
  1.0267425e+00
 -3.3001184e+00
 -1.3954504e+00
  6.2620294e-01
  1.3211348e+00
 -2.7436244e+00
 -2.4077947e+00
 -7.7726144e-01
  2.5779531e+00
  2.5443654e+00
 -9.7486293e-01
  1.4762092e+00
 -1.0847417e+00
  1.0654746e+00
 -1.0851682e+00
  2.5318277e+00
 -9.3744266e-01
  1.4539735e+00
 -1.5575567e+00
 -5.7121725e+00
  4.5916753e+00
  1.1718885e+00
  4.7647510e+00
  3.6593606e+00
 -6.2334937e-01
  3.1018436e+00
 -1.4127928e+00
  1.4865419e-01
 -4.0198026e+00
  2.4001694e-01
 -4.5847544e-01
  1.1615831e+00
  5.1120205e+00
  2.2981572e+00
  1.1622382e+00
 -1.6643126e+00
 -3.1456999e-02
 -5.2044554e+00
 -4.6236959e-01
  2.6452014e+00
 -1.1677965e+00
 -2.6545870e+00
  2.9165013e+00
  9.5656204e-01
  1.8861686e+00
  6.3049398e-02
 -4.3845520e+00
  2.0781980e+00
  7.0380673e+00
  1.4758408e+00
 -1.8691434e-01
  3.9540893e-01
  2.6025798e+00
  4.1520515e-01
  5.0444860e+00
 -3.1179614e+00
 -5.0199562e-01
  5.0171548e-01
 -5.7524300e+00
  1.7857569e+00
  1.8049529e+00
 -1.9892780e+00
  8.7538376e-02
 -2.7102726e+00
 -9.9552746e+00
 -2.1446805e+00
 -1.1961380e-01
  3.2305520e+00
  1.4180195e-01
  5.8943413e-02
  3.0610816e+00
 -1.1101503e+00
 -2.3145871e+00
 -1.3267144e+00
 -1.2835410e+00
  4.8293414e+00
 -6.6112852e-01
 -2.3036607e-02
 -2.1553702e+00
 -3.7699680e+00
 -2.2054617e+00
 -2.1030495e+00
 -7.7989507e-01
 -8.4220105e-01
  2.7662511e+00
  1.5144946e-01
 -1.9707249e+00
 -4.1735773e+00
 -3.1556126e-01
  1.2998829e+00
 -5.3221188e+00
  1.2561378e+00
  2.6056118e+00
  4.6256695e+00
  1.9102666e+00
  2.8424380e+00
  7.2174579e-01
 -9.8426664e-01
  2.6165771e+00
 -7.8398335e-01
 -4.2288408e+00
 -1.0458465e+00
 -3.6968231e+00
  6.8155308e+00
 -9.6639031e-01
  1.0392296e+00
 -1.7633713e+00
  2.8670983e+00
 -7.8716725e-01
  2.8090081e+00
  1.7135900e+00
  5.4287577e+00
  1.0119677e+00
 -1.0085038e+00
 -3.9729768e-01
  1.0432434e+00
  1.8188306e+00
  9.9451050e-02
 -4.0526214e+00
 -4.4643193e-01
  1.1420987e+00
 -2.5199568e-01
 -5.9429103e-01
 -2.1628484e-01
 -7.8549081e-01
 -5.1692728e-02
 -7.5403792e-01
  8.4923226e-01
 -3.9749763e+00
  2.3469818e+00
 -6.8817377e-01
  3.3232172e+00
  2.4042201e+00
 -1.8106799e+00
 -1.1382685e-01
  6.4854272e-02
 -1.4230822e+00
 -3.1038320e+00
  7.0658910e-01
 -1.2472616e+00
  2.4397860e+00
  5.2466865e+00
  3.0287271e+00
 -8.7626673e-02
  2.3076265e+00
 -3.8580236e+00
  7.4124676e-01
  1.8626301e-01
 -1.3039780e+00
 -3.0758566e-01
  7.1775589e+00
 -2.3875906e-01
 -9.5726645e-01
  4.3466347e-01
 -1.1710315e-01
 -4.4146743e-01
 -2.6760240e+00
  1.9411050e-01
  4.8537865e+00
  2.2072320e-01
 -2.4163661e+00
  2.3727410e+00
 -1.0665154e+00
 -1.3534509e+00
  9.8531538e-01
  1.2219069e+00
  6.0241884e-01
 -4.6266031e-02
 -2.2567527e-01
  2.1936387e-01
 -3.1430173e+00
  2.5435250e+00
  9.1256638e+00
  1.9782302e+00
 -5.5393362e+00
  3.7480271e-01
  5.4565579e-02
  1.0412046e+00
  9.9182945e-01
 -3.0238673e-01
  2.4381552e+00
  1.1889738e+00
 -1.1386869e+00
  2.0792367e+00
 -1.5086523e+00
 -1.8186496e-01
 -3.0925484e+00
 -6.3319468e-01
  8.5143022e-02
 -9.4679320e-01
  1.1463197e+00
 -8.8686711e-01
  8.9523457e-02
  3.1843081e-02
  1.8968703e-01
 -3.4953436e-01
  5.8626133e-01
 -6.2388033e-01
 -8.1953895e-01
 -3.2804370e+00
  2.7687114e-01
 -3.8489914e+00
  1.6280477e+00
 -1.4776884e+00
  7.9010004e-01
 -1.0031353e+00
 -3.3169799e-02
 -8.0413854e-01
 -2.3903775e+00
 -2.0311096e-01
  1.2678087e+00
 -6.2158937e+00
  6.0309963e+00
  5.4640549e-01
 -1.2604170e+00
 -4.4386868e+00
 -3.8491731e+00
  1.4126812e+00
  3.1001527e+00
  1.5385804e+00
 -1.7891256e+00
  6.5632076e+00
 -2.7897325e+00
  1.8720011e+00
 -1.5289997e+00
 -1.2562294e+00
  2.4128199e+00
  7.4189320e+00
  2.1557016e+00
 -4.8800888e+00
 -2.3421401e-01
  3.0500934e+00
  3.2201061e+00
  8.0158573e-01
 -7.1936860e-03
 -2.5156873e-01
 -2.5483480e-01
 -1.0702880e-01
  5.7884717e-01
  1.1710899e+00
  4.8370129e-01
 -9.5617074e-01
  3.0151753e+00
 -2.5571132e+00
  6.7960791e-02
  1.0686331e+00
  8.4590137e-01
 -1.6841578e+00
 -1.2088687e+00
  1.7011167e+00
 -3.5803978e+00
 -1.9944805e-01
  4.1198707e+00
  2.0812058e+00
 -1.5542781e+00
  1.2760144e+00
  4.7149590e-01
 -2.5848201e-02
 -9.9135482e-01
 -3.6413510e+00
 -4.1633013e-01
  3.2121548e-01
  1.1888135e+01
  1.2778741e+00
  3.1834826e+00
  3.9493165e+00
  1.1250843e+00
  4.4424203e-01
  2.5591764e+00
 -1.3837305e+00
 -3.3594385e-01
 -3.7114780e+00
  6.7612207e-01
 -3.9329669e+00
 -2.1793300e-01
  1.6770376e-01
  1.6168807e+00
 -1.2670176e+00
 -2.6603379e+00
  1.7337911e+00
 -2.2923536e+00
 -3.3554012e-01
  6.7188816e+00
  7.4682558e-01
  5.7894573e+00
  7.0219189e-02
  1.7981467e+00
  2.9619918e+00
 -9.7999853e-01
  9.1339535e-01
  4.6733317e+00
 -1.2761240e+00
 -6.2245393e-01
  4.5904875e+00
 -2.9725099e-03
  2.8234425e+00
 -2.9904528e+00
  1.5182756e+00
  4.4412966e+00
 -7.2174609e-01
 -1.4555140e-01
 -2.7332345e-01
 -1.0470036e+00
  5.7690251e-01
 -3.9431767e+00
 -5.3510199e+00
 -3.9247396e+00
  5.1981997e+00
 -1.9464447e+00
 -1.0072392e+00
  2.4034650e+00
  1.3581069e+00
 -1.8324420e+00
  3.6175821e+00
 -5.4503584e-01
 -2.9592416e-01
 -4.2214468e-01
 -1.3263741e+00
 -3.8189783e+00
  1.9786017e+00
  1.1509551e-01
 -2.6559629e+00
 -1.8014669e+00
  8.7934136e-01
 -3.9897153e+00
 -8.6744099e+00
 -1.0455348e+00
 -1.1779108e+00
 -8.3680801e+00
 -2.5040030e-01
 -1.5571483e+00
  1.1530112e+00
 -6.0974927e+00
  1.3418298e+00
 -1.7053007e+00
  9.4598377e-01
  2.2408667e+00
  1.0250622e+00
  3.2791736e+00
  3.3255370e+00
  4.0986383e-01
 -9.7814178e-01
 -3.2758689e-01
  5.6639218e+00
 -4.9349051e+00
  4.5796518e+00
  1.3263243e+00
 -1.0181036e+00
  4.2878218e+00
  2.0136991e+00
  1.3824506e+00
  4.1678877e+00
 -4.0040135e+00
  7.6041836e-01
 -6.7119684e+00
  2.8854229e+00
  3.2066482e-01
  2.1938226e+00
  1.6228576e+00
  2.9617685e-01
  4.0105352e+00
  1.0873902e+00
  8.3304805e-01
  9.0745836e-01
  3.5591278e+00
 -1.8842730e-01
 -5.3729033e-01
  1.1535375e+00
  1.8059747e+00
 -6.3453096e-01
 -4.4886546e+00
  3.6621628e+00
  1.4838997e+00
 -5.4806978e-01
 -2.3062658e-01
 -1.2148290e+00
  3.1373212e-01
 -2.1529360e+00
 -1.3498250e-01
  3.7335987e+00
 -3.3459926e-01
 -9.7598052e-01
  1.4622325e+00
  2.0831385e+00
 -4.4646573e-01
  2.0318143e+00
 -1.2084190e+00
 -1.7213337e+00
 -2.9460270e+00
 -1.5285484e+00
 -1.0297722e+00
 -7.2521532e-01
  2.3402796e+00
 -7.4275241e+00
 -1.7152622e-01
  9.5890188e-01
 -1.4716363e-01
  3.9316382e+00
 -1.8846536e+00
 -1.6914099e-02
 -1.3776243e-01
  2.1764500e+00
 -2.6829119e+00
  4.9586143e+00
  3.6082990e-02
  4.9256158e+00
 -3.4229395e+00
 -8.8019145e-01
 -2.8234158e+00
  1.3131891e+00
  1.1604482e-01
  2.1467450e+00
  2.8420532e+00
 -3.4304759e-01
  9.4621342e-01
  1.4826512e+00
  4.7347806e-02
  5.7387662e-01
 -8.7092870e-01
  2.3003151e-01
 -4.4436389e-01
 -1.1622803e-01
  1.3692763e+00
  4.2643055e-02
  4.3876195e+00
  4.6363549e+00
  1.0514565e+00
  2.5804274e+00
 -6.9775343e-01
  4.6065316e-01
 -6.2619764e-01
  5.1098514e+00
 -2.4173293e+00
 -6.2817156e-01
 -6.8793068e+00
 -2.4114096e+00
  2.9319146e+00
  1.7776812e+00
  1.5552303e+00
 -1.7487776e-01
  1.4395931e+00
  4.1098547e-01
  3.0955653e+00
  1.3316716e-03
 -5.7127433e+00
 -1.0127760e-01
 -2.2273846e+00
 -1.5015815e+00
  3.1661992e+00
 -9.9817038e-01
 -2.0353971e+00
 -2.2000349e+00
  2.3290036e+00
  4.5977788e+00
 -2.1705527e+00
  1.0265652e+00
  3.0401509e+00
  1.1333045e+00
  2.1905675e+00
  8.2640553e-01
 -6.7988024e+00
  6.1697812e+00
  6.9448757e-01
 -5.5522957e+00
  2.5311682e+00
  1.7323824e+00
 -7.0694818e+00
  2.6331565e+00
  4.1916329e-01
  2.6334097e+00
 -1.3831547e+00
  7.2362125e-01
  2.9925206e-01
  5.6342030e-01
 -2.2450044e+00
  2.2279201e+00
  2.0095053e+00
 -2.2405524e+00
  3.2668912e+00
  5.2328223e-01
  7.8470713e-01
  8.5772257e+00
  3.4018648e+00
  9.4695741e-01
  3.3068493e-01
  1.7825783e+00
  1.1086178e+00
  9.7532187e+00
 -2.3163877e+00
 -1.3898019e-01
  2.7341373e+00
 -1.8597910e+00
  1.0652940e+00
  1.9080415e+00
  3.9173861e+00
  1.4460827e-01
  1.8451227e+00
 -7.3833251e-01
 -3.3260834e+00
 -6.6109095e+00
 -2.8290396e+00
  5.7873476e-01
  1.7633909e-01
 -6.4944897e+00
 -5.1831870e+00
 -2.2764354e+00
  4.1191282e+00
 -3.9213364e+00
 -6.5674829e+00
 -1.7720101e+00
 -4.7950006e+00
  7.8915113e-01
  3.1021745e+00
  3.4912083e-01
  2.5959316e-01
 -1.0473894e+00
  6.1146295e-01
  8.3306134e-03
 -1.6374989e+00
  7.6545733e-01
  4.6290079e-01
 -1.6142426e+00
  9.4040173e-01
 -3.8486016e+00
 -6.6725719e-01
  3.0447819e+00
  1.7379853e+00
  5.4534686e-01
  2.0376294e+00
  4.3552715e-01
 -1.6913202e-01
 -9.6848333e-01
 -6.1956781e-01
 -4.9429545e+00
  5.4587275e-01
  9.4582999e-01
  1.9492892e+00
  3.1234398e-01
  5.8075702e-01
  2.2422144e+00
  2.2037129e+00
 -8.0340993e-01
 -3.8079655e-01
  1.0359675e+00
  1.1086395e+00
  5.3410399e-01
  1.0763183e+00
 -2.0290659e-01
 -1.9610040e+00
 -4.8274964e-02
 -1.3056990e+00
  9.6409023e-02
  5.2923471e-02
 -1.0928117e-01
 -4.5326647e-01
 -2.7224998e+00
 -2.1100373e+00
 -4.5888576e-01
  1.7389793e+00
 -1.9570992e+00
  3.4828904e-01
 -9.4386134e-03
  3.0203319e-01
  1.6399111e+00
 -1.7103450e+00
 -7.2229600e-01
  1.4960554e+00
 -1.1022169e-01
  1.9399796e+00
  3.5893250e+00
  1.7779809e+00
 -6.5265143e-01
 -8.8625215e-02
  6.2254624e+00
 -4.8480943e-02
 -2.7240281e+00
  3.2229900e+00
 -6.0314803e+00
 -5.6657249e-01
 -2.3114301e-01
  8.6441934e-01
 -2.1455126e-01
 -2.0587299e+00
  1.2035968e+00
  1.5569988e-01
  8.1735077e+00
  2.5645304e-01
 -3.3475783e-01
  7.8132647e-01
  2.5346761e+00
 -1.5205188e+00
 -8.4190315e-01
  1.9260335e-01
  5.9074597e+00
  1.1581814e+00
 -1.8590487e+00
  2.8883419e+00
  3.0534515e+00
  1.2384015e+00
 -2.6677036e+00
  1.8702195e+00
  7.4251628e-01
  9.7199571e-01
 -3.4979790e-02
 -6.9021344e+00
 -1.1380115e+00
 -2.0038624e-01
 -1.5177873e-01
  1.2768421e-01
  1.7065687e-01
 -7.3409402e-01
 -1.0748440e+00
 -6.1756647e-01
  5.1706877e+00
  1.7056053e+00
  6.4762955e+00
  8.1051674e+00
 -6.7857856e-01
 -4.5919390e+00
  2.3713808e+00
 -1.4887755e+00
  3.1747189e-01
 -1.6376898e+00
 -1.6472801e+00
  4.8595935e-01
 -7.0068026e-01
  1.0844706e+00
  3.4342670e+00
  1.3938704e+00
  9.9539679e-01
  1.4805993e+00
 -9.5677584e-01
 -5.8881245e+00
 -4.6632728e-01
 -4.3946762e+00
 -7.6320559e-01
  2.8600228e+00
 -5.4271379e+00
 -9.2273211e-01
  2.3674595e+00
 -2.9854364e+00
  8.6063939e-01
  5.4330879e-01
  4.3432567e-01
 -1.0173002e+00
 -7.3227751e-01
 -6.1110741e-01
  4.5952096e+00
  6.7034161e-01
  3.2665749e+00
 -4.9425781e-02
 -1.2662764e+00
  1.1886860e+00
  5.8037031e-01
  8.6500889e-01
 -2.6625233e+00
  6.5230832e-02
  5.8254486e-01
 -3.5908058e-01
 -1.7104032e+00
  7.4820179e-01
  3.3305798e+00
 -2.9035303e-01
  3.2873952e+00
 -2.6875687e+00
  1.6812755e-02
  1.2238291e+01
 -6.6475873e+00
 -3.0729203e+00
  8.1223357e-01
 -1.9802086e+00
  2.2683065e+00
 -1.5560287e-01
  6.0274518e-01
  1.2634212e+00
  3.7907270e-01
 -8.8430446e-01
  4.0928611e-01
 -1.1320893e-01
 -7.1608585e-01
  4.5727186e+00
 -1.2819041e+00
  4.3342909e-01
 -1.9083996e+00
 -1.0415189e+00
 -1.6049457e-01
  1.5803199e-02
 -6.2622213e+00
 -1.4112883e+00
  2.9481873e-01
  1.9544353e-01
 -1.2353324e+00
 -1.4741877e-01
 -9.3741739e-01
  1.8961430e+00
 -5.4953489e+00
 -4.0879645e+00
  1.6678308e-01
  1.8208976e-01
 -9.1336451e+00
  1.2811093e-01
 -7.1943355e-01
 -3.1045561e+00
  6.3599521e-01
 -2.9697249e+00
  5.6177057e-02
  1.0793374e+01
 -6.3611655e+00
  3.3496771e+00
  6.7394691e+00
 -3.0119328e+00
  2.4563566e-01
 -2.7820985e+00
 -1.9755116e+00
 -2.6398487e+00
 -8.8352019e-01
  1.3873024e+00
 -2.0227330e+00
 -3.6904638e+00
 -1.7542176e+00
 -1.6963905e-01
 -2.5015349e+00
  2.5557549e+00
 -1.9953246e-01
  7.0197883e+00
  3.3806118e-01
  2.0881915e+00
 -2.8009241e+00
 -1.2897775e+00
 -3.5576242e-01
  4.2496567e+00
  3.2366798e+00
  5.4049027e-01
 -4.4381607e-01
 -7.6481342e-02
  1.5052909e+00
 -3.0951741e+00
 -5.3061712e-01
 -2.3453624e+00
  1.8717408e+00
 -4.9344701e-01
  4.4031024e+00
 -1.8954784e+00
 -3.9156733e+00
  5.9600648e-02
 -1.5951411e+00
  2.8604014e+00
 -2.1140800e-01
  6.3675308e-01
 -5.7590718e+00
  7.5831538e-01
 -1.6481873e+00
 -3.4722534e-04
  1.2739805e+00
  3.9493179e+00
 -3.0800490e+00
  3.0602898e-02
  3.0183377e-02
 -5.0992436e+00
  3.1524667e-01
 -6.8203157e-01
 -1.1400162e+00
 -4.1438146e+00
 -3.8270622e-01
 -8.8356640e-03
  7.2791743e-01
  8.5791421e-01
  1.4096346e+00
 -7.0656508e-01
  1.1843276e+00
  1.9313828e+00
  1.0029403e+00
  4.9825124e-02
  8.3179730e-01
  1.4364182e+00
 -2.9762249e+00
 -1.1521617e+00
  5.3652501e+00
  6.8276085e-02
 -1.8234080e+00
  4.9029241e+00
 -2.4426434e+00
 -1.3992399e+00
  2.2216541e-01
  1.0411751e+00
 -1.1714708e+00
 -3.1727200e+00
 -4.5491505e+00
 -1.5441085e+00
 -3.4991531e+00
 -1.5504080e+00
  6.9258265e-02
 -1.2325305e+00
  2.4581831e+00
  4.1095076e+00
  2.9346243e-01
  3.0230191e+00
 -1.4349049e+00
  3.9584031e+00
  3.4116516e+00
 -6.0285878e-01
 -4.6781597e-01
  7.0546627e+00
  1.0704918e+00
  6.2574756e-01
 -3.7540919e-01
 -4.8474583e-01
 -8.7092742e-02
  3.4427760e+00
 -7.7342111e-01
  2.4072068e+00
  7.1573148e+00
  1.4108913e-01
 -2.3319535e+00
  2.9733477e+00
  6.7181259e-01
 -8.9251447e-01
 -2.5813124e+00
 -6.6419921e+00
  2.5939536e+00
 -6.7539377e+00
  3.7168655e+00
 -2.6397340e+00
  3.2558066e-01
 -9.3705769e+00
 -7.2589606e-01
  2.6234798e+00
 -6.0528321e+00
  3.6671606e-01
  1.3696198e+00
  3.0948513e+00
  5.2070241e+00
 -2.7013719e+00
 -2.3116022e-01
  5.0527126e-01
 -4.0474114e+00
 -1.1746880e-01
 -1.3866062e+00
  6.3295441e+00
  2.6445484e+00
  1.8311329e+00
  1.2363398e+00
  2.0857866e+00
 -3.8302207e+00
 -1.9816734e+00
 -5.3508043e-01
  1.9781233e-01
  1.5172915e+00
 -1.0770822e+00
 -2.3355156e-01
  4.8964798e-01
 -3.1893787e-01
 -6.7794490e-01
 -1.9777449e+00
  6.5673900e-01
 -8.3105874e-01
 -2.4175496e+00
 -5.5846220e-01
 -5.2160444e+00
 -2.3210599e+00
  1.2040295e-01
  5.3293788e-01
  1.4262820e+00
  7.1493077e+00
  4.3386149e+00
  8.8806850e-01
  4.0212641e+00
  4.4881701e-02
  3.2792442e+00
  3.5207775e+00
  1.0124979e+00
  8.5084490e-02
 -1.2664270e+00
  1.4670646e+00
  4.2272466e-01
  3.0921999e-01
  3.3773217e+00
 -4.4009213e+00
 -1.2527674e+00
 -2.1038485e+00
 -2.5355467e-01
  1.1704329e+00
 -4.2545238e+00
 -1.4528553e+00
 -1.3965483e+00
 -8.7593310e-02
 -1.2751013e+00
  2.3160942e+00
 -6.6458726e-01
  2.3945286e+00
 -1.4885828e+00
  4.1544044e-01
  2.8607450e+00
 -5.4229164e-01
  2.2077933e-01
  5.2168852e-01
  1.6039902e+00
 -6.1294317e-01
  4.8493500e+00
  3.4006398e+00
  1.0416281e+00
 -5.7157741e+00
  4.6401918e-01
  3.7967175e-01
  5.4556942e+00
  1.7807802e+00
  7.6098614e+00
  1.1276583e-01
  9.1757053e-01
  6.2582529e-01
  4.3935105e-02
  7.4165881e-02
  3.8075511e+00
 -1.3416162e+00
 -3.2745438e+00
 -2.0074159e-01
 -5.4899292e+00
 -2.9240813e+00
 -5.6163341e-01
 -1.7576027e+00
  2.0042865e+00
 -1.8162478e+00
  9.3818355e-01
 -1.6857050e-01
 -3.5802114e+00
  1.8553432e-02
  2.6783329e-01
 -9.2850304e-01
 -5.1158780e-01
 -6.6761833e-01
  1.2729583e+00
 -6.1526757e-01
 -2.0139804e+00
 -1.9067786e+00
 -3.8393216e+00
 -1.6560181e+00
  4.8653755e-01
 -6.8370691e-03
  3.7445776e+00
 -2.7476764e+00
 -4.2113829e-01
 -3.1769874e+00
 -3.0612278e+00
  2.9273303e+00
  3.7975818e-01
 -2.7672416e-01
  1.4011576e+00
 -1.8325120e+00
 -3.0613430e+00
 -9.7621977e-01
  3.2764814e+00
  7.4882859e-01
 -1.8708038e+00
 -2.4323219e-01
  3.2065113e+00
 -1.8105344e+00
 -2.9252565e+00
  1.6428187e+00
  2.4250953e+00
 -4.5971599e-01
  3.0067983e+00
 -2.1791193e+00
  2.2076507e-01
  4.4568747e-01
 -2.3776839e+00
 -2.3962115e-01
  4.8622433e-02
  1.3605657e+00
 -1.0242649e+00
 -5.8604889e+00
  2.8621042e+00
 -1.2587658e+00
 -1.4393358e-01
  3.2472224e+00
  1.5653327e+00
  3.1450757e-01
  1.2396235e+00
 -2.2027676e+00
  1.6185619e-01
  8.9059211e-02
 -3.5218337e+00
  8.2146627e-01
  2.0814104e+00
 -6.3406497e-01
  2.7065179e+00
 -8.4981322e-01
  1.7274834e+00
  3.1743271e+00
  6.0709167e-01
  8.0045567e+00
 -4.0669909e+00
  3.6049170e+00
  2.5733626e+00
  1.0138832e+00
  2.6168387e+00
 -1.6215141e+00
  2.3913734e+00
  2.4781325e+00
 -5.4866095e+00
 -5.1347647e+00
 -9.8430281e+00
  9.4672531e-02
 -6.3465114e+00
 -2.4243550e-01
 -4.6955162e-01
  6.5119684e-01
 -3.1883051e+00
  4.8723790e-01
  5.1062316e-01
 -3.4767175e+00
  3.7666988e-01
  4.9036422e+00
  4.0689296e-01
  1.0353641e-01
  6.8070757e-01
  3.7753902e-02
 -3.0410978e-01
  6.8224035e-02
  5.1666415e-01
  2.9825190e-01
 -2.5002151e+00
 -7.3865682e-01
 -3.8808122e+00
  1.4326296e+00
 -5.1618180e+00
 -7.9426537e+00
 -3.6547842e+00
  1.2555736e+00
 -1.1073270e+00
 -2.8743848e-01
  7.7852853e-02
 -1.4019449e-01
  2.1129055e+00
  1.6784276e+00
 -2.2654998e+00
 -2.1374977e+00
 -2.6018388e+00
  6.9493866e-01
  9.1084409e-01
 -1.3800797e-01
 -5.3278089e+00
  2.7358146e+00
 -1.1370881e+00
 -2.3129475e-01
 -4.1789433e-01
  5.8593798e+00
  6.6013616e-01
 -1.6092733e+00
 -3.3748839e+00
 -6.7598534e-01
  8.3709359e-01
  8.5571468e-01
 -9.8175848e-01
  7.1777427e-01
  1.3192139e+00
 -2.5073590e+00
 -3.1769369e+00
 -6.6583055e-01
 -4.8211031e+00
 -4.6095815e+00
  4.5667491e+00
 -2.9754333e+00
 -5.8958139e+00
  7.5433049e+00
  2.2026706e+00
 -2.5336583e+00
  7.7847648e+00
  1.0766982e+01
  5.1602483e-01
  2.3373084e+00
  2.5050688e+00
 -1.6520010e+00
 -2.6724463e+00
 -3.1449308e+00
  3.1605089e+00
  7.4542942e+00
  4.1983805e+00
  7.0799518e-01
  1.7230558e+00
  1.2919508e+00
  3.3994224e+00
 -1.2982188e+00
 -1.1927859e+00
 -2.7810879e+00
 -1.3065701e+00
 -3.8984184e+00
  1.1213608e+00
 -3.8014981e-01
  6.9126856e-01
  8.7328583e-01
 -2.4022670e+00
 -2.2436066e+00
  1.8228999e+00
 -1.2433896e+00
  1.6614851e-01
  1.7511772e+00
 -8.4280282e-01
  2.4517534e-02
 -1.1481963e+00
 -7.6836717e-01
  8.0357099e-01
  2.2939060e+00
 -1.6368904e+00
  3.3381763e+00
 -5.1302910e-01
 -2.7691727e+00
 -1.8428034e+00
  1.9608964e+00
 -6.0959749e+00
 -2.4687921e-01
  4.2452928e-01
 -2.8534386e+00
 -9.5678411e-02
 -2.3022101e+00
  2.7841590e-02
 -7.8152800e-03
 -2.6278524e+00
  3.3775144e+00
 -4.4440189e-01
 -6.8707806e-01
  1.7566770e+00
  3.3608511e-01
  1.9783871e+00
  5.3320992e-01
 -3.8172975e+00
  1.5723406e+00
 -7.2650895e+00
  5.6385881e-01
  5.3848772e+00
 -4.1229829e-01
  8.5881603e-01
  4.1155744e-01
 -1.5236523e+00
  2.2211377e-01
 -2.0477174e-01
  3.3407879e-01
  1.4818101e+00
 -1.3661182e+00
 -3.0532089e-01
 -1.6223441e-01
 -2.9204829e+00
  1.6022881e+00
  8.9553100e-01
 -3.4626927e+00
 -2.1711915e+00
  3.3554966e+00
  3.6522421e-01
  6.6058135e-01
 -4.9836593e+00
  8.9349866e-01
 -6.5126119e+00
  3.8816890e-01
 -1.8906758e+00
 -3.4577558e+00
  2.2440195e+00
  4.3396688e+00
  2.3344667e+00
  5.4964727e-01
 -1.1774579e+00
 -1.0555065e+00
 -3.3841093e+00
 -4.9348788e+00
  1.4131070e+00
  4.1197357e+00
 -1.9999385e-01
  7.6706690e-01
 -1.5710571e-01
  1.9072058e+00
 -7.8510654e-01
 -2.2848799e+00
 -9.1291904e-01
 -1.7046949e+00
 -1.9426310e+00
  2.8645358e+00
 -3.1429428e-01
  3.7629938e-01
  8.4610116e-01
  7.8131431e-01
  1.0071647e+00
  4.9514469e-02
  1.7199360e+00
 -1.1003339e+00
 -9.3828779e-01
 -2.6118801e+00
  1.1263005e+00
 -3.1772668e+00
 -7.2176084e-02
  1.2299990e-01
  7.2389251e-01
 -1.4470246e+00
 -3.1108845e-02
  1.0818397e+00
 -1.0216409e-01
  8.7205887e-01
  8.6433423e-01
  2.6235173e+00
  1.0460459e+00
  3.3283596e+00
  2.5062046e+00
 -3.6528368e-02
  3.2364920e-02
  1.0973510e+00
 -1.1203548e+00
 -1.2019598e+00
  1.4962883e-01
  1.6274581e+00
  5.1618934e+00
  8.3281583e-01
  4.5782274e-01
  7.9050189e-01
  2.0258522e+00
 -5.6469274e-01
  8.9564049e-01
  2.1412890e-01
  1.7991711e+00
 -2.8750852e-01
  1.0560617e+00
 -3.9110391e+00
  2.8275528e+00
  6.7696571e-01
  4.2447090e+00
  5.4378259e-01
  1.6141962e+00
  4.5281506e+00
 -1.6588186e-01
 -3.1772132e+00
 -8.6592424e-01
 -2.9058903e-01
  1.9900036e+00
  2.8020968e+00
 -3.8150805e-01
 -5.1599842e-01
 -4.3138012e-01
  1.2710771e-01
  4.2619586e+00
 -2.0239236e+00
 -8.0355558e+00
  2.2225902e+00
 -3.7689700e+00
  5.8983903e+00
 -3.9108174e+00
 -3.9714234e+00
  1.3715191e+00
 -3.1816411e+00
  3.0940540e+00
  2.8502703e+00
 -4.2768827e-01
  7.9771572e-01
 -3.2685342e-01
  3.9108131e+00
  3.1264525e-02
  2.8348844e+00
  9.5527387e-01
 -1.3024898e+00
  8.6427623e-01
  6.4943892e-01
 -2.8226998e-01
 -1.4205984e+00
 -1.1152653e+00
  7.8667447e-02
  5.8694077e-01
  1.8674229e+00
 -5.9298342e-01
  1.3549961e+00
 -1.8723365e+00
 -2.3814902e+00
 -1.3193671e+00
 -1.8078082e+00
 -8.5001427e-01
 -1.0961515e+00
  1.0567541e+00
  5.0591189e-01
  1.2783087e+00
  1.0655637e+00
  2.0350972e-02
 -5.7460799e+00
  2.0768428e+00
 -7.1826446e-01
 -6.3415700e-01
 -3.1871693e+00
 -1.1220804e+00
 -1.5047114e+00
 -2.0196807e+00
  6.7741299e-01
 -5.4754877e+00
  5.2870834e-01
  2.3432918e-01
  1.2095674e+00
  2.6156504e+00
  9.3154544e-01
 -2.8860268e-01
 -3.3066759e+00
 -9.4934642e-01
  8.2769877e-01
  9.3546658e+00
  6.7165762e-01
  2.5234860e-01
 -1.2871956e+00
 -2.8792236e+00
  9.1998017e-01
 -5.0310335e+00
  4.4178680e-02
  1.9248289e-01
 -1.0571589e+01
  1.2163893e+00
  3.2071576e+00
  2.3992429e+00
  2.7711490e-02
  2.1027913e+00
 -2.9554849e+00
 -7.4133778e-01
 -7.2582879e+00
  3.7345693e+00
  2.8741038e+00
 -2.0542704e-01
 -3.2237029e+00
  1.4260126e+00
 -9.2819118e-01
 -1.8673618e+00
 -5.2729955e+00
  5.2402461e-01
 -2.0860331e+00
 -1.8907976e-01
  9.2228509e-02
 -2.3345232e+00
  2.7987180e+00
  2.8839567e+00
  1.0133128e+00
 -4.4474196e-01
  1.7874670e-01
  1.3028046e+00
  1.0987896e+00
 -9.1938496e-01
  1.1048747e+00
  1.3445197e+00
  1.4721957e+00
 -1.2472973e+00
  6.7024738e-01
 -5.1776987e-01
 -5.3839880e-01
 -1.7272551e+00
 -1.7218574e+00
  2.9374645e+00
 -5.2495995e+00
 -9.7678127e+00
 -2.2385900e+00
 -2.6721537e+00
  2.7744129e+00
 -2.9294200e+00
 -1.0774781e+00
 -6.6792641e+00
  3.2586198e+00
 -2.9913336e-01
 -2.3093505e+00
 -1.1821741e+00
  1.2567024e-01
 -2.4447560e+00
  8.9548297e-02
  1.4195861e+00
 -1.2441480e-02
  2.7156690e-01
 -2.7891499e-01
 -1.5170630e+00
  1.7071900e+00
  7.1771991e-01
  5.5049688e-01
 -3.5197083e-02
 -3.2905045e+00
 -6.3586893e+00
 -5.1783609e+00
  3.6341689e+00
  7.3450434e-01
 -9.8663831e-01
 -1.9695414e-02
  5.8086467e-01
  4.6092790e-01
 -4.3346000e-01
  1.4603797e-01
  3.9287210e+00
  2.4983338e-01
  7.9822868e-01
 -6.9117355e+00
  1.4073473e+00
 -3.2880948e+00
 -2.7220517e-02
 -1.8174678e+00
 -1.2680458e-01
  5.1881313e+00
 -2.7783401e+00
 -9.2980099e-01
  7.2013319e-01
  3.9336128e+00
 -6.2443581e+00
  1.1055585e+00
  5.4328918e+00
  2.6745436e+00
 -3.4725707e+00
  2.0989020e+00
  1.9919802e+00
  1.1506140e+00
  5.3592129e+00
  4.6186056e+00
  1.6857307e+00
  9.4727182e-01
 -4.5718875e+00
 -1.5485803e+00
 -5.7862110e+00
  4.7956565e-01
 -8.7498564e-01
 -2.2520051e+00
 -3.0175902e-02
 -8.0330461e-01
 -1.6139323e+00
 -4.2935821e-01
 -9.7394931e-01
  1.1779603e+00
  2.1383693e+00
  7.2199059e-01
  1.2115403e+00
  1.5521559e+00
 -4.0914953e-01
  7.0193332e-01
  3.7343964e-01
 -6.7598357e+00
  1.5326226e+00
  1.1993762e+00
  7.7027790e-02
  3.4825560e-01
  3.7615926e+00
  1.6203343e+00
 -8.4349549e-01
  4.9295065e-01
 -1.9451740e+00
 -4.1721096e+00
 -1.0089475e+00
  7.3968208e-01
  8.4340781e-01
 -1.5481453e+00
  2.5360286e+00
  6.5863895e-01
  1.6254531e+00
 -1.9681138e+00
  3.5229743e+00
  2.8141525e-01
  6.8465579e-01
  2.3539042e+00
 -9.5917380e-01
 -1.0335206e+00
  4.6231356e-02
  1.7185050e+00
  4.0141693e-01
 -9.0566337e-01
  2.6445898e-01
  3.6972263e-01
  1.4186122e-01
 -3.3979607e-01
 -3.0239236e+00
  2.1224809e-01
 -1.1637231e+00
  7.0316749e+00
 -3.2381067e-01
 -9.9184048e-01
  9.5614150e-02
  2.3948696e+00
  1.4183319e+00
  4.4403321e-01
 -4.2154145e+00
  8.2225156e-01
  4.4747677e+00
  6.4007074e-01
  5.3858624e+00
  5.7479954e-01
 -1.1382449e+00
  2.8297338e+00
  7.0879358e-01
  3.3968201e-01
  1.3179706e-01
 -4.0804405e+00
 -5.7071942e-01
 -4.3638399e-01
 -1.7059822e+00
  4.2834620e+00
 -3.9247882e+00
 -1.7577146e-01
 -1.3386869e-01
 -1.5399297e+00
 -9.5250583e-01
  3.2011011e-01
  5.9301138e-01
  2.7991452e+00
 -1.1407537e+00
 -1.0060296e+00
 -1.7775300e+00
 -1.5639328e+00
 -2.0075052e+00
 -3.7946711e+00
 -7.3605990e-01
  1.4508998e+00
 -4.5192933e+00
  3.5019376e+00
  1.7698268e+00
 -2.4080610e+00
  9.2486030e-01
 -3.2702854e-01
  2.3190787e+00
 -2.1831241e+00
 -1.0758142e+00
  6.3743286e+00
  1.7399859e+00
  1.4050472e+00
 -1.0685227e+00
  6.8575054e-01
  8.5488850e-01
 -1.0200981e+00
  4.5821020e-01
 -4.3000087e-01
  9.9231935e-01
  9.6021466e-02
  7.2306722e-01
 -1.7251399e-01
 -1.2007589e+00
 -3.6989492e-01
 -3.8379791e+00
  2.3984110e-01
 -4.5737779e-01
  1.7527020e-02
  3.1904840e-01
  4.3632941e+00
  1.7789217e+00
 -1.4870075e+00
  7.8601283e-01
  1.1731392e+00
  9.1169434e+00
 -1.3908499e+00
 -1.4501694e+00
 -6.0889471e-01
 -3.7108397e+00
 -2.1072392e+00
 -7.2731390e+00
  3.0205333e+00
 -3.5506063e+00
 -2.5942965e+00
 -4.9365339e-01
  2.2323294e+00
  6.2815208e+00
  2.4137406e+00
  3.1832979e+00
 -2.9341894e-01
  1.7009884e+00
 -3.4841936e+00
  8.1689799e-01
  2.7478310e-01
  2.1668057e+00
  3.9296060e+00
 -5.2770454e-01
  8.1901121e+00
  2.5332043e-01
 -7.9365152e-01
  1.4943260e-02
 -2.0907741e+00
  7.9904020e-01
  8.1599784e-01
 -9.0642875e-01
  5.8585439e+00
 -3.4450933e-01
  1.3512822e+00
 -1.4535473e-01
 -3.1168489e+00
 -8.0779272e-01
 -1.6676191e+00
 -6.9317728e-01
  2.3505688e-02
 -1.2468680e+00
 -6.0601677e-03
  5.0221848e+00
 -1.6271257e+00
 -1.2415932e+00
  3.0183537e+00
 -1.7921988e+00
  2.2161531e+00
 -3.3207545e+00
  3.5946271e-01
  3.0993195e+00
  3.3249290e+00
 -5.4719481e+00
  2.3882470e+00
 -4.0025851e-01
  4.8408809e-01
  4.2133704e-02
  1.7415276e-01
 -4.4644588e-01
 -2.7500564e-01
 -5.6755424e-01
 -2.9668991e-02
 -9.4018799e-01
  5.8404273e-01
  3.3141096e+00
  3.5093927e-01
  2.1014717e-01
  1.0239507e+00
 -8.5936815e-01
  1.1360624e+00
  2.5948687e+00
 -2.0045204e+00
 -8.1914783e-01
 -3.5190125e+00
 -1.0011663e-01
 -1.4355137e+00
  5.0664258e-01
  2.9898489e+00
  1.2456169e-02
 -3.1294399e-01
  5.8719883e+00
 -5.5551910e+00
 -7.4778003e-01
  4.9680263e-01
  6.3321389e-02
 -1.9710512e-01
  5.8002341e-01
  6.5800905e-01
  5.1234174e-01
 -7.5302916e+00
  2.7593777e+00
  4.4607207e-02
  2.5774467e+00
 -1.1782818e+00
  3.9856422e-01
  1.8305268e+00
 -2.5002351e+00
  7.7014469e-02
 -3.7831078e+00
  6.0148108e-01
 -1.1609832e+00
  4.6541548e-01
  6.2679309e-01
 -1.3879659e-02
 -2.9801258e-01
  2.6189480e+00
 -3.5640493e-01
  1.5701621e+00
  3.2776372e+00
  2.8368187e+00
  2.8013289e+00
 -3.0984166e-01
 -2.0288908e+00
  2.5106392e+00
 -2.1044075e-02
 -1.1969399e+00
 -1.3559378e+00
  2.9305866e+00
  3.9176626e+00
 -9.9539703e-01
  3.2129657e+00
  2.2893593e+00
  2.2306595e+00
 -1.0429823e+00
  2.2058941e-01
  3.3368266e-01
 -4.5970135e+00
 -2.5984027e+00
  3.1281009e+00
 -7.7989988e+00
  1.4576486e+00
  4.2260516e-01
  4.7959939e-01
  5.2494574e+00
 -2.8476207e+00
  1.3883677e+00
 -4.1668576e-01
  2.1902720e-02
  2.7952653e-01
 -2.0012748e-01
 -5.9913486e-01
 -3.8407743e-01
  2.8107555e+00
 -2.9713914e+00
 -4.3137380e-01
 -5.2813309e-01
 -3.0404847e+00
 -1.4258641e+00
  1.0896337e+00
 -3.7038059e+00
 -1.8628436e+00
 -1.7264583e+00
  5.2556376e+00
 -1.3246359e+00
 -8.0529130e-01
 -4.0367789e+00
  4.3613446e-01
  1.0319219e+00
  2.0267399e-01
 -7.5159854e-01
  4.4791448e-01
 -6.2597066e-01
  9.9289978e-01
 -6.1842103e+00
 -3.3243600e-01
 -2.8033154e+00
  1.7596010e+00
  1.8002009e+00
 -5.4616609e+00
  9.5262206e-01
 -4.0955873e+00
  3.3028083e+00
 -5.6366187e-01
 -3.1321208e+00
 -1.0863465e+00
  4.4159767e-01
 -1.2662670e-01
  2.1146526e+00
 -2.0059438e+00
 -3.0331204e+00
 -3.1292171e+00
  1.3443614e+00
 -1.1313440e+00
 -2.5349927e+00
 -6.7375612e-01
  9.3401945e-01
 -2.5718467e+00
  9.9029553e-01
 -1.8423102e+00
  1.1144967e-01
  1.3494248e+00
  2.3020001e-01
  1.7183566e+00
  3.8913186e+00
 -7.0212779e+00
  7.1843082e-01
  7.7548790e+00
 -7.2926646e-01
 -1.6672066e+00
  2.5569835e+00
 -4.8923975e-01
 -8.6369538e-01
  1.3279903e+00
 -6.2393624e-01
 -9.1814566e-01
  1.1194141e+00
 -3.1759470e+00
  7.0631409e+00
  1.3554640e+00
 -5.4630079e+00
 -1.4352659e+00
 -5.3926344e+00
  2.1062057e+00
  2.1709015e+00
  1.0607121e+00
 -1.0049274e+00
  1.9898918e+00
  2.2951345e+00
 -9.7730601e-01
  2.8244430e-01
 -2.0312628e-01
  1.5105458e+00
 -2.6175028e-01
  2.0620246e+00
  3.3857632e+00
 -1.0901146e+00
  1.1114734e+00
  1.6288245e+00
 -3.5383132e+00
 -4.1378292e-01
  3.3584139e-01
 -2.2247186e+00
 -1.0923987e-01
  1.1349275e+00
 -3.2765372e+00
 -6.9083989e-01
  9.5027834e-02
  3.2237511e+00
 -5.5943680e+00
 -1.9655021e+00
 -3.9363811e+00
 -3.2941344e-01
  2.5041866e+00
 -4.9341178e+00
  3.1619611e+00
 -1.4384035e+00
 -7.7551494e+00
  7.5344247e-01
  5.5914826e+00
  1.0443310e+00
 -2.6679423e+00
  8.5809958e-01
  6.0464540e+00
  3.4658427e+00
 -2.0562045e-01
  3.5966578e+00
  2.6294415e+00
 -1.0833160e+00
 -2.2960916e+00
  1.7288994e+00
  5.2226834e+00
 -6.9793516e-01
 -1.1013914e+00
  3.5743868e+00
  9.0984201e-01
  1.5110487e+00
 -5.8452863e-01
 -1.0828112e+00
  6.1635962e+00
  3.5367963e+00
  3.8007838e-01
  2.3187070e+00
  3.2153755e-01
 -3.2707517e+00
 -3.8536832e-01
  1.0285286e+00
  7.2410518e-01
 -4.3523583e+00
 -9.7070354e-01
 -6.5919333e+00
 -2.3451362e+00
 -1.8231261e+00
 -7.6634127e-01
 -2.4675238e+00
 -2.3817127e+00
 -7.1836205e+00
  2.1200850e+00
  8.3574905e+00
  6.6168623e+00
 -2.2228038e+00
  2.7604079e+00
  2.7831459e-01
 -3.4877503e+00
 -2.6318257e+00
 -2.0822160e+00
  3.7656453e+00
 -3.9420000e-01
  4.5600677e-01
 -1.3560717e+00
 -5.6316024e-01
 -5.6120241e-01
 -2.7344232e+00
  1.8140243e+00
 -7.1825641e-01
  1.7404521e+00
  4.0030318e-01
 -9.4152892e-01
  1.4501721e+00
  2.0177145e+00
  6.1737657e+00
 -1.2055131e+00
  1.9216849e+00
  3.7901330e+00
  5.4469198e-01
 -4.1132808e+00
  1.3019243e+00
  1.0967708e+00
  1.0614383e+00
 -7.2232014e-01
 -9.2036217e-01
 -7.2990328e-01
 -2.4241273e-01
 -1.7495681e+00
  2.8879383e+00
 -6.8195395e+00
  2.3946159e+00
 -1.5263224e-01
 -3.1636751e+00
 -2.7017887e+00
  3.2248752e+00
  2.1441228e+00
  1.9009297e+00
 -3.3209109e+00
 -2.5599737e+00
 -6.4427896e+00
  1.1698428e+00
 -1.5518543e+00
 -5.0806098e+00
 -6.4453524e-01
 -3.3285403e+00
  4.2009377e+00
 -1.8514565e+00
  2.1862726e+00
  2.2922480e+00
 -6.5458238e-02
 -1.4788890e+00
 -6.8923146e-01
  3.4312894e+00
  3.5667958e+00
  6.9695735e-01
  5.7126861e-02
 -4.2136350e-01
 -6.0675240e+00
  3.5357952e-01
  6.2699288e-01
  5.1989913e-01
 -6.6585598e+00
 -3.1082532e-01
 -1.9867435e+00
 -3.0185862e+00
 -3.9489243e-02
  4.7069541e-01
  3.3918984e+00
 -4.6089590e-02
  3.3751323e+00
 -2.3044672e+00
 -1.2507205e+00
 -7.4634790e-01
  1.8816714e+00
  3.3054011e+00
 -2.0852835e+00
 -6.4403594e-01
  2.6014069e-01
  3.3607640e+00
  5.1308548e-01
 -1.4169543e+00
 -1.7067617e+00
  5.5646129e+00
 -6.1529970e-01
 -9.2679888e-01
 -4.5647827e-01
  5.8882660e-01
  2.5652823e-01
 -3.1111526e-01
 -1.8968147e+00
  3.2655531e-01
  5.6895738e+00
  1.8089013e+00
  1.4618269e+00
 -2.7785160e-02
  5.4735315e-01
 -1.1103196e+00
 -6.2508249e-01
 -5.7227606e-01
  1.4967838e-01
 -8.2445831e+00
 -6.9118088e-01
  6.1419916e-01
  3.3281463e-01
  5.5786312e-01
 -2.2518587e+00
 -1.5041491e+00
 -9.3648505e-01
 -2.1908581e+00
  4.0165200e+00
 -5.2495046e+00
 -1.0314194e+00
 -5.6407875e-01
 -2.2409844e+00
 -1.5450721e+00
 -3.3974302e+00
  4.0053892e+00
  2.6022782e+00
 -3.9567158e+00
  3.1178394e-01
 -1.0575374e+00
 -1.8831826e+00
  7.3690456e-01
  1.7384292e+00
  2.8019261e+00
  2.3569098e+00
  9.2049754e-01
  8.2501926e+00
  1.7977223e+00
  4.6678143e+00
 -8.3049077e-01
  1.8182194e+00
  8.6888999e-02
 -1.8336079e+00
 -2.6669488e+00
 -2.4715750e+00
  9.9135607e-01
  5.9076376e+00
  1.0344756e+00
  1.3716988e-01
 -5.0956124e-01
  3.0087132e+00
 -1.5902390e+00
 -2.9552594e-01
  3.1326926e+00
  1.9459740e+00
 -1.1871137e-01
 -3.6637444e+00
 -1.8353366e+00
  2.3003213e+00
 -1.4560944e+00
  1.8091620e+00
 -2.4243881e-01
 -9.6939671e-01
 -7.2511744e+00
  2.3998835e+00
  7.1302390e-01
  7.5620832e+00
 -2.6604235e+00
  6.5722671e+00
 -2.1307952e+00
 -7.8413796e-01
 -2.2483592e+00
  2.1015143e+00
 -1.7294104e+00
 -6.2789369e-01
 -2.9504087e+00
 -9.4031399e-01
  4.2452091e-01
 -8.2619411e-01
 -4.2364702e-01
 -4.7396688e+00
  4.9178405e+00
  1.0647446e+00
 -3.0655255e+00
 -6.4094287e-01
 -1.6207556e+00
 -8.6718386e-01
 -1.7368319e+00
 -2.6401641e+00
 -6.0801369e-01
  1.9108564e+00
  2.4055216e-02
 -5.8071256e-01
  1.1455945e+00
 -1.7407587e+00
  9.1838372e-01
  1.3623413e+00
  3.7441200e-01
 -1.1505615e+00
 -5.1692599e-01
 -4.5463591e+00
 -6.9871239e-02
 -3.6326635e+00
  4.7680583e-02
 -7.1484998e-02
  1.4625503e-01
  3.8808746e+00
 -4.7128174e-01
 -1.2616813e+00
 -4.8840171e-01
  1.6908066e+00
  7.6314807e-02
 -3.2263308e+00
  4.2028079e+00
 -3.8438794e-01
  1.6151730e+00
 -1.3227893e+00
 -1.3431613e-01
  1.5030839e+00
  4.3768950e-02
 -1.6909271e+00
 -2.9401584e+00
 -2.4142184e+00
 -3.0027345e-02
 -7.9435879e-01
 -1.2271965e+00
 -4.1487398e+00
  1.0080358e+00
  4.0515506e-01
 -2.7737107e+00
  5.4846130e-02
  2.3984127e+00
  6.2174273e+00
 -1.3448830e+00
 -5.4549065e+00
  2.4589174e+00
 -5.1318544e-01
 -1.6835652e-01
 -7.9321563e-01
  3.0196783e-01
 -4.4315090e+00
  1.0952169e+00
  4.1918583e+00
 -2.5373611e+00
 -4.4352112e+00
 -2.4272161e+00
  1.5650864e+00
  5.7434359e+00
  1.0795125e+00
 -2.2105315e+00
  5.6337690e+00
 -2.3180335e+00
  1.8900037e+00
  1.7475729e-01
 -7.6514643e-01
 -3.9855656e-01
 -2.0116842e+00
 -4.1642925e-01
  9.3764901e-01
 -3.8126678e+00
 -4.3132961e-01
 -4.4283719e+00
  1.1914777e-01
  4.8535838e+00
  1.1978345e+00
  2.5998669e+00
  1.8506677e+00
  1.9429554e-01
  9.5775038e-01
  2.2155604e+00
  3.2579923e+00
  4.0589433e+00
  2.8577119e-01
  7.5341970e-02
  7.0277125e-01
  2.5635660e-01
 -7.8050834e-01
 -2.5863120e-01
  2.1486993e+00
 -6.3738537e-01
 -4.4507369e-01
 -9.1070682e-01
  1.0460397e+00
 -3.2393763e+00
 -8.8556647e-02
  1.1813275e+00
 -5.5919771e+00
 -4.1536772e-01
 -7.6129757e-02
 -2.9835978e-01
  4.9030356e-02
  9.1405684e-01
 -1.9764521e+00
 -1.3986537e+00
  2.5512617e+00
  2.1918358e-01
  2.7707431e+00
 -5.3712720e-01
 -2.3613718e+00
  8.8300240e-01
  1.1165462e-02
 -9.5763826e-01
  3.5520222e+00
 -5.7885617e-01
  1.6042571e+00
 -4.8790550e-01
  6.6464639e+00
 -2.7147148e+00
  1.2573487e+00
  1.8994515e+00
 -1.5451616e+00
  3.8551408e-01
 -5.9192677e+00
 -2.4444610e-02
 -6.1024654e-01
  4.7007895e+00
  6.5719432e-01
  1.1918765e+00
  1.5678046e+00
  1.2729974e+00
  3.2181795e+00
 -6.5693653e-01
 -9.1126686e-01
  3.4348080e-01
  1.0232847e+00
  2.1120791e+00
  2.0156975e+00
 -2.7183056e-02
  2.4425617e-01
 -6.4965558e-01
 -5.7049246e+00
 -3.6685410e+00
 -1.2360722e+00
  2.2169577e-01
  9.1398640e+00
  1.8056953e+00
  2.3542495e+00
  8.9555711e-01
 -2.1118720e-01
  1.0713848e+00
  2.4699118e+00
  1.4326392e+00
  6.5203011e-01
  1.4215460e+00
  1.1060653e+00
 -4.0362641e-01
  1.4061871e-01
  2.6827095e+00
 -7.9951203e-01
 -1.9225852e-01
  2.0823820e+00
 -3.2921493e-02
  1.5253971e+00
  5.3807223e-01
 -9.1670461e-02
  1.2155994e+00
  7.9388982e-01
 -2.0723107e-01
  9.9376756e-01
  1.5783334e+00
 -1.3038759e-01
  4.1197524e+00
 -8.3790845e-01
  5.0819075e-01
  9.5965989e-02
  1.6404572e+00
 -8.9831132e-01
 -4.4641061e+00
  6.2689290e+00
 -4.4376764e+00
 -7.1705379e+00
 -1.4568427e+00
 -9.0855306e-01
  2.3134892e+00
 -1.3361998e+00
 -4.2429676e+00
  4.9107668e-01
  1.5133549e+00
 -4.7097233e-01
  6.3985276e-01
  4.8990588e+00
  4.6827963e-01
  1.8282008e+00
 -4.1282645e-01
 -1.2930602e+00
 -2.4616903e-01
  2.8775082e+00
  2.6952844e+00
  6.8855767e+00
  3.5762491e+00
 -2.3968954e+00
  4.0071039e+00
 -3.2150853e+00
  2.5496521e+00
  3.7278113e+00
  5.1816571e-01
 -8.3074361e-01
 -6.4040875e-01
  3.3852241e+00
 -3.1346643e+00
 -2.2603068e+00
 -4.4203354e-03
  3.0887482e+00
 -1.0120908e+00
  2.0389993e+00
  8.7483239e-01
 -7.4984513e-02
 -2.1217628e+00
 -3.0971739e+00
 -3.0329654e+00
  2.0671489e+00
 -1.1919596e+00
 -1.2809855e-01
 -2.4404957e+00
  2.0448012e+00
  1.2211903e+00
 -2.5777478e+00
 -3.6531508e-01
  3.8491443e-01
 -2.1106946e+00
  1.9320972e+00
 -3.0650693e-01
  6.3966787e-01
  6.6684240e-01
  3.8119557e+00
 -2.5660355e+00
 -2.2363431e+00
 -1.3128532e-01
  6.3836050e-01
 -9.0808070e-01
 -6.3947636e-01
  2.4104104e+00
  7.8182566e-01
 -1.3986583e+00
 -1.8506664e+00
  3.9182180e-01
 -2.4135234e+00
 -2.0601362e-01
  8.5993856e-01
 -3.5083345e-01
 -2.5072155e+00
 -5.5159062e-01
  1.9806095e+00
 -2.0598607e-01
 -1.1329228e+00
 -5.6688029e-01
  9.2868872e+00
  3.1978548e+00
  1.1017809e+00
  2.8243926e+00
  1.4512240e+00
 -7.8575273e+00
 -2.7688663e+00
  2.2455556e+00
  7.5317979e-01
 -1.3050851e+00
 -1.2237949e+00
 -6.3599473e-01
 -2.1883469e+00
  8.7361544e-01
  2.4874866e+00
 -9.9752140e-01
 -5.0849494e-02
 -2.2925310e+00
 -2.0967445e+00
 -6.2839806e-01
 -5.2519383e+00
 -2.4756267e+00
 -6.3691444e+00
  1.0319661e+00
 -5.3452249e+00
 -2.1337757e+00
  3.3940794e+00
  2.7303874e+00
 -9.1873521e-01
  7.6662952e-01
  7.7144796e-01
 -1.2556406e+00
 -7.4314094e+00
 -1.8604094e+00
 -6.8714064e-01
 -1.0927703e+00
 -4.8332582e+00
 -8.9185286e-01
  2.6877067e+00
 -1.0385808e+00
  4.4229546e-01
 -3.6015608e+00
 -5.4073602e-01
  8.1331456e-01
  3.1101267e+00
  1.7688694e+00
  4.1149235e+00
  1.3152033e+00
 -8.5500920e-01
 -2.4345848e-01
 -2.9911547e+00
  3.9151630e+00
  2.0038974e-01
 -3.6115990e+00
  1.2579365e+00
 -3.8636737e-02
  1.8407925e+00
  1.4105497e-01
  3.4496859e-01
  4.8666353e+00
 -7.7224160e-03
 -3.7444717e-01
 -1.7345018e+00
  1.8887007e-01
  5.0585880e+00
 -1.2629846e-01
 -1.8171082e+00
 -8.2616383e-01
  6.6464074e-02
  2.5415530e+00
 -1.8826057e+00
  1.2415529e+00
 -2.1718469e+00
 -5.1082218e-01
 -4.5015520e-01
  8.9828432e-01
 -3.8242111e-01
  4.8351035e+00
 -4.0953012e+00
 -2.9740412e+00
  4.5590749e-01
  3.3642352e+00
  3.0610624e-01
 -3.6240199e+00
  3.3475503e-01
 -2.3025253e+00
  5.0417089e+00
  6.4874405e-01
  2.5737598e+00
 -3.4119365e-01
 -1.8232429e-02
 -1.4734185e+00
 -1.1572521e+00
 -1.6031884e-01
 -1.2308664e+00
  7.9977232e-01
 -1.1294166e+00
 -1.0391780e+00
 -4.1885251e-01
 -2.8892484e+00
  4.9594789e+00
 -4.8227792e+00
  3.9827459e+00
 -3.2973549e+00
  2.9846828e+00
  2.4440882e+00
 -2.7349437e-02
 -9.0462810e-01
  2.1409893e+00
 -3.4944132e-01
 -3.7871907e+00
 -2.4717751e+00
  3.3052940e+00
  5.8683391e+00
 -8.6689794e-01
 -3.8995187e+00
  6.7289329e-01
  1.2391679e+00
 -1.3379139e+00
 -8.9048839e-01
  4.6413746e-01
  1.5032669e+00
 -2.3557854e+00
 -8.1730127e-01
  1.9827170e+00
  1.6267610e+00
  3.2136955e+00
  6.7868533e+00
  1.0482463e+00
  3.9858208e+00
 -8.0368894e-01
 -6.9424443e+00
  1.2976936e+00
  3.8977534e-02
  1.3720703e+00
  1.2199553e+00
  1.5758723e+00
  6.8039709e-01
  1.6295220e-01
  4.9008441e-01
  2.1196555e-01
  2.5691111e+00
  1.6219454e+00
  1.7608446e+00
  3.5166199e+00
  1.2760855e+00
  4.2707224e+00
  3.2425382e+00
  2.7692580e-01
  2.5299764e+00
 -8.8848375e-02
 -2.9516644e+00
  1.4695722e+00
  7.2406793e-01
 -8.3663529e-01
  2.8137367e+00
  8.5449529e-01
 -9.9998370e-02
 -6.4664716e-01
 -3.0727174e+00
 -3.1917517e+00
 -2.6696873e-01
 -1.3762839e+00
 -2.6209280e+00
 -1.2998780e+00
 -2.9885907e+00
 -3.8475571e+00
  4.7771454e+00
 -6.8967797e-02
  3.7726271e+00
  3.2395127e+00
  1.3197389e-01
 -2.2997446e-01
  3.9114952e+00
  4.8679047e+00
  3.1077964e+00
 -2.6868570e+00
  6.7009225e-02
  2.1797342e+00
  3.5710785e+00
  6.7110076e+00
  6.0650258e+00
  1.4146665e+00
  1.3091902e+00
  3.9124966e+00
 -2.0484469e+00
 -9.2105651e-01
  6.4339280e+00
 -3.6371359e-01
  4.1765618e+00
 -1.4584602e+00
 -2.5615335e-01
 -3.4218087e+00
 -1.0875808e+00
  3.0663252e+00
 -3.5123627e+00
  1.3364712e+00
  8.2430506e-01
  1.4096540e+00
  2.8210679e-01
 -1.5118774e+00
 -4.5182281e-03
  1.9148320e-01
 -8.0363932e+00
 -7.9947805e+00
  9.1016746e-01
  6.7386091e-01
  5.4695749e+00
 -7.1221715e-01
  1.1161746e+00
  1.9433513e-01
 -2.0285065e+00
 -1.0102410e-01
 -1.1239014e-01
  4.6072457e-02
  1.0098636e+00
 -2.4184017e+00
  6.1443931e-01
  7.0944375e-01
 -6.6639096e-01
  1.1456615e+00
 -6.8711087e-02
 -2.1845026e+00
  3.0478728e-01
  1.8378597e-01
  1.0535355e+00
  7.1274418e-01
  2.6855373e+00
 -2.1103919e-02
  2.3330106e-01
 -9.7766626e-01
  3.2326348e+00
  2.1444445e+00
 -5.1017308e-01
 -2.4378684e+00
  3.0175869e+00
  2.0878773e+00
 -4.5310482e-01
  1.0845649e+00
  1.9903665e+00
  4.2352095e+00
  8.4453732e-01
 -1.5084634e+00
 -3.3136365e-01
  7.0665860e-01
  3.4145727e+00
 -1.4720228e+00
 -9.4979292e-01
 -1.5248656e-01
 -1.9964224e-01
  1.2304153e+00
  8.1107754e-01
  2.5971205e+00
 -8.7162115e-02
  1.0522023e+00
  9.4116628e-01
 -9.2975982e-02
  8.6034817e-01
 -8.2043445e-01
 -2.0659513e+00
  3.8029167e-01
 -8.6837465e-01
 -2.3323550e+00
  9.8481125e-01
  2.9698701e+00
  3.4812961e+00
  2.1207676e+00
  5.2378521e+00
 -1.6437761e+00
 -3.7294729e+00
  3.1464701e+00
 -2.1170831e+00
 -1.8573639e+00
  3.8552117e+00
 -2.8406224e+00
  6.5269363e-01
  3.5176086e+00
 -1.6667075e+00
  8.1309611e-01
 -6.5324897e-01
  2.0208564e+00
 -6.2069879e+00
 -3.4578657e+00
 -2.0530388e+00
  3.0996635e+00
 -2.8604038e+00
  1.7144379e-01
 -2.1482854e+00
  1.1248564e+00
  2.8204169e-02
  2.5606349e+00
  2.3840139e+00
  5.4115210e+00
 -2.9885674e-01
  4.0715104e-01
 -3.8230932e+00
  6.1794573e-01
 -2.6404433e+00
 -3.4099159e+00
 -4.6391296e-01
 -3.1166897e+00
 -5.4610848e-01
 -6.7622966e-01
 -4.2616829e-01
 -6.2686639e+00
 -7.0769799e-01
  3.8060365e+00
 -1.4410515e+00
  1.3708062e-01
 -5.7684999e-02
 -4.4695067e+00
 -1.3056675e+00
 -3.2095325e+00
  2.2201343e-01
 -2.9275994e+00
 -8.2122022e-01
  8.2636189e-01
  1.3453804e+00
  5.0667524e-01
  1.4290831e+00
 -1.1750717e+00
 -2.2736201e+00
  1.4359778e+00
 -4.7294591e-02
 -5.7065088e-01
 -7.4976063e-01
 -4.1342793e+00
  1.8449035e+00
 -1.2592423e+00
 -2.1795287e+00
 -4.5268640e-01
 -5.4415131e-01
 -2.5954823e+00
 -5.9168839e-01
 -2.0311847e+00
 -8.5383996e-02
 -3.3848882e-01
 -3.5825416e-01
  9.3002886e-01
 -3.2480443e+00
 -4.9808888e+00
  1.2980593e+00
 -3.2287803e+00
  4.7042007e+00
  2.4721260e+00
  1.8911175e+00
  2.8722389e+00
  1.4267347e+00
  1.2224562e+00
  3.5359428e+00
 -4.7968504e-01
 -1.7487572e+00
 -3.6117845e+00
 -1.2998941e+00
 -3.3735690e+00
  2.5417824e+00
  3.9098649e+00
 -9.3163723e-01
 -1.7716466e+00
  1.4872785e+00
  1.4912508e-01
  4.2479062e-01
 -3.0246186e+00
 -4.5067701e-01
 -5.8631539e-01
  2.9790270e+00
 -1.0448798e+00
  4.2673942e-01
 -7.0870304e-01
  7.2753465e-01
 -8.2921006e-02
 -1.4992156e+00
  4.2181653e-01
  4.3734220e-01
 -4.3104520e+00
  8.3162117e-01
  6.3618803e-01
  2.2496761e-01
 -5.3525573e-01
 -4.8637018e-01
  2.2413886e-01
 -9.9632812e-01
 -7.5222045e-01
 -6.4398413e+00
 -3.2032037e+00
  1.0826129e+00
 -2.1842134e+00
  1.3157166e+00
 -1.6504192e+00
 -1.5846741e+00
  3.8927618e-01
  1.0620378e+00
 -6.9361959e+00
 -1.0942245e+00
 -2.1163063e-01
 -6.5178502e-01
 -6.9197887e-01
  3.3992198e-01
  1.0365521e+00
 -1.7185211e+00
  5.5764002e-01
 -2.5651047e+00
 -1.8475235e+00
 -2.0207753e+00
 -7.0207441e-01
  1.0157301e+00
  1.9153326e+00
 -1.5553117e+00
 -6.7579335e-01
 -2.6681542e-01
  2.6389236e+00
  6.7513812e-01
  2.0341411e-01
 -4.4361898e-01
 -1.8655117e+00
 -8.6988226e-02
 -6.8775669e-02
 -1.6717669e+00
  4.0311909e-01
 -1.7095146e+00
 -4.4576293e-01
  7.1754731e-02
  2.2919643e-01
  1.5324309e-01
 -1.1816902e-01
  1.2182088e-01
  1.3604590e+00
  3.0557284e+00
 -2.5863206e+00
  1.5060574e+00
  1.3045312e-01
  1.1766807e+00
 -1.2699864e+00
 -5.4366380e-01
  5.9288341e-01
  5.9533852e-01
  1.5474976e+00
 -9.1854930e-01
 -3.2433522e+00
  9.3872315e-01
  7.5386107e-01
  4.9104090e+00
  3.1425846e+00
  1.8505739e+00
  7.3056378e+00
 -1.0069375e+00
  4.0567502e-01
 -4.9582800e-01
 -1.2378515e+00
 -3.6341050e-01
 -1.0301163e+00
 -5.3678536e+00
 -4.3944187e+00
 -5.5482349e+00
 -2.4058981e+00
  7.2687011e+00
 -5.6855834e-01
  3.0481961e-01
 -2.9492414e+00
  2.4898744e-01
  2.8751516e+00
 -9.5681459e-01
 -2.7566063e+00
 -1.3075089e+00
  1.9040766e+00
  7.0434433e-01
  5.3097081e-01
  2.8952701e-02
  9.6618271e-01
 -1.1460803e+00
  9.7154433e-01
 -6.8039638e-01
  1.8668396e+00
  4.6705770e+00
  1.4191852e+00
 -9.5002180e-01
 -2.4881282e-01
 -8.0651498e-01
  2.3786438e+00
 -3.3970122e+00
 -1.4894108e+00
  1.7289472e+00
 -1.2308654e-01
  2.3131778e+00
 -1.1507469e+00
  2.7758522e+00
  5.1051378e+00
  1.6936949e+00
  3.0107286e+00
  2.5783639e+00
 -4.2820020e+00
 -2.7606079e-01
 -1.4334069e+00
 -1.0978973e+00
  2.5367987e+00
 -8.7191522e-01
 -9.4282866e-01
 -1.3346394e+00
  4.7492213e+00
  3.6360094e-01
 -2.2321880e+00
 -1.0128492e+00
  9.3877387e-01
  2.5709138e+00
  3.2296222e-01
 -6.5946364e+00
 -3.1938863e+00
 -7.7139169e-01
  5.1456814e+00
  1.6189014e+00
 -3.3042850e+00
 -5.4579620e+00
 -2.3552105e+00
 -6.7158866e-01
 -4.4192476e+00
 -7.3138666e-01
  8.2700223e-01
 -2.0923181e+00
 -6.0932150e+00
 -6.2723846e+00
 -2.7232842e+00
 -5.3173494e+00
 -2.9167721e-01
 -1.3567476e+00
  3.5497327e+00
 -3.3826513e+00
  1.5426612e-01
  1.0808493e+00
  2.3822215e+00
  1.1378232e+01
  3.2778034e+00
  5.0689039e+00
  4.1807194e+00
  2.9420481e+00
  1.7099930e-01
  1.9080437e+00
  3.9155893e-02
  3.3423790e-01
  2.5354517e+00
 -2.2263286e+00
  9.7183806e-01
 -4.5735989e-02
  5.5605421e+00
  4.2457151e+00
  1.2565973e+00
 -4.1869521e+00
 -2.5119677e-01
 -6.7029893e-01
  1.6598631e+00
 -2.1013026e+00
 -2.2722182e-01
 -6.3226151e+00
 -5.0535774e-01
 -2.0308928e+00
 -1.3817363e+00
 -9.6849222e-03
 -3.5562196e+00
 -2.6266336e+00
 -2.9518754e+00
  9.7540710e-03
 -3.4809072e+00
 -2.2074091e+00
 -2.4173079e+00
 -2.4088902e+00
 -1.8197401e+00
 -2.8576131e+00
 -1.0785663e+00
 -1.4120184e+00
  2.0705760e-01
 -3.0478992e+00
 -1.5906205e+00
  6.3987172e-01
  1.1816055e+00
 -4.1439948e-03
  5.0977504e-01
 -2.3554916e+00
 -1.5156611e+00
 -5.3246790e-01
 -4.7200498e-01
 -4.3188491e+00
 -4.6133389e+00
  2.8478765e+00
 -2.6459801e+00
  1.8428479e-01
 -3.6343247e-02
  4.0179510e+00
  4.4650644e-01
 -6.5150654e-01
  2.3874450e+00
 -4.0998054e-01
 -3.2781901e+00
 -1.2465713e+00
 -2.2386017e+00
 -1.7122106e-01
  2.9551661e+00
 -2.5232034e+00
 -2.0632590e-01
 -1.5157921e+00
 -9.0888739e-01
 -1.9058955e-01
  1.3530658e+00
  6.2693954e-01
  2.0102618e+00
 -1.9215219e+00
  1.5929723e+00
  4.2577171e+00
 -4.9474597e-02
  3.3163078e+00
  3.1968124e+00
  5.2323550e-01
 -1.8320224e+00
 -6.1471419e+00
 -2.1395428e+00
 -4.5798710e-01
 -3.9592702e+00
 -1.3028831e+00
 -2.2036326e+00
 -6.3748050e+00
 -2.3822773e+00
 -8.0164027e-01
 -6.9028687e-01
 -5.9294146e-01
 -5.0369006e-01
 -1.1961904e+00
  6.8929158e-03
 -4.0692315e+00
 -9.0225047e-01
  3.9666608e-01
  1.2786651e+00
  3.7432528e+00
  3.6992419e+00
  1.9127240e+00
  2.6888149e+00
  9.5447785e-01
  3.3874602e+00
  2.8491883e+00
  1.2218636e-01
  1.9166226e+00
  9.2038345e-01
  9.3611068e-01
  1.7502731e+00
 -5.3078604e-01
 -6.8376802e-02
  4.7781807e-01
  6.5129418e+00
  6.5576923e-01
 -3.2375833e-01
  6.1413926e-01
  8.1749964e-01
  1.8110099e-01
  3.9442425e+00
 -7.9123336e-01
  2.9497075e+00
  4.8253388e+00
  1.0431995e-01
  1.9771581e+00
 -8.2790929e-01
 -2.1989390e-01
 -6.3772130e-01
  7.3318901e+00
 -5.9183526e-01
  3.1212289e+00
  1.4692323e+00
 -2.1803195e+00
 -9.8426080e-01
 -4.8443823e+00
 -1.4511958e+00
 -2.3391354e+00
 -1.2307826e+00
 -4.9644092e-01
 -4.8530293e+00
 -9.2362314e-01
 -3.0911577e+00
  1.1921489e-01
  1.4600296e+00
 -4.9309254e-01
 -1.3274572e+00
 -4.3432379e-01
  3.1005031e-01
  6.9618225e-01
 -2.9393344e+00
 -5.0077672e+00
 -9.5078170e-02
 -1.4650428e+00
 -8.0826750e+00
 -4.6237121e+00
 -2.1703110e+00
  1.5662427e-01
 -1.8871650e+00
 -2.6563220e+00
  3.4730947e+00
 -5.1479058e+00
  8.2088822e-01
 -3.8204739e+00
  5.0094714e+00
 -1.3712728e+00
 -3.1991818e+00
 -4.9179447e-01
 -6.9227204e+00
  5.4471517e+00
  2.1371727e+00
  9.5703182e+00
  2.4528594e+00
  1.9248528e+00
  1.2679484e-01
 -2.5570056e-01
 -3.5375708e-01
  7.3754042e-01
 -2.5735061e+00
  2.4932740e+00
 -2.3624949e+00
 -6.5666928e+00
  1.0863401e+00
  5.6735417e-03
 -2.3304253e+00
  1.9590402e+00
  4.5787258e+00
 -1.5283513e+00
 -1.1736490e-01
  2.0404544e+00
  1.2398056e+00
  1.0607624e+00
 -1.9720762e+00
  2.8600006e+00
 -6.5258431e-01
 -6.7472714e-01
 -1.5874003e+00
 -1.3102541e+00
 -2.9634480e+00
 -5.3683395e+00
 -3.4724798e+00
 -6.1367446e-01
  1.3138591e-01
  1.7799966e+00
 -2.2290359e+00
 -3.4942809e-01
 -1.0460393e+00
 -5.9673560e-01
  4.6919575e-01
  3.3195481e-01
 -2.5973229e+00
  1.7299123e-01
 -2.7025087e+00
  3.4359760e+00
  1.7090919e+00
  1.3148276e+00
 -3.6284111e+00
  6.3724393e-01
 -1.4465481e+00
  8.9646667e-01
 -2.5729218e+00
 -2.7975336e-01
 -1.6353612e+00
 -4.3412435e-01
 -4.0839529e+00
 -2.2046390e+00
 -4.9405780e+00
 -3.6326951e-01
 -8.9424360e-01
 -1.4585271e+00
 -1.5491641e+00
  1.6580900e+00
 -2.4188244e+00
 -1.3093276e-01
 -1.5775743e+00
  3.3721086e-01
 -2.9272747e+00
  2.5571832e-01
 -2.3702896e+00
 -4.4139391e-01
 -3.5957839e+00
 -1.5435550e+00
 -4.4841928e+00
 -2.9085672e+00
  2.5662607e-01
 -8.9166008e-02
  1.3180087e+00
  4.3092861e+00
  1.3573766e+00
 -1.6900982e+00
 -1.6077237e+00
 -1.2397919e+00
  4.5174379e+00
 -3.2947893e+00
 -4.0938777e-01
 -1.4256339e+00
  1.4479579e+00
  3.2873213e-01
  6.2534976e-01
  4.3087101e-01
  1.3178320e+00
  2.5965691e+00
  2.0369048e+00
  6.2791479e-01
 -6.0968801e-02
  1.0298168e-02
 -6.7520905e-01
 -2.6535482e+00
 -1.0088012e+00
 -1.2589402e+00
  1.4270215e-01
 -1.6349213e-01
 -2.7060833e+00
 -2.4334241e-01
 -1.2180241e+00
 -5.4713982e-01
 -1.2023444e+00
  4.1293007e-01
 -1.0483214e+00
 -3.9666765e+00
 -7.2652972e-01
  8.9897281e-01
 -4.4528217e+00
 -8.9754874e-01
 -8.5560519e-01
  2.5975347e-01
  6.9576555e-01
 -1.4632213e+00
 -1.2998371e+00
 -5.2019335e-02
 -1.2109158e-01
  2.2139173e+00
  3.1472080e+00
  1.0107244e+00
 -4.7450371e+00
 -3.2650859e+00
 -3.3563380e+00
 -4.5667062e+00
 -5.5079341e-01
  5.5359238e-01
  1.3237298e-01
  6.8425819e-02
  1.7805798e-01
 -3.0416832e+00
  6.6008800e-01
 -5.2258167e+00
  1.3936200e+00
  1.3178113e+00
  4.3901005e+00
  3.8449340e+00
  1.6535212e-01
  3.3173594e+00
 -7.2123280e+00
  1.0463305e+00
  1.5525967e-01
  1.3023218e+00
 -3.6953509e+00
 -1.2122208e+00
  2.0660985e+00
 -1.7514411e+00
  2.3511548e+00
  9.6083337e-01
  4.0458274e+00
  8.6385858e-01
  4.5712872e+00
 -1.4067625e+00
 -2.5488690e-01
  1.8968320e+00
  2.3021920e+00
 -6.6165054e-01
  4.5510647e-01
  1.6439217e-01
  4.0570812e+00
  2.3520739e+00
  2.2393164e-01
 -7.5824809e-01
  6.7956105e-02
  4.6436567e+00
  1.1402708e+00
 -3.5073468e-01
  1.4358096e+00
  8.2248442e-02
 -8.6130053e-01
 -8.9095578e-02
 -2.4340584e+00
  1.6526067e+00
  2.3516562e+00
  1.3493732e+00
 -4.0706758e+00
  1.6450713e+00
  3.1822112e+00
 -1.5795006e+00
 -1.4392492e-01
 -5.1996841e+00
  3.9322412e+00
 -1.8440886e-01
 -3.4355805e+00
  2.5802920e+00
 -8.3333898e-01
  5.1775408e+00
  1.4711140e+00
 -8.7224180e-01
  1.6582655e+00
 -1.3729948e+00
 -8.9874899e-01
  1.6790984e+00
  2.4317506e-01
 -1.4515227e-01
 -1.2766775e+00
 -3.9916161e-01
 -2.2969075e-01
  2.4633588e-02
  3.1066802e-01
 -2.8700289e-01
  4.9996468e-01
 -1.4251685e+00
  4.7194481e+00
 -1.8967001e-01
  9.3076020e-02
 -7.2366059e-01
  2.7487597e-01
  2.0916772e+00
  3.7932577e+00
 -2.6730874e+00
 -1.8736072e+00
 -4.7077317e+00
 -1.4205518e+00
 -7.3054087e-01
 -3.1748374e+00
 -3.1856172e+00
 -1.7196616e+00
  6.0420990e-02
 -1.9092986e-01
 -3.4698727e+00
 -1.3071924e+00
 -2.6786201e+00
 -7.4870771e-01
 -7.0952612e-01
 -3.5558298e+00
 -3.7386999e+00
  1.1398491e-01
 -1.3193238e+00
  1.5752859e+00
  5.3906155e-01
 -1.0826212e+00
  1.6401985e+00
  4.3464479e+00
 -2.7754734e+00
 -4.2722943e-01
 -2.7388105e-01
  2.0669851e+00
  5.6476694e-01
 -2.0295334e+00
 -1.4237826e+00
 -6.5171452e+00
 -1.6456964e+00
 -3.2761985e-01
 -3.3928795e+00
  6.4698434e-01
 -1.6636882e+00
  7.4590608e-02
  5.9723836e-01
  1.8276565e+00
 -1.9896756e+00
  3.6628857e+00
  8.6578929e-01
  4.8233293e-02
  9.0917654e-02
 -7.3435634e-01
 -1.5926547e+00
 -2.5182481e+00
 -3.1877425e+00
 -7.9987282e-01
 -3.1431849e+00
 -8.3638706e+00
 -3.2367969e+00
 -2.4679875e+00
 -6.6688819e+00
  2.9320183e+00
 -4.7098115e-01
  1.8264778e-01
 -1.1587781e+00
 -4.3922737e-01
 -6.8626958e-01
  1.0526905e+00
 -5.2614937e+00
 -5.1735539e+00
  1.9105072e+00
  8.9570278e-01
  1.0647779e+00
  8.1945407e-01
 -8.4815598e-01
 -2.6109451e-02
 -9.1690511e-01
  4.7597047e-02
  6.5648454e-01
 -1.7350724e+00
  2.0607617e-02
 -8.5244149e-01
  3.4772405e-01
 -2.3433039e+00
 -1.4077003e+00
 -1.3186841e+00
 -2.1319860e-03
 -8.9279785e+00
 -6.8196958e-01
 -3.6657670e+00
 -1.4489843e+00
  1.5806473e+00
 -6.2592036e-01
  1.9943627e+00
 -4.0868235e+00
 -3.4170821e-02
 -4.1731339e+00
  2.3205390e+00
 -2.1154389e+00
 -6.8793911e-01
  4.1990942e-01
  2.3785512e+00
 -1.7661819e+00
 -2.3022683e+00
 -2.4924617e+00
 -8.6275131e-01
  1.0838941e+00
 -2.7197731e+00
 -5.8557975e-01
 -1.2263311e+00
 -2.0417045e-01
 -1.9821270e+00
 -1.2698398e+00
 -2.6523526e+00
 -5.6963557e-01
  9.3413234e-01
 -2.0155861e+00
  2.0418516e-01
 -5.2521982e+00
 -3.1407809e-01
  1.7034250e+00
 -5.9330440e-01
 -2.3823102e+00
  3.6206883e-01
  2.9536657e+00
 -6.8731505e-01
  1.7645640e+00
 -2.9908848e-01
  5.4153097e-01
  6.6646922e-01
 -2.5296447e-01
 -2.9330140e-01
 -3.3441082e-02
  1.7825960e+00
 -2.0864205e+00
 -1.8073305e+00
  2.9624121e-02
 -1.1114037e+00
 -8.1280112e-01
 -2.1651048e-02
 -4.1599169e+00
 -1.9545890e+00
  1.5058193e+00
  4.5829290e-01
 -2.7819216e+00
 -1.3801379e+00
  2.4680688e+00
 -2.6562123e+00
  1.8284701e-01
  2.3424299e+00
 -2.9706597e+00
 -7.4961066e-01
 -8.8421053e-01
  1.2015673e-01
 -1.0445039e+00
  2.9320675e-01
 -1.2637242e+00
 -8.2842034e-01
  1.7878816e-01
  8.0449337e-01
 -1.0172235e+00
 -3.3987935e+00
 -3.6980030e-01
 -9.5350343e-01
 -1.5884038e+00
  4.7606215e-01
 -3.8855927e+00
 -4.2544684e+00
 -7.8567448e+00
  1.3645537e+00
 -3.1060102e+00
 -2.6120600e-01
 -3.6152573e+00
 -4.8731856e+00
 -1.6310642e+00
 -2.2326057e+00
  3.3871636e-01
 -4.8026929e+00
  5.1688547e+00
  8.5204542e-01
 -1.5061755e-01
 -2.0959935e+00
  3.0961400e-01
 -1.2806076e+00
 -4.5515311e-01
 -2.3696406e+00
 -1.6959444e+00
 -1.0078942e+00
  1.7882437e-01
  1.3226110e+00
 -3.2437941e-01
 -1.2366028e-01
  1.0418823e+00
  1.4936762e+00
  3.4890914e+00
 -1.5357493e+00
  1.0864631e+00
 -3.2733133e+00
  1.6516736e-01
 -3.7347689e+00
 -7.9154515e-01
  1.2845916e+00
 -4.8081863e-01
 -1.6609378e+00
  6.0126759e-02
 -3.9281055e-01
 -1.1847620e-01
 -1.8260936e-01
 -5.5576116e-01
 -2.4365244e+00
  2.7266696e-02
  4.3494296e-01
 -1.1016814e-01
  3.7473637e-01
  2.2547059e-01
  6.7636237e-02
  1.1370822e-01
 -1.6752585e+00
 -3.9679992e+00
  1.5732077e+00
  3.3385420e-01
 -2.2430000e+00
  1.2259930e+00
  3.3656281e-01
 -7.6521271e-01
 -3.8768373e+00
 -1.7377260e+00
  1.1594220e-01
 -4.7313485e+00
  1.2723640e+00
  1.6404554e+00
  5.5544621e-01
  1.1192529e+00
  1.3801442e-01
 -4.9058643e-01
 -1.2366163e+00
 -3.2516602e-01
  1.5588403e+00
 -5.9559935e-01
 -2.4036605e+00
  1.2160272e-01
 -1.5017465e-01
 -1.9298310e+00
  1.4058744e+00
 -1.1962165e+00
 -1.5508974e+00
 -1.2488940e+00
 -4.0483141e+00
 -4.3644209e+00
 -1.5412283e+00
  3.7572840e-01
 -5.4380399e-01
  6.1406159e-01
 -3.4263790e+00
 -1.5582312e+00
 -8.0701548e-01
  9.6927392e-01
  3.4426379e-01
 -1.3826264e+00
  1.7019365e+00
  6.2475550e-01
 -1.3779150e+00
 -4.5020704e+00
  3.9712202e-02
 -2.9706278e+00
  3.8183039e-01
  9.3538171e-01
 -1.1577079e+00
 -9.2634928e-01
 -2.5727928e-01
  2.3763518e+00
  4.4722369e-01
  6.2449491e-01
  1.7507744e+00
  1.4169790e+00
  4.2157373e+00
 -3.0116172e+00
  1.2024825e+00
 -3.5694521e-04
 -1.6774343e+00
 -2.1167212e+00
  1.2764178e-01
  1.0530579e+00
 -2.2935445e+00
 -2.7065468e-01
 -6.4993715e-01
 -1.0644660e+00
  1.4998057e-01
  2.2347036e-01
 -1.6328663e-02
 -3.7402782e+00
  1.2832040e+00
 -4.5919442e-01
  8.5373744e-03
  3.9658421e-01
 -2.4180500e-01
  8.0736953e-01
 -3.8780737e-01
 -1.2583162e+00
 -3.6271746e+00
 -1.3257332e+00
 -2.3361204e+00
  5.3364563e-01
 -1.8494697e+00
  1.8164306e+00
 -2.1039930e-01
 -1.6127729e-01
  2.5242740e-01
 -2.7112100e+00
 -1.2556237e-01
  3.1891150e+00
 -1.3766748e+00
  3.1872337e+00
  1.2168468e+00
  9.4548291e-01
  7.4212575e-01
  2.9723425e+00
  1.1503361e+00
  1.9430281e+00
  6.0870472e-02
 -2.3223047e+00
  1.1077403e+00
 -4.1695076e-01
  1.4671623e+00
  2.6007466e+00
 -2.7495390e-02
 -1.1764534e+00
 -5.7988858e-01
 -2.6580009e+00
 -2.5415704e+00
  1.5493801e+00
  3.2134792e-01
 -5.1100421e-01
  2.8929913e+00
 -2.3612483e+00
 -3.0550785e-02
 -2.7904522e+00
  5.7179290e-01
  3.5919717e-01
 -1.2190771e-01
  2.6930705e-01
 -5.7555503e-01
 -1.4290049e+00
 -3.0665438e+00
  8.5346299e-01
 -1.1456175e+00
  4.2392281e-01
  9.3981600e-01
 -6.6388309e-01
 -4.9176180e-01
 -6.1292136e-01
  6.0891938e-01
 -6.0622013e-01
  4.4745331e+00
  2.6970446e-01
  1.9982100e-01
  2.5002203e+00
 -6.8324643e-01
  4.2182231e-01
  1.6546692e-01
 -1.8788598e+00
 -1.2855932e+00
 -3.1174776e-01
 -1.5511254e-02
 -1.6651014e+00
 -2.3244606e-01
 -4.2302278e-01
 -1.6273549e+00
 -7.9233462e-01
 -3.2978885e-02
 -3.4736734e-02
  7.2856881e-02
  5.4813838e-01
 -2.0111175e+00
 -1.2428718e+00
 -2.5033829e+00
 -2.9366073e-01
 -1.3378059e+00
 -2.0741220e+00
 -4.2500088e-01
  7.2608042e-01
 -1.9450904e+00
 -2.3452995e+00
  5.6561440e-01
 -9.6206546e-01
  1.1782271e+00
 -2.2100289e-01
 -3.1859770e-01
 -2.5891525e-01
 -1.8725262e+00
  6.4503026e-01
  1.9726542e+00
 -3.1754589e+00
  9.6348512e-01
  1.6775624e+00
 -8.8125157e-01
 -1.6376096e-01
  1.0345156e+00
 -5.7017064e-01
 -5.9398484e-01
  4.8417993e-02
 -9.4664854e-01
  4.8600835e-01
  6.7952657e-01
  3.1120721e-01
  1.3270657e+00
  3.9514899e-01
  1.3007897e-01
  4.7106829e-01
  3.4523714e-01
 -3.4197286e-02
  8.5504323e-01
  6.0307004e-02
 -6.1127774e-02
  9.8163283e-01
 -2.8050020e-01
  7.5970769e-01
 -2.1775164e-01
 -1.2479285e+00
 -6.9764674e-02
 -8.6117429e-01
 -6.8319911e-01
  9.8436154e-02
  1.3798425e-01
  1.0877742e-01
  6.2325054e-01
  4.2587468e-01
 -3.9017397e-01
 -4.9783570e-01
 -6.9162928e-02
  2.8610727e-01
  5.2595109e-01
  9.0758348e-01
  1.0868483e+00
 -4.6919394e-01
  3.7711975e-01
  1.7860667e+00
 -1.0609685e+00
  6.0820574e-01
  3.0265251e-01
 -1.6527489e+00
  3.4848052e-01
  6.7077148e-01
  1.9313705e+00
  2.0531421e+00
 -2.1589090e-01
  2.6813836e+00
  9.0698546e-01
  1.7035582e+00
 -5.0305694e-01
 -2.5670514e-01
  8.0723171e+00
 -1.6155630e-02
 -6.1001188e-01
  9.7003013e-01
  1.0626779e+00
  1.6441194e+00
 -8.2083142e-01
 -2.5578749e+00
  5.5793905e-01
  2.4203378e-01
 -2.0170987e+00
 -2.6225331e+00
 -3.7741661e+00
 -1.0382923e+00
 -6.8407521e-02
 -3.6177287e+00
  3.1331438e-01
  2.8138473e+00
  3.3252060e-01
  1.1291293e+00
 -2.7047884e+00
  2.7778864e+00
 -1.2709993e+00
  3.5643234e+00
  5.1909834e-01
  8.1153125e-01
  2.4472475e+00
 -1.1523616e+00
 -3.6043194e-01
  2.1087935e-02
 -1.0591685e+00
 -2.0148017e+00
 -5.7544255e-01
  1.7866282e+00
  2.4069725e-01
 -1.9252112e+00
 -4.8533239e+00
  2.5186999e+00
  1.1130630e+00
 -4.4537635e+00
 -1.0008663e+00
 -5.4092586e-01
 -8.0583912e-01
  4.7291703e+00
 -2.1818142e+00
 -2.2900903e+00
 -4.2968802e-02
 -2.2172325e+00
  7.9068631e-02
 -5.6395706e-02
  2.3362868e-01
 -3.4663312e+00
  2.2979675e-01
 -8.4480035e-01
  7.1650155e-02
 -6.8031567e-01
 -1.2168310e+00
  1.7049685e-03
 -4.5131111e-01
  1.2848387e+00
 -2.2412713e+00
 -8.3456963e-02
 -8.0565536e-01
  2.8611368e-01
  7.5224316e-01
 -2.6159325e-01
 -5.4659820e-01
 -6.1869483e+00
  2.0455296e-01
 -2.9768574e+00
 -5.6990657e-02
 -9.9755161e-02
  1.6829123e-01
  1.5574908e-01
  1.0053072e-01
 -7.6352102e-01
 -4.2513698e-01
 -2.5751615e-01
 -1.4420546e+00
  7.0069128e-01
  1.4817843e+00
  4.8836941e-01
  3.3091776e-02
 -9.0078062e-01
 -9.9711019e-01
  4.0257737e-01
  5.4467028e-01
  1.9417074e+00
  8.6339259e-01
  1.2341295e+00
  2.2140743e-02
 -4.9606535e-01
  9.3196523e-01
  1.0099499e-01
 -1.7131718e-01
  1.9838438e+00
 -3.2015204e+00
 -3.5539715e+00
  1.5188966e+00
 -9.2436306e-02
 -2.4545304e-01
 -6.6100812e-01
 -1.4048174e-01
 -1.0244547e-01
  1.7591043e+00
 -6.2247233e+00
  5.3813022e-01
 -1.4034982e+00
 -8.7142992e-01
  2.6743594e-01
 -5.5094343e-01
  9.5967257e-01
  3.2850244e+00
 -4.1717443e-01
  3.6810017e+00
  5.9970266e-01
 -1.4589097e+00
 -8.6850926e-02
 -3.0921366e+00
 -5.6168216e-01
  4.6541369e-01
 -1.5271772e+00
 -2.3823811e-01
  7.9175453e+00
  3.2060942e-01
 -7.1660030e-01
  3.2512420e-01
 -3.5771373e-01
 -1.0370193e+00
 -2.9460463e-01
  5.9604877e-01
 -6.0039091e-01
  4.8976426e+00
  5.4821527e-01
 -2.2461554e-01
 -1.4688085e-01
 -1.4353591e+00
 -2.0099808e-02
  2.2411616e+00
  2.6133175e+00
  7.7759504e-01
  1.6504574e+00
  8.3511823e-01
  1.4235294e+00
  1.8278004e+00
  3.1324586e-01
  6.2558371e-01
  3.5109186e-01
  4.6746624e-01
  3.5016882e-01
 -3.8922322e+00
  3.2692049e+00
 -1.5743678e+00
  1.0789335e+00
  1.6457611e+00
 -1.6077701e+00
 -8.8511193e-01
  1.1127107e+00
 -4.6475974e-01
 -7.5317162e-01
  4.1218787e-01
  1.4973804e-01
 -1.0560977e+00
 -1.6617547e+00
 -9.0158515e-02
  9.9303730e-02
 -3.5966737e+00
 -2.3303654e+00
 -2.0140469e+00
 -1.3408096e+00
  8.3565521e-01
 -2.1325469e+00
 -2.8026333e-01
  6.5540342e+00
  1.1528758e+00
  2.2169486e-01
  3.8602469e+00
 -5.4969285e-03
  1.9060364e+00
 -3.1541684e+00
  9.8340377e-02
 -7.0032889e-01
 -2.6137024e-01
 -4.4073153e+00
  9.1592389e-01
 -6.2486809e-01
  1.5546831e+00
  4.9832311e-02
  2.2279196e+00
  1.6195107e-01
  3.1811416e-01
 -6.5411037e-01
 -1.6856946e+00
 -6.9740214e+00
 -1.3509643e+00
  9.4628608e-01
 -1.1875798e+00
 -2.2557726e+00
  1.0094436e+00
  3.5345991e+00
  2.9166698e-01
  8.2461870e-01
  1.5309516e+00
  2.9773052e+00
  9.8904453e-02
  1.8385006e+00
 -4.5069829e-01
  7.5259858e-01
  2.3464937e+00
  1.0590850e+00
  9.3364757e-01
  3.1773794e-01
  3.9704639e-01
 -5.3092666e+00
  5.9837756e+00
  9.7890931e-01
  1.5354664e+00
  5.8027393e-01
  2.2030862e-01
 -4.4302028e-01
 -5.4264289e-01
 -7.4669307e-01
  1.0733079e+00
 -1.3898658e+00
  1.8471321e+00
 -1.1327938e+00
  1.0983832e+00
 -1.5012015e+00
  3.7089436e+00
 -9.6952224e-01
  3.2168474e+00
  2.5981772e-01
 -2.3155622e-02
  2.6621222e-01
 -2.3959706e+00
  8.7969792e-01
  2.6887858e+00
 -1.1168849e-01
 -1.8771595e-01
 -6.6083008e-01
 -3.2826848e+00
  3.4569025e+00
  9.3058544e-01
  9.9170411e-01
  4.1688647e+00
 -2.7821966e-02
  5.6165382e-02
  2.7487624e+00
  3.1624429e+00
 -2.9657907e+00
  1.4668918e+00
 -2.5596392e+00
  2.8840058e+00
  4.3048881e-02
  3.5490274e+00
  6.7458820e-01
  6.8753347e+00
  3.1333485e+00
  1.7866148e+00
  3.4458725e+00
  1.3731198e+00
  1.2166550e+00
 -8.8862842e-01
  2.7587841e+00
 -1.1203255e-01
  4.9025540e+00
  1.4650369e+00
  3.2331069e+00
 -2.8924179e+00
 -1.7254170e+00
  1.0056149e+00
  5.4958301e+00
  8.8552791e-01
  1.3330953e+00
 -3.6176866e-01
  4.2787752e+00
  4.2960447e-01
 -5.3102374e+00
 -1.4265345e-01
  8.7840778e-01
 -2.4568353e+00
 -3.5142049e-01
 -8.1094253e-01
  3.3940017e-01
 -2.0748544e+00
  2.5643461e+00
 -4.6005692e+00
 -3.0356854e-01
  5.0797939e+00
 -4.6236789e-01
  2.7940032e-01
 -1.2125766e+00
 -1.4065226e+00
 -5.5066150e-01
 -1.2879201e+00
  4.0026388e-01
  4.4029832e-01
  1.1255709e+00
 -1.9458526e-01
 -7.0022458e-01
  2.7019972e-01
  9.7768211e-01
  2.2653763e+00
 -3.1661100e+00
  8.3139193e-01
 -8.3860592e-04
 -1.3286299e+00
  3.2435602e-01
  1.8034102e+00
 -4.0187511e+00
 -5.1242828e-01
 -4.3941623e-01
  2.7718775e+00
 -8.6722988e-01
  2.7942414e+00
 -7.0716195e+00
 -3.6231529e-02
 -1.1443076e+00
  3.5953307e-01
  2.7678493e-01
  5.5986184e-01
 -2.6542610e-01
 -6.9981295e-01
 -1.4290707e+00
 -1.1290894e+00
 -3.5455215e-01
  5.4400045e-01
 -1.3443261e-01
  1.1620513e+00
 -8.1493750e-02
  3.2748544e+00
  9.6445936e-01
  3.8464570e-01
 -1.6310388e+00
 -5.1256366e+00
 -4.7792649e+00
 -6.8427330e-01
 -2.5324771e+00
 -2.4010794e+00
  1.6500210e+00
 -1.6754769e+00
  5.8940887e-01
 -6.1031360e-02
 -1.0279773e+00
 -6.9485351e-02
 -4.9820888e-01
  1.3160522e+00
  5.0965667e-01
  1.9903888e+00
 -2.7134496e-01
 -3.2425807e+00
 -3.4708357e+00
  2.2727256e+00
  2.8277853e+00
 -3.2021594e-01
 -4.0459681e+00
 -7.4032867e-01
 -3.8657576e-01
 -8.1593192e-01
  2.9174497e+00
 -3.6399817e-01
 -3.4588328e-01
  8.4355664e-01
  1.7693660e+00
  2.8833419e-01
  6.1907279e-01
  3.0525277e+00
  8.2422405e-01
 -6.0778324e-02
 -9.6422583e-02
 -2.1868727e+00
  1.6251683e+00
 -3.1633222e+00
 -5.4263777e-01
  1.9684272e-01
  5.3828936e+00
 -4.1388202e+00
 -4.6655914e-01
 -3.7607361e-02
  1.4679290e+00
 -3.5400298e-01
 -2.2368872e+00
 -3.8185811e+00
 -2.4355495e+00
  2.3209810e+00
  3.8712811e-01
 -2.3474181e-01
  8.8439345e-01
  8.4916568e-01
 -1.2175935e-01
 -5.1736002e+00
  3.0368447e-01
  1.6238844e-01
 -4.2205153e+00
  1.5304959e+00
  4.5548458e+00
 -3.7550681e+00
 -2.0652021e-01
  1.3506044e-01
 -5.8610404e-01
  7.8774482e-01
 -3.2520312e-01
 -1.0540211e+00
  1.3258317e+00
  5.6427443e-01
 -3.2122459e+00
  1.9850659e+00
 -1.7272893e-01
  4.0736359e-02
 -4.3389182e+00
 -2.3947179e-01
  1.1068738e+00
  2.1235285e+00
  4.7424713e-01
  1.5586337e+00
  1.3622727e-01
 -2.9589722e+00
  3.3370667e+00
 -1.4177450e+00
 -1.5748506e+00
  1.8313038e-01
  1.7961669e+00
 -1.7571847e+00
 -3.4632568e+00
  2.4224351e-01
  3.2099562e+00
  1.0580128e-01
  6.9532514e-02
 -9.4474947e-01
 -5.0194039e+00
  3.0996835e+00
 -4.2453671e-01
  1.2724732e+00
  3.3308108e+00
  1.7569348e-01
  3.2121994e+00
  6.6695493e-01
  5.9577549e-01
 -6.1903830e+00
 -1.7641265e+00
 -1.4400979e+00
 -1.9531511e+00
 -5.5366287e+00
 -1.5799720e+00
 -3.2632303e-01
 -3.7733808e+00
  3.3760285e+00
  4.5534687e+00
 -1.5585632e+00
  1.5225124e+00
 -4.3226832e-01
  8.5331225e-01
  3.4936378e+00
  2.9268212e+00
  4.1101794e+00
  3.9651921e+00
  7.3244505e+00
  4.4270027e-01
  1.5425823e+00
 -4.7908533e-01
 -4.3266237e-02
 -7.9978472e-01
  3.2739098e+00
  1.5439432e+00
  5.5960619e-01
  2.1899500e+00
  2.2798963e-03
 -2.0525520e+00
 -4.6343505e-01
 -8.9818406e-01
 -2.6146200e+00
  2.7415779e-01
  3.0788920e+00
  4.0702187e-02
  2.6869507e+00
  2.5131936e+00
  6.3397580e-01
  4.5183053e+00
 -7.1395129e-01
  2.3617220e+00
 -6.1866097e+00
  6.8837905e-01
 -1.6352867e+00
 -3.3907661e+00
  1.8652933e+00
 -9.7393847e-01
  1.1499424e+00
 -1.4480679e+00
 -2.0003932e+00
 -3.8130455e+00
 -1.6338851e-01
 -1.5447059e-01
  5.4769087e-01
  1.5619107e+00
 -1.5881206e+00
 -1.1806914e+00
  2.6473489e-02
  2.7549979e-01
 -3.2125046e+00
 -1.3698298e-01
  3.4019279e-01
 -1.0717767e+00
 -3.7553102e-01
 -7.3657961e+00
  1.7235814e+00
  1.4233011e-01
  3.2491124e-01
  1.4274839e+00
  7.3044789e-01
  9.2283003e-03
 -5.9730287e+00
 -6.9872576e-01
  1.3350439e-01
  8.8073039e-01
 -2.6907161e-02
 -1.3690466e+00
  3.6351681e+00
  4.6639590e+00
  2.4476216e+00
  1.3765829e+00
  1.7956347e+00
 -3.1446233e+00
  5.8730129e-02
 -4.5245972e+00
  3.6555987e-02
 -3.7948425e+00
 -1.3677222e+00
  4.0594544e+00
  2.6118848e+00
 -1.9783717e+00
 -1.3635284e+00
 -6.5572205e+00
 -5.0783539e-01
 -7.2520471e-01
  1.9068128e-01
  3.1356714e+00
 -9.0794867e-01
  2.9559269e+00
  4.9303818e-01
 -4.5030684e+00
 -2.1428695e-01
  1.7027390e-01
 -1.8891125e+00
  1.7793528e+00
  4.0336436e-01
 -5.7955962e-01
  8.1732327e-01
  1.8613461e-01
 -1.2181673e+00
 -1.7087044e+00
  1.0086417e+00
  1.3736491e+00
  4.0469460e+00
  1.7905707e+00
 -6.9239867e-01
  2.9030185e+00
  2.8638167e+00
 -8.0253249e-01
  2.6781349e+00
  1.8768191e+00
  2.5395992e+00
  2.5661643e+00
 -2.4806936e+00
 -8.1524931e-02
  6.9199705e-01
 -3.0968823e+00
 -1.7215697e+00
 -2.6054993e+00
 -3.5166266e+00
  7.3772675e-01
 -4.3011966e-01
 -6.1270648e-01
 -1.0505383e+00
  1.0141590e+00
  4.8485923e+00
  4.4118924e+00
 -2.3755801e+00
  8.7036285e+00
  1.7898233e+00
  3.0020723e+00
  1.8099130e+00
 -1.0690715e-01
  6.8776405e-01
  2.2990663e-01
 -9.4665492e-01
  6.7952981e+00
 -1.9530235e-01
  1.5666250e+00
  4.5845137e+00
  5.7109070e-01
 -1.9096193e+00
 -6.6382825e-01
 -5.2131391e-01
 -4.2435607e-01
  2.7122754e-01
  8.3856493e-02
 -1.3452536e-01
  6.2534487e-01
  6.4995284e+00
  6.2153178e-01
  2.4944909e+00
  2.1491830e+00
 -5.6152278e-01
  3.6241858e+00
 -7.5545138e-01
 -7.1576273e-01
  2.6182909e+00
 -1.1204830e-01
 -2.3729033e+00
 -1.8262157e+00
  2.6453400e+00
  2.0666176e-01
  8.3841286e+00
  7.5568981e+00
  4.9516492e+00
  2.8169363e+00
  2.7888854e+00
  1.2771745e+00
  2.2901145e-01
 -1.4876975e+00
  6.1256063e-01
  8.5567337e-01
  1.0589118e+00
 -9.7362405e-01
  1.1405708e+00
 -2.6981547e-01
  8.3911121e-01
 -1.9287196e+00
  2.3958657e+00
 -1.6454251e-01
  5.1726721e-02
 -1.9336057e-01
 -8.8237888e-01
  1.9456872e+00
  2.6163256e+00
 -3.6903444e-01
  3.5389924e+00
  2.1791399e+00
  6.8043417e-01
 -1.1211870e+00
 -1.8968344e-01
  1.1747556e+00
  2.7924249e+00
 -3.0912919e+00
  1.4558842e+00
  2.9951167e+00
 -2.3027148e+00
  6.1938224e+00
  1.3038900e+00
 -8.3826762e-01
  4.7683463e-02
 -6.5013522e-01
  8.7765819e-01
 -3.0705247e+00
 -4.6308947e+00
  7.4938440e-01
  4.4706626e+00
  2.1324754e+00
 -1.1856941e+00
  7.8420407e-01
  8.8619435e-01
  1.0884577e+00
  1.5769038e-01
 -1.3475401e+00
  1.2494153e+00
  5.6236348e+00
  3.1113420e+00
 -2.9575410e-01
  7.8302873e-03
  1.4875886e+00
 -1.7589725e+00
  2.4946830e-01
  1.6270759e+00
  6.1701035e-01
  2.1685266e+00
  5.0662975e+00
  2.8047154e+00
  1.6121544e+00
  2.6551440e+00
  3.8163152e+00
  2.3170505e+00
  5.4444712e-01
 -1.2611307e+00
 -8.1272125e-01
 -5.6374276e-01
 -6.3041264e-01
 -2.0497358e+00
  2.0283048e+00
 -2.7057216e-01
 -8.7216806e+00
 -3.5524354e+00
  1.4552033e+00
  1.5111873e+00
  3.2331491e-01
  7.1825343e-01
 -6.1172497e-01
  8.3096236e-01
  1.5931350e+00
  2.3859330e-01
 -8.9541852e-01
 -6.0439581e-01
  1.1838113e+00
 -1.8691266e+00
 -5.6730127e-01
  4.8791572e-01
 -9.9411058e-01
 -1.0078645e+00
 -1.0873228e+00
  1.1468744e+00
  3.7725286e+00
  5.2895087e-01
  8.8285756e-01
 -3.3412236e-01
 -7.2367948e-01
 -8.5768211e-01
 -6.5169978e-01
 -1.2965156e-01
 -1.3934444e+00
  8.5983676e-01
  8.1126636e-01
 -2.0327129e+00
 -9.2565811e-01
  9.5971346e-02
  2.0025697e+00
  7.6852775e-01
 -7.2697896e-01
  3.0656929e+00
  2.2359931e+00
 -2.6174448e-04
 -1.3848876e+00
  6.6707450e-01
 -4.9128690e-01
 -3.1240499e+00
  2.8836317e+00
 -3.6631551e-01
 -1.2992001e+00
 -1.5027578e+00
 -1.8955466e+00
  2.6173832e+00
 -9.9864900e-01
  1.4368119e+00
 -9.2659736e-01
  2.1978996e+00
 -8.4380734e-01
  2.5526008e-01
  2.3244565e+00
  6.7852235e+00
 -6.3662875e-01
 -5.2762437e-01
  2.0882909e+00
 -2.1693869e+00
  8.6931354e-01
  1.6351877e+00
 -1.1115947e+00
  2.1156050e-01
  3.2664258e-03
  4.0608487e+00
  1.8353270e-01
  1.2140617e+00
 -4.6906552e-01
  9.5155561e-01
  1.1261479e+00
 -1.6570576e+00
 -1.4782543e+00
  2.0336838e+00
  6.0869962e-01
 -2.6113472e+00
 -2.4397357e+00
  8.4401739e-01
  3.2342594e+00
 -5.5183296e+00
 -1.9878299e+00
 -1.5207784e+00
  1.5635576e-02
  1.1878810e+00
 -7.0526004e-02
 -3.8469629e+00
 -4.6725005e-02
 -1.8310621e+00
 -1.0976105e-01
  1.0847466e+00
 -4.3286610e-01
 -3.6068797e-01
  9.2265522e-01
 -1.4033295e+00
 -4.7268435e-02
  3.2254902e-01
  1.9085931e+00
  7.8621960e-01
  1.5251762e+00
  2.8218502e-01
 -3.5880658e-01
 -3.3794227e-01
  2.2796693e-01
  9.0789628e-01
 -1.1114299e+00
 -6.6250300e-01
 -4.3069279e-01
  1.1417664e+00
  4.5517948e-01
 -1.3663739e-01
  6.0655713e+00
  2.8648953e+00
  3.4382263e-01
 -3.9697325e-01
  9.3699276e-02
 -2.4334350e+00
  1.4838091e+00
  3.5954553e-01
 -3.9923842e+00
 -5.5034966e+00
  2.7199825e-03
  1.8391988e+00
 -4.9615368e-01
  3.6907647e+00
 -2.0401648e-01
  6.4312494e-01
 -2.5150557e-03
 -2.6900229e+00
 -2.4104235e-01
  2.4672308e+00
  2.4199607e+00
  7.1721059e-01
  2.9137474e-01
 -4.6408388e-01
 -6.2923807e-01
 -1.0071846e+00
  1.6777579e+00
 -2.9326400e-01
 -4.6605292e-01
 -4.1571736e-01
 -1.6180383e+00
  1.8977246e+00
  3.3905429e-01
  5.4390516e-02
  1.5598393e-02
 -9.6727735e-01
 -3.5840693e-01
 -5.3824949e+00
  5.8510143e-01
 -1.5158335e+00
  9.1591525e-01
 -6.8530858e-01
 -7.9150075e-01
 -7.4213308e-01
  1.5331991e+00
  1.2630385e-01
 -8.4721959e-01
 -3.5870497e+00
 -4.7242647e-01
  6.6944182e-01
  7.6018482e-02
 -2.5788004e+00
  1.5721494e+00
  3.8251691e+00
 -3.5131863e-01
  4.1672018e-01
  2.5070605e-01
  1.5012075e+00
 -9.2452735e-01
  1.6159110e+00
  9.7892958e-01
 -1.0504507e+00
  1.9098113e+00
  3.2131800e-01
 -5.6125402e-02
 -2.7828544e-01
 -8.5660595e-01
  8.7725276e-01
  2.5594332e+00
  5.6415266e-01
 -4.4713922e+00
 -1.6903147e-01
 -5.7364124e-01
  5.5653572e-01
 -1.0740346e-01
  3.9808887e-01
  2.2805122e-01
 -2.2464071e-01
  1.4071828e+00
  2.4800521e-01
 -1.0679065e+00
  7.5906935e+00
  1.9421183e+00
  2.5004952e+00
 -1.1575413e+00
 -8.5469581e-02
 -5.2882414e-03
  2.8859276e-01
 -9.7476028e-02
 -3.4888972e-02
 -1.7724175e+00
 -2.8077713e-01
  2.8697362e+00
  1.0372856e-01
  2.0551130e-02
 -7.9866594e-01
  2.9577880e+00
  2.0133376e+00
 -8.5611865e-02
  1.1874388e+00
  3.9266938e-01
  9.6704155e-01
  1.0634945e-01
 -1.6396078e+00
 -1.8818141e+00
  1.0738358e+00
  7.1305364e-01
 -7.4655789e-01
  8.2235897e-01
  3.1329629e+00
  1.2124556e+00
  1.9630814e+00
 -4.4248274e-01
 -5.7288140e-01
  9.4909573e-01
  1.8989107e-01
 -1.1740156e+00
 -4.0031743e+00
 -4.9105897e+00
 -6.0100162e-01
 -1.8026855e+00
  7.9230160e-01
 -3.0069203e+00
  6.6919756e-01
 -1.4213959e+00
 -2.7933216e-02
  1.0249181e-01
  1.1415507e+00
 -1.9065596e+00
 -3.0889755e-01
 -1.1468838e+00
  1.8058286e+00
 -1.8717256e+00
  2.4497223e+00
  2.8770893e+00
  3.3452890e+00
  1.1998603e+00
  4.3087759e+00
  7.2202253e-01
 -1.3411027e+00
  8.8044548e-01
  1.1320113e-01
  5.7637282e-02
  3.5478039e+00
  4.1897741e-01
  4.3197829e-01
 -8.7067440e-02
 -3.5026425e-01
  5.0672197e-01
  2.4337873e+00
 -4.8272789e-01
 -1.9868186e+00
 -6.1322972e-02
  1.2375027e-01
 -2.4256587e-01
 -7.9538471e-01
  5.9625000e-01
  1.1230015e+00
  6.4696449e-01
  1.7557852e+00
  9.7268420e-01
 -9.5190781e-01
  2.8845375e+00
 -1.2531096e+00
  1.1336353e+00
 -1.0636588e+00
  1.7072169e-01
  2.0458450e+00
  2.8882045e-01
  9.3459994e-01
  4.5687332e+00
  3.1842239e+00
  8.9502895e-01
  1.2797484e-01
 -1.2522644e+00
 -1.4632982e+00
 -4.0675485e-01
  5.3356677e-01
  4.7554579e-01
  7.4402064e-01
  1.5397671e+00
 -2.7150469e+00
 -1.3441397e-01
 -1.8059846e+00
 -1.9525750e+00
  5.1971667e-02
 -9.2753214e-01
 -4.2816067e-01
 -1.0191296e+00
  1.3993855e+00
  4.9508843e+00
  5.1565271e-02
  1.5030775e+00
 -1.7101249e-01
  6.7002904e-01
  1.8708894e+00
  7.8479338e-01
  9.5418644e-01
 -9.7924513e-01
 -6.3385618e-01
  6.0621792e-01
  4.6179515e-01
  5.3367198e-01
 -1.0232959e+00
  1.8730417e-01
 -1.5919163e+00
 -6.7357039e-01
 -1.7874516e+00
 -5.4364398e-02
 -9.5633364e-01
 -1.0548044e+00
 -3.5322389e-01
  1.3041225e-01
 -9.8084354e-01
  2.5633805e+00
  2.8511872e+00
  1.1155808e+00
  6.3010031e-01
  4.0640030e+00
  1.4133410e+00
  1.4805213e-01
  7.4377435e-01
 -4.2335179e-01
  7.8652692e-01
  2.2918906e+00
 -2.0752446e-01
 -7.5224298e-01
  5.9596002e-01
 -2.7078700e+00
  3.3733106e-01
  3.6217621e-01
 -2.5726061e+00
  1.7809364e+00
 -5.9486753e-01
  9.0514624e-01
  1.8854791e-02
  1.1353185e-01
 -3.7759188e-01
  1.5915418e-01
 -1.8328518e+00
 -2.4566069e+00
  3.5505886e+00
 -2.0254939e+00
 -6.7280731e+00
 -2.3623362e+00
 -1.5834035e-01
 -2.8752735e+00
 -2.7597783e+00
 -1.3315499e+00
  1.7947464e+00
  1.5091432e+00
 -1.9993190e+00
 -1.0035909e-01
 -1.5424813e+00
  1.0652335e+00
 -3.3943006e-01
 -1.4193889e+00
  2.1666310e+00
  2.3483555e+00
  2.3647492e+00
  4.9073738e-01
  3.3076701e+00
  2.8964748e+00
 -4.2504236e-01
  3.2064205e-01
  1.9027256e+00
  1.5931168e+00
  1.7518512e+00
 -1.2102524e+00
  1.3337735e+00
  3.4301775e+00
  2.9450819e+00
 -1.8743150e+00
 -2.4076529e+00
 -1.9551455e+00
  4.4732219e-01
  2.7364907e-01
 -2.7159350e+00
 -1.4173017e+00
  3.7497130e-01
 -1.1999077e+00
 -3.8985298e+00
  9.4927382e-01
 -3.5793176e-01
  1.8162419e+00
  3.1941633e+00
  6.1815572e-01
 -2.8785929e-01
  6.4329946e-01
 -2.2256603e+00
  6.1172533e-01
 -6.2690502e-01
  2.3506947e+00
 -1.0304576e+00
 -1.1921467e+00
 -2.2814066e+00
  1.6749563e+00
  3.3459216e-02
 -6.7419906e+00
  2.7055972e+00
 -5.4087102e-01
  7.7597827e-01
 -7.2856879e-01
 -1.5646365e+00
 -1.3243717e+00
  1.2167033e+00
  8.7647313e-01
  6.2210985e-02
  7.4024194e-01
 -7.3606260e-03
  1.5342398e+00
 -3.0570745e-01
  4.6744680e+00
  4.1748199e-01
  6.0359907e-01
 -1.7883617e+00
  6.6300654e-01
  2.0158105e+00
 -7.9733796e-02
  1.2153310e+00
 -1.1066829e-01
  6.2007177e-01
 -1.3844198e+00
 -5.7132316e-01
  1.9062729e+00
 -1.7975590e+00
 -2.7030352e-01
 -2.3240583e-01
 -4.7574835e+00
  1.4204472e-01
  4.8223500e+00
 -1.9016323e+00
 -1.1773243e+00
  4.4782009e+00
 -6.9758527e-02
 -1.2393001e-01
  5.0192910e-01
 -2.6655214e+00
 -1.2720199e+00
  2.0754876e+00
 -1.1706094e+00
 -2.9759952e-01
  3.4852362e-01
  5.7430792e-01
  7.3749477e-01
  4.4809112e-01
 -3.1893659e-01
 -3.2687899e-01
  2.5843749e+00
 -1.3614942e+00
  2.2937453e+00
 -4.7160566e-01
  1.1250496e-01
 -9.9382830e-01
 -1.7637844e-01
  5.6598324e-01
 -4.2953956e-01
  3.7333345e+00
 -8.7044692e-01
  3.5194755e-02
 -9.2826402e-01
  2.2833054e+00
  6.4692676e-01
 -7.9136169e-01
  7.5274801e-01
  1.2991110e+00
 -2.1113601e+00
  1.0052582e+00
  3.9033079e+00
  5.7785159e-01
 -7.2205201e-02
  2.3625114e+00
  5.8311095e+00
 -8.7652314e-01
 -9.9405771e-01
 -3.3141451e+00
 -1.2242633e+00
  1.4850428e+00
  2.9298925e+00
  9.2175454e-01
 -4.4966263e-01
 -3.9086223e+00
 -1.8820933e+00
 -2.5896919e-01
  3.0934851e+00
  1.6210287e+00
 -9.1465455e-01
  8.0301446e-01
 -3.5259214e-01
 -3.5851449e-01
  4.7092280e+00
  3.4211490e-02
  3.6410999e-01
  7.4562311e+00
 -4.1369775e-01
 -4.1324762e-01
  5.6492752e-01
 -1.9734607e+00
 -2.0565310e+00
 -5.8984041e-01
 -4.5733273e-01
  2.3663547e-02
 -3.7986829e+00
 -2.9119565e+00
 -1.2823405e+00
  3.7221010e+00
  2.6605504e+00
 -2.1037783e-01
 -3.5971689e+00
  2.5254135e+00
  1.8620440e-01
  2.2307062e+00
 -4.3370113e+00
 -1.8135123e+00
 -4.5324272e-01
 -2.9293945e+00
 -7.0923626e-02
  1.9613670e+00
  1.4746389e+00
 -2.6191807e+00
 -3.0909214e+00
  8.2455951e-01
  1.0309655e-01
 -8.7118286e-01
 -7.4009454e-01
 -3.0988523e-01
 -1.7297111e-01
 -5.2829545e-02
  1.0915552e+00
 -4.0305314e+00
  1.3699864e+00
 -6.7157245e-01
 -1.8671216e+00
 -1.6805832e+00
  7.1701136e+00
 -9.5974749e-01
  2.6687101e-01
 -3.4593490e-01
  1.1541228e+00
  3.7322807e-01
  2.1696713e+00
 -4.1718227e-01
  2.8473308e+00
 -5.6901717e-01
 -1.4121416e+00
  3.1745620e+00
  1.4466126e+00
  1.3311551e+00
  6.4315081e-01
 -3.2104168e+00
 -7.8916170e-02
  9.4182116e-01
 -5.1803596e-02
  2.7186804e+00
 -3.2237413e+00
 -1.3850430e+00
  5.3579464e+00
  7.2009456e-01
  1.7510906e+00
  1.5299488e+00
  6.8895807e+00
 -4.4437453e-01
  1.6581630e+00
  1.0966779e+00
  2.1381741e+00
 -3.1705959e+00
 -7.9305565e-01
  1.1171553e+00
  2.0827119e+00
  1.7436275e+00
  2.5918350e-01
  1.7229730e+00
  3.9871699e-01
  1.8279780e-02
 -2.8557296e+00
  1.1606668e+00
 -1.3456456e-01
 -1.1876447e+00
  4.2326689e-01
  1.6661154e+00
  8.2265568e-01
  9.2627801e-02
 -1.5226540e-01
 -2.0955753e+00
 -1.8642986e-01
 -2.7254431e+00
 -9.1669006e+00
 -1.9848335e+00
 -2.4894481e+00
  2.1709018e+00
 -1.2591684e+00
 -2.8128581e+00
 -9.5392060e-01
  4.2382655e-01
 -9.7711527e-01
  7.9637414e-01
  3.2135215e-01
  9.8298556e-01
 -6.2796408e-01
 -6.9792151e-01
  3.0283609e-01
 -1.8715547e+00
  5.7261044e-01
  3.8361156e-01
 -2.9184203e+00
 -7.4694908e-01
 -4.0519481e+00
  2.3792893e-01
 -3.9854493e+00
 -8.4538412e-01
  1.3306807e+00
  2.5069346e+00
 -2.0483401e+00
  2.0396602e+00
  4.8810038e-01
 -2.7396971e-02
  6.9839740e+00
  2.1207919e+00
  2.0685380e+00
  4.7693720e-01
 -4.4895921e+00
 -1.8068426e+00
 -6.5431929e+00
 -1.8919955e+00
 -2.4451227e+00
  7.9827541e-01
 -3.3397224e+00
  1.0265448e-01
  6.0732652e-02
 -1.8069397e+00
 -3.3292768e+00
  3.3623183e-01
  1.2903655e+00
 -2.8230965e+00
 -2.7696054e+00
 -2.7358222e+00
 -8.2899654e-01
 -5.3970701e-01
 -7.8416276e-01
 -4.1618137e+00
  2.7747726e-01
 -4.1882157e-01
 -1.7034721e+00
  1.3860911e-01
 -4.9956986e-01
 -2.3150086e+00
  2.1230421e+00
  1.8161360e+00
  5.2551162e-01
 -9.8620915e-01
  4.6827313e-01
 -3.1516111e-01
 -2.0365705e-01
 -1.3663650e+00
 -1.7441360e+00
 -2.6991358e-01
 -1.1770264e+00
 -4.4694275e-01
 -1.3866146e-01
 -1.5598400e+00
  2.9066719e-02
 -6.2413168e-01
  7.3886222e-01
 -7.0214026e-02
  1.0273958e+00
  1.1427653e+00
 -1.9070904e-01
 -8.6135107e-01
  4.2963201e-01
  7.7916896e-01
  5.0496478e+00
  2.4708998e+00
  1.5633658e+00
  1.8936076e+00
 -1.9049436e+00
 -1.5531785e+00
  5.8477980e-01
  1.3141699e+00
  1.4352489e-01
 -8.1846856e-02
  9.1150659e-01
 -4.1014582e-01
  4.1516858e-01
  3.0774868e+00
  2.5067179e+00
  8.8075936e-01
  7.3294997e-02
  1.9674426e+00
  4.0849051e-01
  1.3945293e+00
  9.8647517e-01
 -2.8786394e-01
  1.9431919e-01
  1.0668675e+00
 -3.4653649e+00
 -8.6424410e-01
  1.1293883e+00
 -2.6773267e+00
 -6.9230258e-01
 -1.8642412e+00
 -1.8845674e+00
  9.2104155e-01
  2.8321826e-01
 -1.7735273e+00
 -3.2374465e-01
  4.8686001e-01
  6.4332008e-01
 -3.7612092e+00
  5.5618484e-02
 -2.1635697e+00
  4.8420781e-01
  2.7763011e+00
  9.4959825e-01
  4.1873768e-01
  3.1913069e-01
  4.1183271e+00
  3.2896635e-01
  6.9764247e+00
 -4.5711942e+00
 -6.9426292e-01
 -1.7341238e+00
 -2.3705273e+00
 -9.7477132e-01
  1.2245635e-01
 -2.1762681e+00
 -4.4744730e+00
 -2.5095246e+00
 -8.0681854e-01
  1.3324094e+00
 -9.2161626e-01
  2.2266057e+00
  7.2351904e+00
  8.6942678e-03
  2.4663684e+00
  5.1666075e-01
  1.6821456e+00
  3.1391151e+00
  1.1931435e+00
  2.6542196e+00
 -1.9650569e+00
  2.2121370e-01
  1.0467355e+00
 -1.6691940e+00
 -7.0604479e-01
 -1.3398069e+00
  2.0908849e+00
 -2.8445134e+00
  2.2419260e+00
 -1.1270893e+00
 -1.3680214e+00
  1.8200883e+00
 -2.3975823e+00
  4.8954424e-01
 -5.2198272e+00
 -6.9157559e-01
 -8.9995712e-01
 -1.7819567e-01
  4.2803502e-01
  2.0250244e+00
 -4.7435015e-02
  3.2203990e-01
  2.1629443e+00
 -1.0886222e+00
  5.1795107e-01
 -7.9703850e-01
 -5.3167087e-01
 -2.0140526e+00
  3.2834944e-01
 -1.4967761e+00
 -6.2139995e-02
  1.6353359e+00
 -9.7772285e-02
 -1.4365569e+00
 -1.2452292e-01
 -8.1148815e-01
 -2.7513832e-01
  9.9888086e-01
 -4.2413718e-01
  1.3621757e+00
  1.3622645e+00
  3.7307413e+00
 -3.7161836e-01
 -2.5069785e-01
  1.0759116e+00
  2.9893947e-01
 -3.4300847e+00
  5.1327701e+00
 -8.9721936e-01
 -1.9811752e+00
 -2.1365542e+00
  1.6956426e+00
 -9.7233486e-01
  7.5472915e-01
 -3.0954461e+00
 -5.9581022e+00
 -9.8573667e-01
 -1.0823380e+00
 -2.6163936e+00
 -1.6776681e+00
  6.6812664e-01
  5.6733952e+00
  4.7841644e+00
  6.4377751e+00
  1.2129087e+00
  2.9409347e+00
  5.8272324e+00
  3.9950063e+00
  2.0733490e+00
  2.3084967e-01
 -5.6362623e-01
 -1.1286393e+00
 -1.4358385e-01
 -7.9775298e-01
  1.8942383e-01
 -4.8492789e+00
  3.7334062e-02
  2.6599422e+00
  4.3079355e-01
 -8.1427777e-01
 -1.2318652e+00
 -1.0171145e+00
 -5.2428252e-01
  2.0527805e-01
  5.6091422e-01
  4.2948186e-01
 -5.2153975e-01
  4.9993026e-01
 -2.5208192e+00
 -3.3771834e+00
  5.0601369e-01
 -6.3465327e-01
  4.5929900e-01
 -4.5125971e+00
 -1.0019516e+00
 -1.5279425e+00
  1.9241719e+00
 -7.9230852e-03
 -8.1096983e-01
  8.9474088e-01
 -2.9736966e-01
  8.4529513e-01
  1.6516913e+00
 -5.2216172e-01
  1.5440998e+00
  1.7796956e+00
 -1.2645832e-01
  4.6789032e-01
  1.1987453e+00
  5.9940571e-01
 -2.5042148e+00
  2.2636819e+00
 -6.1082637e-01
 -4.9229586e-01
  1.3738939e+00
  7.1181363e-01
 -6.9467521e-01
 -6.2219787e-01
 -7.2751820e-02
 -1.3293452e+00
 -4.9422302e+00
 -2.2995257e-01
  8.6891659e-02
  1.5177935e+00
 -6.2095731e-01
 -1.2736548e+00
  5.8973694e-01
 -4.1476202e-01
 -2.9530509e+00
  1.3775904e+00
 -2.0434439e+00
 -7.5729591e-01
  2.5931749e+00
 -8.2522565e-01
  6.3030452e-02
 -8.9655921e-02
  1.6406243e-01
 -1.3605686e+00
 -4.7581725e+00
  2.1012549e+00
 -2.0031667e+00
 -2.3456524e-01
 -5.6924729e+00
 -5.3406769e-01
  1.1609396e+00
  3.8917344e+00
 -5.4658065e+00
  1.2442672e+00
  8.0554169e-01
 -9.4140381e-01
  4.4887156e+00
  8.7787056e-01
  1.0589360e+00
  2.2560477e+00
  8.5492563e-01
  3.0277808e+00
  3.5912766e+00
  5.5479109e-01
  3.3107526e+00
  1.3704543e+00
  8.3744389e-01
 -1.2402804e+00
  2.7988428e-01
  1.6742016e-01
 -3.2223958e-01
  9.5765239e-01
  7.1877956e-01
 -8.4455210e-01
 -3.5728529e-01
  5.1754332e-01
 -8.2484061e-01
  1.0128624e+00
 -2.8791292e+00
 -3.3721833e+00
  9.5397347e-01
  4.2743742e-01
  7.4221241e-01
  2.4162393e+00
  2.9983920e-01
  1.1547623e+00
 -2.3489537e+00
 -4.8158107e+00
 -1.3203211e+00
 -2.0799351e+00
 -4.3456545e+00
 -8.3208537e-01
 -2.7223340e-01
 -2.8671976e-02
 -1.1160896e+00
  1.8702322e-01
 -4.9339357e-01
  3.4102263e+00
 -1.3788735e+00
 -9.8697317e-01
 -1.2658800e+00
  1.7217714e+00
  4.7031361e-01
  1.0017449e+00
  5.0395880e+00
  3.3299845e-01
 -1.0454960e+00
 -5.0358057e-01
  5.8540457e-01
  7.8535907e-02
  3.6709523e-01
  2.1039672e+00
  1.2034580e+00
  1.8942249e+00
  1.8220276e+00
  2.2333825e+00
  5.0586647e-01
  3.3113775e+00
  1.4306002e+00
 -2.3837268e+00
 -1.5475184e+00
 -1.6033165e-01
  2.2701283e+00
  4.3826637e-01
 -1.9930193e+00
 -2.9313357e+00
  3.4091511e+00
  5.1690447e-01
  1.0027798e+00
 -8.2466513e-01
 -1.3114117e+00
 -4.3835008e-01
 -6.6924560e-01
 -6.7385721e-01
 -1.8840321e+00
  5.4018658e-01
 -2.2234261e+00
  1.5256448e+00
 -5.0468040e-01
 -1.3990924e+00
 -2.1065773e-01
 -1.5271065e-01
  1.0413581e-01
  1.0938717e+00
  2.4924393e+00
 -5.4204339e-01
  8.1178504e-01
 -1.7649773e-01
 -2.7239258e+00
 -4.2950472e-01
  1.0755368e+00
 -1.8580963e-01
 -1.5548506e+00
 -2.9787526e+00
  8.3965015e-01
 -8.7203836e-01
 -9.4151670e-01
 -2.9748604e+00
  3.4018409e+00
 -2.0813074e+00
 -6.0130510e-02
 -2.1046252e+00
 -1.6705395e+00
 -1.5781395e+00
 -7.5849760e-01
 -5.0850604e-02
  2.1265948e+00
  1.9526856e-01
  7.1806335e-01
 -8.1620291e-03
 -3.3492059e-01
 -4.8803845e-01
  4.9440971e-01
  2.7708893e+00
  5.6293535e-01
  1.1448131e+00
  3.0089152e+00
 -3.1047678e-01
  4.0243092e+00
  1.0120759e+00
  9.5126623e-01
 -2.9217562e-01
 -8.2238299e-01
 -5.4459596e-01
  9.5189047e-01
 -1.8916103e-01
  2.9243584e+00
 -3.7555534e-01
 -1.9761325e+00
  1.6141858e+00
 -5.3986239e-01
  2.8195512e+00
 -6.1961186e-01
 -4.6088367e+00
 -4.1545873e+00
 -2.6159580e+00
 -8.5551506e-01
 -3.4992111e+00
  2.7631161e+00
 -5.8439779e+00
 -4.3977504e+00
 -5.0794053e-01
  1.3917476e+00
  1.4192227e-01
 -2.7747992e-01
  5.0502503e-01
 -1.2361985e-01
 -1.9702536e-01
  2.1476428e-01
  3.8433057e-01
  2.4057965e+00
  1.4669091e+00
 -2.5344479e+00
  2.3307588e+00
  3.6135979e+00
 -9.5245022e-01
  7.6720077e-01
  4.1324234e+00
 -1.2553825e+00
 -2.7414626e-01
  7.5314444e-01
  6.0767871e-01
  2.8848869e-01
 -6.2346631e-01
 -1.0312895e+00
  1.2219854e-01
  5.9624261e-01
  3.6319175e+00
 -1.7121902e+00
 -3.0467555e-01
 -6.7418671e-01
  1.5588939e+00
  5.2697945e-01
 -1.3708591e-01
 -3.8468935e+00
  1.0229284e-01
  3.0491376e+00
 -9.7105339e-02
  3.6409302e+00
  8.1742203e-01
  1.1667331e+00
  3.4615585e-01
  9.2160594e-01
 -3.7973530e+00
  7.3159206e-01
 -3.2982197e+00
  1.5043840e+00
  1.4191865e+00
  7.7348632e-01
  5.0825372e+00
 -1.9033893e+00
  5.5709344e-01
  1.5040861e+00
 -1.8384536e-01
  1.6002778e+00
  2.5558254e-01
  1.9161248e-01
 -1.1164084e-01
 -2.0558280e-01
 -1.5388354e+00
  2.5435147e+00
 -4.7018981e-01
 -2.8469113e-01
  1.5712355e-01
  2.5730996e+00
  2.2256288e-01
 -2.0026023e+00
  1.3100585e+00
 -5.6551427e-01
  1.3466747e+00
  6.6902393e-01
 -2.0355815e-01
  2.6962407e+00
 -1.2681714e-01
 -4.0483160e+00
 -3.0123546e+00
 -4.4973052e-01
  8.4295416e-01
  5.1941756e-02
 -3.6796483e-01
 -1.4984581e+00
 -1.8316603e+00
  3.9979181e-01
  3.0731809e+00
  6.7532021e-01
  3.4326324e+00
 -2.4484115e+00
 -3.1673065e-01
  2.2956297e-01
 -1.2637275e+00
  1.1357644e+00
  4.2914362e+00
  6.6360168e-02
 -6.0766950e+00
 -3.5391679e+00
  8.5802335e-01
 -4.2277563e-01
  9.4956405e-02
  2.4353149e+00
 -4.4911441e-01
 -6.5753722e-01
  7.2006948e-02
  9.9032617e-01
  2.6496178e-01
  7.0282966e-02
 -4.9888030e-02
 -9.9312937e-01
  1.9250118e+00
 -2.0834277e+00
 -1.9513699e+00
  1.3645145e+00
  1.0989957e+00
 -2.8141677e-01
  7.5469655e-01
  1.8406737e-01
  3.1391767e-01
 -1.5192620e+00
  1.6020783e+00
 -2.2148573e+00
  9.7216171e-01
  8.8187367e-01
 -2.5652575e-01
 -4.8273382e+00
  3.9099398e-01
 -2.6340601e+00
  1.7106174e+00
 -2.4258606e+00
  1.4434962e+00
  2.5782725e-01
 -1.7498405e+00
  2.5986681e+00
 -1.2956531e+00
  4.8537472e-01
  1.6715845e+00
  9.2453229e-01
  8.3539826e-01
 -2.0263860e+00
 -9.3698776e-01
 -5.6647551e-01
  4.0318370e-01
 -2.6618462e-02
 -8.3050704e-01
  1.5406500e-01
  3.9491583e-02
  1.8699800e+00
  1.6623657e+00
  1.9469932e+00
 -2.9590492e+00
 -1.1147234e+00
  1.1701187e+00
  4.4965978e+00
  8.4829217e-01
  5.1589584e-01
 -1.1459154e+00
  1.4240320e-01
 -5.1174581e-01
  2.9370480e+00
  1.1104615e+00
 -2.7667618e+00
  5.4146963e-01
 -2.4811447e+00
  4.8391503e-01
  8.7309378e-01
  5.7037501e-03
  9.4711894e-01
 -2.8813210e-01
  4.1008148e+00
 -1.2302140e+00
  9.9940109e-01
  1.0406272e+00
  7.2447628e-01
 -1.5536538e+00
 -9.9982446e-01
 -1.5888778e+00
 -3.9982467e+00
  1.9745868e-01
 -2.7785578e+00
 -1.6675372e+00
 -1.9302988e+00
 -2.1447885e-01
  8.3383274e-01
 -1.8736361e-01
 -6.7016435e-01
 -3.8606980e-01
  1.1684366e+00
 -4.2828012e-02
 -7.9566789e-01
  5.4705721e-01
  6.9401389e-01
 -3.5882616e+00
 -6.5873003e-01
 -4.9611387e-01
 -9.5522754e-02
 -8.2929224e-01
  6.0871595e-01
 -7.9628003e-01
  1.5418353e+00
 -9.5346725e-01
 -2.6118362e-01
 -1.1560280e+00
 -9.8025608e-01
  2.1599066e+00
 -2.2209604e-01
  6.5699112e-01
  3.3931383e-01
  1.9136827e-01
  3.5357928e-01
 -6.0337329e-01
  3.6381789e-02
  5.6920928e-01
 -2.7765930e-03
 -1.7598070e-01
 -2.5365760e+00
 -8.6946201e-01
  6.1799329e-02
  7.7414829e-01
 -5.5026245e-01
 -3.8317652e+00
  1.7910182e-01
  8.0447519e-01
  9.4346589e-01
  1.4438127e+00
 -1.0924470e-01
  1.1611545e+00
 -4.2976546e-01
  7.9439503e-01
 -1.3750390e+00
  8.1789649e-01
 -1.4374759e+00
 -1.8371500e+00
 -2.6777539e-01
  2.9660323e+00
 -3.9734669e-02
 -6.4914656e-01
 -3.1257024e+00
  2.6623175e+00
  2.1994720e+00
  2.2848930e+00
 -5.5174172e-01
 -7.3087293e-01
 -5.4794800e-01
 -1.6403369e+00
 -5.9314233e-01
  5.2839637e-01
 -2.6183781e-01
 -1.4201829e+00
 -1.8975971e+00
 -2.9363551e-03
  3.6893265e+00
  8.6589634e-01
 -7.2118264e-01
  9.7680044e-01
 -1.9513692e+00
 -1.2578422e+00
 -2.0304983e+00
 -2.5866067e-01
  4.5880771e-01
 -2.2924371e+00
 -1.0087770e+00
 -2.3173735e+00
 -1.6722338e+00
  1.6385890e+00
 -5.3107578e-01
 -3.1881198e-01
 -2.0790501e+00
 -2.5551600e+00
  6.3927673e-02
 -4.2259336e-01
  1.5680244e+00
 -1.2280848e+00
 -2.9369123e+00
  4.1751391e-01
 -7.2926921e-01
  1.1240198e-01
 -7.0766306e-01
  3.9555997e-01
  1.7319279e-02
  5.5583417e-01
  1.2976704e+00
 -1.7125988e+00
 -2.5822780e+00
 -2.1341863e+00
  8.9953524e-01
 -4.6782121e-01
  8.9252865e-01
 -9.5604128e-01
  6.8078333e-01
 -7.7959520e-01
  7.0569062e-01
 -6.0154712e-01
  2.1815182e-01
  6.1703020e-01
 -4.3728262e-01
  8.7100223e-02
 -3.0029535e-01
 -2.8834835e-01
  9.0020955e-02
 -2.7476612e-01
 -1.5632956e+00
  7.9197335e-01
  2.2736520e-01
 -1.0995791e+00
  1.4947725e-02
  1.8630989e+00
  3.2997447e-01
  6.0827166e-01
 -9.4107193e-01
  1.0013448e-01
  1.1038063e+00
  1.0238125e+00
  1.1841917e+00
  3.5106850e-01
 -7.0200555e-02
  3.2692060e-01
  1.2403139e-01
 -2.2800164e+00
 -1.0775062e-01
  1.4150220e+00
 -8.2147831e-01
 -1.4625626e+00
 -1.1670731e+00
  5.2613962e-01
  3.4482270e-01
 -3.5714879e+00
 -8.4687424e-01
  2.3858856e-01
 -8.8717544e-01
 -2.0346310e+00
 -5.0734609e-01
  3.4777207e+00
  3.6287880e-01
 -1.0615795e+00
  2.0798416e-01
 -1.2365052e+00
 -9.9256152e-01
  5.3636517e-02
  1.3158008e+00
  1.2622696e+00
  7.6770142e-02
 -9.3054943e-02
 -8.7876499e-01
  2.7648142e-01
  9.5739132e-01
 -1.2773824e+00
 -7.4126065e-02
 -1.3254213e+00
  3.3756143e-01
 -5.7378584e-01
  1.4105603e+00
  6.9080460e-01
 -3.2892518e+00
  4.3031145e-02
  6.1477131e-01
  2.5810287e+00
  1.2604326e-01
  1.5967435e+00
 -1.4512946e-01
  2.2051376e-01
 -1.4389745e+00
 -5.3951991e-01
 -3.0303628e+00
 -1.3869248e-01
 -1.4545372e-01
  2.6292887e+00
  1.2231755e+00
  1.1890662e-01
  8.1066155e-01
  6.0292923e-01
  1.2866618e-01
 -7.6701188e-01
 -4.5061354e-02
 -2.6195056e+00
  1.3041999e+00
 -4.6583519e+00
 -3.1531758e+00
  3.4823663e+00
 -1.5048541e+00
  6.0367876e-01
  3.7043932e-01
  5.7429087e-01
 -5.8397937e-01
  3.3121524e+00
  1.7597996e-01
  1.0618993e+00
  6.7320719e+00
 -2.7299428e+00
 -2.3088961e+00
  1.1113051e+00
 -7.9780948e-01
 -1.4280037e+00
  3.7964694e+00
 -3.1869018e+00
 -2.6093650e+00
 -2.5604365e+00
 -2.1845860e+00
 -3.9036038e+00
 -3.2976949e+00
  2.9081326e+00
 -1.5999112e+00
 -2.0325150e+00
  3.0202591e+00
  1.0144290e+00
  7.2164631e+00
  5.1278672e+00
 -5.2846992e-01
 -3.5941141e+00
 -4.1748695e+00
 -3.8006146e+00
  5.6273419e-01
 -1.7205842e-01
 -1.9300566e+00
 -2.1265831e+00
 -1.7080542e+00
 -1.3818051e+00
 -1.9510400e+00
  5.4738384e-01
  7.3923955e+00
  3.1720314e+00
 -6.1211791e+00
 -2.5427496e-01
 -4.0249653e+00
 -3.9120737e-01
  4.0222569e+00
 -3.4187138e+00
  1.8717602e-01
 -7.2919071e-01
  1.3316585e+00
 -1.8323213e+00
 -1.2275374e+00
  8.3625686e-01
  1.1835017e+00
  1.8015776e+00
 -6.2995353e+00
 -8.8759995e-01
  1.3897725e+00
 -2.1191867e-01
 -3.8549173e-01
 -1.2336541e+00
 -2.8957787e+00
 -4.9700105e-01
 -4.5726243e-01
  1.2353793e+00
  1.7232154e-01
 -1.0359815e+00
 -3.1891472e+00
  6.1543667e-01
  6.1199300e-02
  1.0152662e+00
  6.3383770e-01
 -1.8877448e+00
  2.0665317e+00
 -1.7709601e+00
 -1.0251529e-01
 -1.6159244e+00
 -9.3133974e-01
 -7.9609555e-01
 -1.1145002e+00
 -1.4381018e+00
 -5.5768216e-01
  6.4431863e+00
  2.4757095e-01
 -1.4105368e+00
 -1.7691056e+00
 -4.3518767e+00
  2.5990644e+00
 -9.0675664e-01
  1.0942859e-02
 -2.8889403e-01
 -9.7491330e-01
 -3.0137815e+00
 -3.5422373e+00
  5.5535865e-01
 -2.1808190e+00
 -3.5371912e-01
 -3.5967228e+00
 -3.9524186e-01
  1.0808685e-01
 -2.7622790e+00
 -9.8087078e-01
  2.1041402e-01
 -1.6493576e+00
  1.3228534e+00
 -4.0180981e-02
 -1.1647639e-01
 -3.8483381e-01
  1.7382129e+00
 -2.1858711e+00
 -1.0132872e-01
 -1.4625460e-01
  8.5710394e-01
  1.6629183e-01
  4.3406773e+00
  2.2053926e+00
  2.7385659e+00
  1.3766824e+00
 -7.1890765e-01
  1.3338241e-01
 -9.8779094e-01
 -1.8688762e+00
 -4.5774965e+00
 -2.8824174e+00
 -4.8739924e+00
 -4.0164776e+00
 -2.2378936e+00
 -8.4339780e-01
  3.0609207e+00
  3.1811437e-01
 -8.6593792e-02
  1.8331189e+00
  6.8299758e-01
  1.8419001e+00
  3.9059132e-01
  5.9218484e-01
  4.7672024e+00
 -5.0616241e-01
  1.7528399e+00
 -7.4965781e-01
 -2.1849658e+00
  6.3741219e-01
 -1.1957381e+00
  4.8882398e-01
  7.8391083e-02
  2.0149693e+00
  1.3264866e+00
 -1.2079072e+00
  3.0323434e-01
 -6.2607962e-01
  1.1848771e-01
  8.1473821e-01
  1.3244214e+00
  4.3593970e-01
 -3.9463100e-01
  2.8744347e+00
  8.4007902e+00
  2.1117864e+00
  2.0218122e+00
 -1.1324807e-01
 -4.5614624e-01
 -1.7366418e+00
  2.3761852e+00
 -1.0906008e+00
  9.6514121e-02
  1.6341914e+00
 -4.1454569e-01
  1.6557307e+00
  3.4690442e+00
 -2.3390329e+00
 -7.8066878e-02
  9.6367168e-01
  5.2877468e-01
  2.5938947e+00
 -7.9796386e-01
 -5.8058915e+00
 -4.7166333e-01
 -2.3824668e-01
 -7.8442723e-01
  1.1855133e-01
  2.1067648e+00
  5.3441997e+00
  1.6593856e+00
 -1.9548999e+00
 -2.0491873e-01
 -6.1930031e-01
 -1.1628318e+00
 -4.0320373e+00
 -4.5711670e+00
 -1.2165457e+00
  2.0801392e+00
 -7.8857797e-01
  6.1830473e-01
 -4.6158719e+00
 -2.8876350e+00
 -1.4809150e+00
 -4.4821564e-02
 -2.3493731e+00
 -8.0978785e+00
  1.1776172e-01
  1.1081982e-01
  4.8608273e-01
 -9.9042833e-01
  3.4144071e-01
  1.4651483e-03
  4.9649177e+00
  1.9777342e+00
  2.1261785e-02
  3.2705390e+00
  2.1262362e+00
 -1.0527647e+00
 -5.5947185e-01
  3.6281168e-02
  2.1530805e+00
  4.7425324e-01
  6.1741644e-01
 -2.1666765e+00
 -2.3247736e+00
  2.4329799e-01
 -2.7411276e-01
  9.0149385e-01
  1.7029866e+00
 -1.4121050e-02
  1.8371549e-01
  2.3392409e-02
  9.0432388e-01
 -1.4794050e+00
 -5.1685089e-01
  6.5790129e-01
  3.4809687e+00
 -1.5134947e+00
  6.4881337e-01
  1.4446799e+00
  3.1295843e+00
 -7.3308367e-01
  6.1402941e-01
  3.9683399e+00
  3.9859810e-01
 -4.4348450e+00
  2.8193882e+00
  3.2549381e-01
 -8.8276303e-01
 -5.5520568e+00
  4.0188670e+00
  2.1521811e+00
  4.3577835e-01
 -1.1438679e+00
 -8.9846873e-01
  1.1559263e+00
 -1.4469778e-02
 -9.5029676e-01
  2.4198058e+00
 -1.9651837e+00
  1.0918869e+00
 -1.3322487e+00
  5.1947349e-01
 -3.9218774e+00
  9.5754945e-01
  3.6392658e+00
 -3.5604570e+00
  4.5953935e-01
  7.9367405e-01
  1.0930829e+00
  2.9837828e+00
  6.1988888e+00
 -2.7128091e-01
  1.8646039e+00
 -1.9933926e+00
  2.7355602e+00
  1.8632187e+00
  7.9615909e-01
 -1.3061939e+00
  2.2252579e+00
  9.4057500e-02
 -1.8772944e+00
  5.8583442e-02
 -1.6575114e+00
  1.0618513e+00
 -2.6043838e-01
 -5.4569197e+00
  1.9391838e+00
 -3.6292801e+00
  9.2308378e-01
  4.0541101e-01
  3.7526169e+00
 -8.4835418e-02
 -3.1444590e+00
 -2.6674426e+00
 -2.6448216e+00
  2.7597940e+00
 -3.4858057e+00
 -9.6618897e-01
  7.3039854e-01
 -1.1857683e-02
 -1.4536746e+00
  5.6317377e-01
  4.0926628e-02
  1.3980575e-01
  1.2238284e+00
 -3.6095938e-01
 -1.4436282e-02
 -5.8313364e-01
  4.3676376e-01
  1.0981276e-01
 -1.5039217e+00
 -7.1904737e-01
 -1.2507564e+00
 -1.3523353e+00
 -2.0111415e+00
 -7.7045816e-01
 -6.6745000e+00
 -6.8396938e-01
 -4.1316156e+00
  2.1495528e+00
  2.7209109e-01
 -3.5816507e+00
 -1.6699220e-01
  1.5160947e+00
  8.8185787e-01
 -4.7206020e-01
  8.5923022e-01
  3.3441761e+00
  2.9443851e+00
  4.5355802e+00
  2.1348546e+00
  7.6188362e-01
  5.9613276e-02
  4.9449646e-01
 -3.9149263e+00
 -1.1646278e+00
  1.4926534e+00
 -1.5612002e-03
 -1.0152025e+00
 -1.2594704e-01
  3.5498893e+00
 -1.9245863e+00
 -1.6613851e+00
 -1.3515480e+00
 -1.5876657e+00
 -3.9360675e-01
 -5.1159029e+00
 -1.0756427e-01
 -6.7941098e+00
  6.0152674e-01
 -2.3221657e+00
 -5.5213474e-02
  5.0216638e-02
  8.0701917e-01
  4.1806642e-03
  6.1990297e-01
  2.6665175e+00
 -1.2625896e+00
 -1.5720118e+00
 -8.0853122e-01
 -7.3727511e-02
 -8.4677088e-01
 -5.2727342e-01
 -4.4145646e+00
 -3.7043276e-01
 -1.2253150e+00
  3.0275714e+00
 -3.0669122e+00
 -1.3167353e+00
  1.8918914e+00
  3.1104451e-01
 -1.1260890e+00
  1.0569870e-02
 -1.4272351e+00
 -3.3541303e+00
 -3.1335299e+00
 -4.0956006e+00
 -2.4623795e+00
  5.8114994e-01
  2.5242931e-01
 -4.3631598e-01
 -3.9138067e-01
 -2.7583759e+00
 -2.6660519e+00
 -7.2810762e-02
  2.7851882e+00
  2.0437777e+00
 -1.6824596e+00
 -1.6479379e+00
  1.4328622e+00
  2.0969868e+00
 -4.7576159e-01
  1.2011546e+00
  1.7136927e+00
 -4.7270843e-01
  5.5095607e-01
  5.1709592e-01
  2.7741961e+00
  3.6709692e+00
  1.2612839e+00
  2.4469707e+00
  7.6543242e-01
  6.0877662e+00
 -1.1140190e+00
 -3.1272144e+00
 -4.0173225e+00
 -2.6012068e+00
 -4.0835028e+00
  1.4558979e+00
 -4.6016903e+00
  4.4632154e+00
 -7.3335892e-01
  1.2836140e-01
  2.6364107e+00
  1.2148308e+00
 -1.9935608e-01
  1.1487148e-02
  2.3306119e+00
  1.0829158e+00
  1.4420216e-01
  5.5295320e+00
  1.9929446e+00
  2.2299902e+00
  1.1679904e+00
  4.0904641e+00
 -1.8262495e-01
  8.9313465e-01
  4.3465719e+00
 -3.7687007e-01
 -2.6479715e-01
  4.4750160e-01
  3.3952117e+00
  4.1122975e+00
  9.0255098e+00
  1.2541819e+00
  6.6072578e+00
 -1.0792950e+00
  2.2306507e+00
 -6.2832874e-01
  2.1116793e+00
  1.0709642e-02
  1.0192769e+00
  3.9005321e-01
 -1.2063459e-01
  3.2473521e+00
  1.6518050e+00
  9.2965180e-01
  8.0787021e-01
  2.7445623e-01
  3.9666882e+00
  4.4870486e+00
  2.2154045e-01
  3.9424703e+00
  9.6127301e-01
  1.2064846e+00
  3.4426510e+00
  9.9710697e-01
  2.5280619e+00
 -6.6737133e-01
 -2.2500124e+00
  4.8277238e-01
 -1.0491881e+00
 -3.6625855e+00
  1.6375473e-01
 -1.1612980e+00
  7.7006900e-01
  6.6213280e-02
  4.2679858e-01
 -1.8407480e+00
 -5.0086629e-01
  2.5136515e-01
  1.7882162e-01
  1.1012994e+00
 -1.0931113e-01
 -1.1598912e+00
  1.4177670e+00
 -2.0338235e+00
 -5.4192722e-01
 -4.2352057e+00
  2.3436499e+00
  3.5379958e-01
 -3.6487898e-01
  1.0406243e+00
 -7.6133144e-01
  1.5139607e-01
  1.4970355e+00
  1.1890197e+00
  9.0713018e-01
  5.2684236e+00
 -8.7888968e-01
 -2.8345544e+00
 -3.1053758e-01
  9.4549286e-01
 -1.9967630e+00
 -4.3996426e-01
  6.8352085e-01
  2.9021680e-01
 -1.1492553e+00
 -7.6664658e+00
 -5.8991596e-02
  5.9383887e-01
 -1.5193257e-01
  1.2219585e+00
 -6.2963529e+00
 -2.3583989e+00
 -5.9945617e+00
 -2.4681895e+00
 -1.4493467e+00
  2.8412950e+00
 -1.1509521e+00
 -1.2042568e+00
 -6.6686445e-01
  1.2265933e+00
 -4.5033166e-01
  1.0529102e+00
 -1.0311674e-01
 -9.2598591e-03
 -1.0787123e-01
  8.9516681e-01
  6.8769660e+00
  2.0432918e+00
 -3.1188250e-01
 -1.6931187e-01
 -1.1429348e+00
  2.3311899e+00
 -2.2202084e+00
  4.3160206e-01
  8.5268605e-01
  6.1594062e+00
  3.0641496e+00
 -2.7534909e+00
 -6.9793773e+00
 -7.5685825e+00
 -1.8910977e+00
 -4.1830049e+00
  4.9794328e-01
 -1.1673877e+00
 -4.1893330e+00
  6.5174179e+00
  4.5269465e+00
 -5.8763593e-01
  1.4146020e+00
 -1.1541449e+00
 -1.5682468e+00
  3.8738897e-01
 -1.4049120e+00
  4.0026195e-02
 -1.5833393e+00
  1.2277340e-01
  2.0459914e+00
  1.7768329e+00
  1.2181350e+00
  4.0847179e-01
 -3.4772608e-01
 -1.0857012e+00
 -5.0783521e-01
 -4.4696312e-02
  6.4780581e-01
  1.2762656e+00
 -4.8821259e+00
 -8.2492054e-01
  3.8857514e-01
 -3.1168401e+00
  1.3186728e+00
 -1.3866466e+00
  5.9235287e-01
 -1.5400217e+00
 -5.1034918e+00
  1.7534539e+00
  1.9486271e+00
 -1.5403899e+00
  2.4451427e+00
 -2.8548333e-01
 -3.5627992e+00
 -2.7689686e+00
  1.4040995e-01
 -2.4260116e+00
 -9.1626346e-01
  1.0490499e+00
 -5.7514472e+00
 -2.4865909e+00
  3.7065041e-03
 -1.5289961e+00
 -1.9889342e+00
 -4.3198142e+00
  3.1274221e+00
  4.0624473e-02
  9.0636587e-01
 -1.3625982e+00
  7.1285307e-01
  7.9108775e-01
  2.4257252e+00
 -1.9326515e+00
 -1.4779985e+00
  2.6564655e+00
 -2.3635499e+00
 -1.4667001e+00
 -3.1669524e+00
 -3.0646319e+00
 -2.8081879e-01
  8.0053204e-01
  1.1372609e-01
 -4.0947728e+00
 -7.3881793e-01
 -3.0893520e-02
 -4.3826517e-01
 -1.7856165e+00
 -4.6012273e+00
  4.7859037e-01
  2.0948436e+00
  3.1177075e+00
 -2.3077770e-01
 -4.2955384e+00
  2.0888749e-01
  2.6591873e+00
  4.1427145e+00
  7.3742491e-01
 -1.4171567e+00
 -1.0645650e-01
  2.5637815e+00
  2.8099838e-01
  7.7471220e-01
  1.1706950e-01
 -2.0437663e+00
  4.6907377e-01
  5.8872014e-01
 -1.8915536e-02
  7.7321577e-01
 -3.8243181e-01
 -5.1779085e-01
  1.8966991e+00
  3.6971439e-02
 -2.4712856e+00
 -8.6030853e-01
 -1.3548671e+00
  5.8801877e-01
 -2.7809036e-01
 -1.5663557e+00
  3.1638196e-01
  1.7673725e+00
 -2.7871692e+00
  9.2493516e-01
  5.3455733e-02
 -8.3357133e-03
  1.6551557e+00
  1.0549040e+00
 -1.0985970e+00
 -3.0460002e+00
 -1.7382691e+00
  9.3034381e-01
 -1.9903667e+00
 -8.9049205e-02
  8.2722962e-01
  1.4647864e+00
 -7.9269915e+00
 -2.2189639e+00
 -5.6045866e-01
 -1.0520966e+00
 -3.9900750e-01
 -1.8919560e+00
 -6.2938654e-01
 -4.3725743e+00
  7.1174592e-01
  1.6351018e+00
  4.6486461e-01
 -3.0423036e+00
 -3.3466092e-01
  1.4010140e-01
 -3.0245525e-01
 -2.3129070e+00
  1.8052846e-01
  4.0996993e-01
 -1.4855419e+00
 -3.1707706e+00
 -7.1091461e-01
 -5.6422293e-01
  1.9792322e+00
  5.3899717e-01
  3.3494744e+00
 -8.3022639e-02
  8.3244038e-01
  5.6618291e-01
  1.1282728e+00
 -7.4873573e-01
 -1.5103438e-01
  1.7000441e-02
  9.5644373e-01
 -4.5512921e-01
  1.1743814e+00
  2.0970842e-01
  1.4205506e+00
 -8.1536067e-01
 -2.5209856e+00
 -3.5594010e+00
  4.2735734e+00
  1.7896997e+00
  3.9243577e+00
  3.6696942e+00
 -7.9039699e-01
  4.9168053e-01
 -1.0749031e+00
 -2.6657231e+00
 -8.5182744e-01
 -2.1399510e-01
 -1.2780768e+00
  1.2025098e+00
  4.2188119e-02
  9.4546056e-01
  5.3729898e-01
 -1.6143876e-01
 -1.7524777e-01
 -2.6058631e+00
 -1.1194193e-01
 -2.4323785e-01
  2.7849066e-01
 -6.6331792e-01
  1.9710100e-01
  2.2874673e-01
 -1.0066425e+00
  8.9528108e-01
  3.3486235e-01
  1.8041385e+00
 -1.3799849e-01
  2.1950302e+00
 -5.5065709e-01
 -2.3615367e+00
  1.2199590e-01
 -6.4298499e-01
  4.3285790e-01
 -7.3947072e-01
  3.5641643e-01
  2.3821344e+00
  7.9287745e-02
 -1.6560236e+00
 -1.0708638e+00
 -1.3455901e+00
  1.1843176e+00
 -4.0573263e+00
 -5.3256197e+00
  2.9189703e-01
 -3.1573219e+00
  5.2854753e-01
 -3.3402114e+00
  3.4945869e+00
  2.4017319e-01
 -1.9333966e-01
  1.4107287e+00
 -3.5083902e+00
 -4.0631108e+00
 -3.5268441e-01
  2.4652734e+00
  2.0311344e+00
  2.1842165e-01
 -1.1984092e+00
 -3.3856955e-01
  1.4697215e-01
 -1.1125674e-01
  1.0597913e+00
 -3.4989861e-01
  9.1912645e-01
  5.4422355e-01
 -9.7589821e-01
  6.1951149e-02
  7.9613531e-01
  1.7814466e+00
 -1.7790240e+00
 -1.0876591e+00
 -1.1245110e+00
 -2.1483467e+00
  2.2431939e+00
 -6.8196058e-01
 -4.5064254e+00
  8.2422709e-01
 -3.9617038e-01
 -1.9094725e+00
 -4.4264594e-01
 -1.5127835e+00
 -1.2125447e-01
  2.9885769e-01
  1.3118383e+00
 -1.9883041e+00
 -2.1719649e+00
 -1.0860891e+00
  1.1026346e-01
 -2.0166616e+00
 -1.1289672e+00
  1.0870311e+00
 -1.1039822e+00
  1.0747458e+00
  1.9576998e-01
 -2.8318036e+00
 -7.5861132e-01
 -3.6140702e+00
 -4.7559905e-01
 -2.3373320e+00
 -4.9670863e-01
  1.0805717e+00
 -3.0050525e-01
 -2.8852360e+00
 -2.8415141e-01
  3.7093294e-01
  6.8791497e-01
  1.1718439e+00
  1.4224110e+00
  3.7806535e-01
  5.9225708e-01
 -2.9666502e+00
 -2.6688733e+00
 -6.2106299e-01
 -7.2234720e-01
 -4.8672758e-02
 -9.8085999e-01
  2.0679853e+00
 -1.4564672e+00
 -1.8951455e+00
 -2.7282827e+00
  7.1509516e-01
  1.9265821e+00
 -2.5898545e+00
 -9.9686992e-01
  4.7737780e-01
  4.5368609e-01
 -1.3955432e+00
 -5.8192217e-01
  3.8115487e-01
 -2.1995881e+00
  3.1053561e-01
  1.9407682e+00
 -2.7059445e+00
 -3.7687259e+00
 -7.5913720e-02
  1.2853534e+00
 -9.3106908e-01
 -1.7175565e-02
 -4.2720312e-01
 -3.6845636e-01
 -1.3868461e+00
 -1.6792145e+00
 -6.4365274e-01
 -2.3453051e-01
 -1.1501434e+00
  2.5968248e-01
 -2.3351440e+00
  1.6055102e+00
  9.9986088e-01
  2.8037152e+00
  1.1265928e-01
 -1.4853020e-01
 -1.9921235e+00
 -1.0533427e+00
 -1.7911653e-01
 -9.2127532e-01
  1.3059502e+00
  5.0046647e-01
  2.7726167e-01
 -4.2298541e+00
 -3.9152639e+00
 -1.9987881e+00
 -3.2879946e+00
 -2.4409812e-02
  9.6344888e-01
 -2.1196692e+00
 -2.2300310e+00
 -1.0478725e+00
  4.9888355e-01
 -2.9816635e+00
 -4.7255000e-01
 -1.0111787e+00
 -3.7266979e+00
 -3.1180093e-01
  1.3111435e-01
 -2.5721281e+00
  7.7715802e-01
 -1.9438128e+00
  6.8129754e-01
 -7.0249027e-01
 -5.6170982e-01
  1.6461914e+00
 -6.4233430e-02
 -1.4203980e+00
  3.0440548e-01
 -2.0444824e-01
  2.6825988e-01
  2.3031185e+00
 -1.6196600e+00
 -7.0156938e-01
 -1.0487067e+00
 -7.5484222e-01
 -5.2665848e-01
 -2.3678163e-01
 -3.7043350e+00
 -5.6208456e-01
 -2.9472890e+00
 -3.2427626e+00
 -5.5239284e-01
 -1.6640041e+00
 -5.3700382e-01
 -1.3290411e+00
  1.1254503e+00
 -5.0156236e-01
  4.4581342e+00
 -2.5420922e-01
  1.7654514e-01
 -2.5083466e+00
 -1.0149854e+00
 -2.9480016e+00
 -6.0678899e-01
 -6.6760439e-01
 -6.0391515e-01
  6.1676651e-01
  1.8299162e+00
 -1.9761920e-01
 -1.2796327e+00
 -3.4268751e+00
 -1.4234084e+00
  3.4380838e-01
  2.6087919e-01
 -1.0828886e+00
 -6.9053686e-01
 -1.3123497e+00
 -3.4327435e-01
  1.4890414e-01
 -9.9276519e-01
 -2.6838274e+00
 -7.9073399e-01
 -3.2270518e-01
  6.3228810e-01
  4.1529047e-01
  6.1622638e-01
 -9.3438107e-01
  7.8376514e-01
 -1.8802263e+00
 -2.5593245e-01
  3.8810287e+00
  6.3598859e-01
  1.7839649e+00
 -2.9309907e+00
 -2.7337801e+00
 -1.0152820e+00
 -1.9171176e+00
 -4.3393943e-01
  2.7428192e-01
  4.0445667e-02
 -8.4478658e-01
 -1.9023714e+00
 -3.8052118e-01
 -1.2801621e+00
 -2.3363797e-01
 -9.0496153e-01
 -2.5204601e+00
 -7.4578875e-01
  2.4424490e-01
 -1.3276018e+00
  6.2623739e-01
  2.4423662e-01
  9.1273344e-01
 -8.5129625e-01
 -4.3083543e-01
  1.7376024e+00
  7.4735993e-01
 -2.3105502e-01
 -1.1857502e-01
  7.8757209e-01
  7.8811896e-01
  1.7432419e+00
  1.5434877e+00
  1.2916639e+00
 -4.8906446e-01
  3.7798371e-02
  9.6690619e-01
 -4.4509731e-02
 -3.0217965e+00
  2.4855671e+00
 -3.3632843e+00
 -2.5494530e+00
 -1.7059625e+00
 -1.7116575e+00
  6.7632204e-01
 -1.5335716e+00
 -8.3978549e-03
  7.8069922e-03
  3.7852521e+00
  3.2916438e-02
 -1.0616372e+00
 -1.1091169e+00
  1.5306647e-01
 -9.4827777e-01
  3.4400806e-02
  6.1051315e-01
 -1.5000877e+00
  7.3760188e-01
  1.6291289e+00
 -1.3198309e-01
 -4.5584482e-01
 -1.5198674e+00
 -9.8009199e-01
 -7.8019112e-01
 -4.2062607e-01
 -6.1412024e-01
 -9.2058402e-01
 -8.2399023e-01
  1.4126236e+00
  2.5599036e+00
  1.0456854e-01
 -6.5576905e-01
  4.7816014e-01
 -6.0398161e-01
  7.2725117e-01
 -3.2729831e-01
  1.3174802e-01
  1.1058903e+00
  9.5020241e-01
 -3.0068985e-01
 -3.1376207e-01
  2.9293468e+00
 -8.9780974e-01
  7.3390460e-01
 -1.1408700e+00
 -2.3174774e-02
  1.1634871e-01
  1.3153732e-01
  9.0501148e-01
 -1.7040221e-01
  1.1467714e+00
 -3.1592387e-01
 -9.1323054e-01
  6.3715321e-01
  4.9171150e-01
  2.2764161e-02
  5.3761727e-01
 -1.3756539e+00
  1.9187653e+00
 -2.9078129e-01
 -1.1269357e-02
 -9.1562414e-01
 -2.7028751e+00
 -2.6588719e+00
  1.1247025e+00
  4.2725009e-01
 -4.9186625e-02
 -1.5874822e+00
 -2.0872022e-01
 -5.0459510e-01
 -3.8246393e-01
 -2.7718312e-01
 -5.5860863e+00
  2.3303742e+00
 -1.9388920e+00
 -1.4214705e-01
 -3.0337307e+00
 -2.8808087e-01
  9.2103368e-01
  4.2043309e+00
  1.6444997e+00
  2.3724292e-01
 -1.0585163e-01
  7.4838972e-01
 -6.6046071e-01
 -1.4534473e+00
  2.0434873e-01
  1.2130620e+00
  1.7807604e+00
 -3.0950553e+00
 -2.8225579e+00
 -4.5004761e-01
  6.8169659e-01
  1.5723611e+00
 -3.5771735e+00
 -1.1053122e+00
  7.0238811e-01
  2.2604508e+00
  2.9030678e-01
  1.0004935e+00
 -6.5706037e-02
  4.2045304e-01
 -3.3273668e+00
 -1.3616389e+00
 -8.1138468e-01
  1.2786428e+00
 -2.1138737e+00
  1.5118951e+00
  1.1285350e+00
  2.5252020e+00
 -2.6855567e-02
  2.6754131e+00
  5.3375306e+00
 -3.5553834e-01
 -2.4164969e-02
  9.9552917e-01
 -1.4736431e+00
 -4.0330582e+00
  3.6812286e+00
  1.0948871e+00
 -2.3355801e+00
  1.1880430e+00
  4.6328408e-01
 -1.2137252e+00
  1.3220850e-01
  1.2977437e+00
 -5.3519406e+00
  2.3016288e+00
  2.5963182e+00
  5.2984562e+00
  3.3767619e+00
  6.3756390e+00
  3.0860829e-03
 -1.2868413e-01
 -7.8933293e-01
  2.7910218e+00
  7.9653889e-01
 -8.0230099e-01
  2.0628173e+00
 -2.3933344e-01
 -1.0612256e-01
 -2.1038628e+00
 -1.6869161e-01
 -1.6026969e-01
 -5.4946601e-01
 -1.5927027e+00
  4.2177668e-01
  2.2986072e-01
 -2.2479266e-01
 -1.0838554e+00
 -1.8597653e+00
  1.6597006e+00
 -2.4641280e-01
  9.1046804e-01
  7.3457837e-01
  2.6228189e-01
  8.1163961e-01
  2.8111268e-02
 -1.3918832e-01
  4.0535955e+00
  5.2048528e-01
 -5.7487792e-01
  1.1466708e+00
 -4.9712828e-01
  1.0004599e+00
  2.5162685e-01
  9.3393600e-01
  3.0677404e+00
  4.0777164e+00
  2.8659854e-02
 -2.4637305e-03
 -2.4238968e-01
 -1.5660969e+00
  5.7576984e-01
  1.7265037e-01
  3.6544196e-02
 -5.0497043e-01
 -8.5871524e-01
 -1.8986686e+00
 -6.4064020e-01
 -8.8070780e-01
  1.9090341e+00
 -1.2679787e-01
  1.7443571e+00
 -2.1272333e+00
 -2.1802647e+00
  4.2572107e+00
  7.0391238e-02
 -9.9640536e-01
  4.8886383e-01
 -6.4023234e-02
  1.4320338e+00
 -3.1097171e-01
  1.1320059e+00
  1.5023900e+00
  5.5707769e+00
  9.7040731e-01
  1.5607152e+00
  2.2002129e-01
  2.3163946e+00
  5.5417776e-01
  1.0113014e+00
  2.3086104e+00
 -2.0177143e+00
  2.4359982e+00
 -2.4225274e-01
 -3.0627108e+00
  1.4660550e+00
 -1.0569305e+00
 -1.0405372e+00
  5.5593842e-01
  2.0804563e-01
  2.7333581e+00
  5.8689528e+00
 -1.6124897e+00
  1.9224389e+00
  1.3076117e+00
 -1.6019869e+00
  1.4429063e-01
  1.0342780e+00
 -2.4069104e+00
  1.8772016e-01
  1.2041788e+00
 -2.4372931e+00
 -5.7178456e-03
 -3.5401833e-01
  1.9223820e+00
 -2.0496118e+00
  1.3845970e-01
 -3.3009863e-01
  1.3326415e-01
 -2.1250780e+00
  2.0571129e+00
  1.1721054e+00
 -2.6599536e+00
 -1.6747117e+00
 -1.3725846e+00
  3.2638723e-01
 -3.3171349e+00
 -2.6323768e-01
 -4.3131080e+00
 -3.5527086e+00
  2.2735198e-01
  9.4700217e-01
  1.7395365e+00
 -5.2113080e-01
  3.5810977e-01
  2.8711689e+00
  1.0082448e+00
 -7.3431830e+00
  1.9155098e-01
  2.7017906e-02
  9.3032974e-01
  5.5145528e-02
 -6.1755519e+00
  2.0108583e+00
 -1.3258886e-01
 -1.7834802e-01
  2.9916766e-01
  2.3152083e-01
  2.9648118e+00
  1.0204225e+00
  6.3992107e-01
  4.3166029e-01
  4.1709018e+00
  3.2221951e+00
 -3.2520038e-01
  3.5853937e+00
  5.1453228e+00
 -7.7253664e-01
  5.5700107e+00
  2.8309596e+00
 -1.3662107e+00
 -4.0917024e-01
 -1.5661459e+00
 -6.4232069e-01
 -5.0879183e+00
 -1.6766957e+00
  2.0352814e+00
 -6.1182752e+00
 -1.7724569e-01
 -9.0347713e-01
  5.2817076e-01
 -2.0096312e+00
 -1.8439931e+00
  5.5689917e+00
  1.2735710e-01
 -1.4622505e+00
 -3.4279890e+00
  1.0019807e+00
  1.3800095e+00
 -2.7429435e+00
 -3.6929159e+00
 -6.1531005e+00
 -1.1348907e+01
  9.8436934e-01
  5.1755410e-01
  8.9923926e-02
  8.2666785e-01
  1.3350015e+00
 -9.6141362e-01
  9.1244423e-01
 -7.8081578e-01
 -6.3017495e-02
 -7.3608041e-01
  8.3995771e+00
  1.9579977e-01
 -4.9569386e-01
  2.3605552e-01
 -6.9044518e-01
  2.5913832e-01
 -1.9344444e+00
 -4.2221546e+00
 -1.2158731e+00
  2.4294841e+00
  5.7781649e+00
 -5.3333473e+00
 -8.9298230e-01
  3.2974932e+00
 -8.5178626e-01
  4.9844289e+00
  7.5036991e-01
  1.0280402e+00
 -1.9304815e-01
  2.6660883e+00
 -8.3063133e-02
  4.0541806e+00
 -1.1868906e+00
  4.0824109e-01
  1.3377188e+00
 -1.3920221e+00
  5.0980691e-02
 -7.4119532e-01
 -5.3268611e-01
  1.9049153e+00
  4.8955388e+00
  6.1310083e-01
  4.0149254e-01
 -2.5835097e-01
  6.5181696e-01
  4.6927467e-02
  9.2383182e-01
 -3.8416371e+00
 -1.1909885e+00
 -6.1581862e-01
 -4.1806126e+00
 -2.1679966e+00
 -4.1234851e+00
 -2.9567528e+00
 -4.6277288e-02
 -3.0839374e+00
  1.0920362e+00
 -7.0645690e-01
 -1.6031634e+00
 -9.0400821e-01
 -3.7190552e+00
  2.8106420e+00
  1.1892827e+00
  2.1888342e+00
  6.7301421e+00
  3.2093105e+00
  1.7311065e+00
  2.4964619e+00
  2.1669986e+00
  1.1600314e+00
  6.7507577e+00
 -1.6158072e+00
  2.0391121e+00
 -2.7830663e-01
  1.9976139e-01
 -2.4928174e+00
  1.1090606e-01
 -1.2620367e+00
 -3.4157550e-01
 -9.4412947e+00
 -2.0602772e+00
 -6.1732769e-01
 -9.5484734e-01
  3.1829406e-02
 -3.7899476e-01
  1.3387343e+00
 -1.7595243e+00
 -2.1423953e+00
  1.4246833e+00
  6.6654820e+00
 -1.8238495e-01
 -1.7570544e+00
  1.2261536e-01
 -9.0672702e-01
 -8.4408486e-01
 -1.1060717e+00
  2.3079925e+00
 -1.4751977e+00
 -1.8498194e+00
 -9.9595630e-01
  4.3696866e+00
  1.4336815e+00
  2.2421317e-01
  3.4197608e-01
 -1.2137119e+00
 -4.0651831e-01
 -1.0849310e+00
  3.9450884e+00
  3.5049441e-01
 -1.1268451e+00
  1.4044005e+00
  5.9125762e+00
  4.5439976e-01
  8.8732533e-02
  4.1668329e+00
  1.3722279e+00
  5.7615542e+00
  1.3067882e+00
 -7.5731266e-01
  1.7784398e+00
 -4.6778187e-02
  2.7044845e+00
 -2.0480723e+00
 -1.5429857e+00
  3.4962121e-01
  2.3375757e-01
  9.0624642e-01
  6.1457849e+00
 -2.8818157e-01
  3.7655044e+00
  8.4405077e-01
  2.5346518e+00
  3.3435917e-01
  2.2130370e+00
  2.2154962e-01
  1.1876874e+00
  6.7920977e-01
  1.0360574e+00
  4.0209556e+00
  1.3339590e+00
  2.6877966e+00
 -2.3269765e+00
  3.2033780e+00
  1.9444728e+00
  2.6794550e-01
  3.1386769e-01
 -9.9769300e-01
 -2.4310710e+00
 -1.0547360e+00
 -1.1193367e+00
  1.9240097e+00
 -5.6070242e+00
 -7.3724160e+00
 -1.4277375e+00
 -3.3702507e+00
 -3.4497537e-02
 -2.0466759e+00
 -3.0213392e+00
 -3.4741693e+00
 -6.1972113e+00
 -1.6001426e+00
  5.2376480e+00
  4.1183949e+00
  1.6547883e+00
  5.4657882e-01
  2.9128618e+00
 -9.2384678e-01
  6.1840434e+00
 -1.2219822e+00
  1.0831077e+00
  2.0902500e-01
 -1.0627453e+00
 -3.3871584e+00
 -4.1468134e+00
 -5.6128097e+00
 -1.1042595e+00
 -1.7952358e+00
 -4.2038088e+00
 -2.2935240e+00
  3.0825031e+00
  1.9437219e-01
  3.5360318e-01
  2.8333414e+00
  3.7853317e+00
  3.0175869e+00
 -1.4737472e-01
  1.8499328e+00
  1.2991087e+00
  4.1496444e-01
  5.9508091e-01
  5.5304098e-01
  2.0658455e+00
  6.3675082e-01
 -1.7876688e+00
  6.4421725e+00
  1.5737319e-01
 -3.7947425e-01
  2.0709517e+00
 -2.4557056e+00
  2.1519275e+00
 -3.4366311e-03
  6.9511688e-01
 -1.4336120e+00
 -3.6463735e+00
 -1.2304123e-02
  1.3449316e+00
 -6.8212789e-01
  9.2064045e-02
  1.4917302e+00
 -2.8121326e+00
 -2.9895525e+00
 -1.2986038e+00
 -2.7132297e+00
 -3.8026142e-01
  9.5745139e-02
  4.1745588e-01
  7.6329750e-01
 -4.3415654e-01
 -2.2698092e+00
 -2.3189369e-01
 -3.6597152e+00
 -2.6205277e-01
 -3.0917251e+00
 -5.4172974e+00
  1.6689157e+00
  2.9260354e+00
 -1.8718448e+00
  3.1133169e-01
 -2.9649979e-01
  3.1056201e+00
  6.5581737e+00
 -3.3637118e-01
 -1.2090199e+00
 -3.3122299e+00
  1.4212304e+00
 -3.1979008e+00
  1.0288911e+00
  1.0481085e+00
 -3.7550187e-01
  5.1868886e-01
 -2.1144249e+00
 -4.9900547e-01
 -2.5729692e-01
 -4.2231634e-01
 -6.3259172e-01
 -7.5667071e-01
  5.1469010e-01
  2.6692221e-01
  1.1659263e+00
  1.4749883e+00
  2.7188727e-01
 -2.7828865e-02
 -1.9147822e+00
  1.9369063e-01
 -2.7519399e-01
 -2.7056161e-01
 -4.7832456e-01
 -2.0165684e+00
  1.3880253e+00
 -4.8995380e+00
  8.6596018e-01
 -1.3257769e+00
 -6.5763009e-01
 -8.0004859e-01
 -2.2523038e+00
 -1.2459283e+00
 -4.4010493e-01
  1.7804308e-01
 -1.6843991e-01
  1.7141911e+00
  1.5124787e+00
  2.0995135e+00
 -3.9510399e-02
  7.1765900e+00
 -1.0544438e+00
  2.3199317e+00
  2.7465947e+00
  1.0541610e+00
 -3.5466545e+00
 -2.2010634e+00
  3.5035154e-01
 -6.5524096e+00
  5.6650376e-01
  7.1674161e+00
  1.8411463e-02
 -1.1005027e+00
 -1.8917333e+00
  3.6518583e+00
  9.7469914e-01
 -1.0352808e+00
  4.7481889e-01
 -1.0138700e+00
  2.2091979e-01
  2.0387506e+00
 -7.9307839e-02
  5.4822505e-01
 -2.2310538e+00
  7.9570234e-01
  6.2846565e-01
  1.7057048e+00
  1.1424360e+00
 -1.1147645e+00
  3.9081271e+00
  1.0566949e+00
 -3.9892811e-02
 -8.0729324e-01
  9.6857029e-01
  6.2843096e-01
  5.1206846e+00
 -5.2528501e-01
  6.3267988e-01
 -1.8753320e+00
  1.3787146e+00
  1.3663090e+00
  1.4959226e+00
  5.9627433e+00
  1.7934532e+00
 -5.3210503e-01
  4.5628304e+00
  7.1455913e+00
  2.0559900e+00
  1.2272881e+00
  3.3701868e+00
  1.4447043e+00
 -6.8334401e-02
  4.5914096e-01
  1.1409874e+00
  1.8701600e-01
  1.8939499e+00
 -3.1736138e-01
  2.6696122e+00
 -9.3648821e-02
 -1.5715789e+00
 -2.3435171e+00
 -1.8332382e-01
 -3.0271924e-01
 -1.5912144e+00
 -1.9763409e+00
 -3.5785970e-01
 -1.3667268e+00
 -2.2250946e+00
  3.2404516e+00
  3.1235600e-01
 -2.6169324e+00
  1.3075510e+00
  2.3722200e+00
  2.1560245e+00
 -5.4121596e-01
  9.3866664e-01
 -6.0314715e-01
 -2.7211723e+00
  4.6982828e-01
  2.4794960e+00
  5.7132328e-01
 -4.0843716e+00
 -1.3106748e+00
 -8.6865562e-01
  1.6907785e+00
 -8.5828692e-02
 -4.0979347e-01
  8.1149256e-01
  1.5789901e-01
 -1.9268557e-01
  4.3070149e-01
  2.0871491e+00
  1.6374927e+00
 -5.6400571e-02
  1.3913659e+00
 -2.2092445e+00
 -2.7873647e+00
 -2.6097174e+00
  2.9240334e-01
  5.5841458e-01
 -2.1144469e+00
 -3.4456611e-01
 -7.9110694e-01
  1.1723653e+00
  1.3213485e+00
 -3.1154478e+00
  5.3115702e-01
 -1.1652057e+00
 -1.4367481e+00
 -2.1929702e-02
  7.2766209e-01
  7.2703093e-01
  3.0328779e+00
 -1.0013652e+00
 -1.5529280e+00
  3.1374753e+00
  5.6645584e+00
 -2.3567803e-01
 -6.2457133e-02
 -1.6547112e-01
  1.7434894e-01
  2.5061595e+00
  2.8616112e-01
  3.2485404e+00
 -1.5378013e-01
  8.0449992e-01
 -3.0786139e-01
  2.5812733e+00
 -1.8442818e+00
  2.7510448e+00
 -3.4224275e-01
 -8.3433133e-01
  2.3940716e+00
  2.4514727e-01
  3.1941061e+00
 -5.6273646e+00
  1.5672871e-01
 -1.2715209e+00
  1.4704618e-01
 -4.2158997e-01
  2.8687756e+00
 -3.5833633e+00
 -1.0056502e-01
 -2.8323479e+00
  5.1171336e-02
 -1.8779886e-01
 -1.0026872e+00
  1.0875818e+00
  8.7175584e-01
 -2.0025673e+00
 -1.4910587e+00
  1.5659451e-01
 -4.2269394e-02
  1.2827122e+00
 -1.0633872e+00
  5.6012577e-01
  2.1455772e+00
 -7.7583335e-02
 -1.2577800e+00
  3.6256070e+00
  1.7148153e+00
  2.6137061e+00
  8.0554074e-01
  3.7608368e+00
 -3.8639936e+00
  1.0729852e+00
  3.1383357e+00
  1.3937639e+00
 -3.1261000e-01
  7.5113750e-01
  3.2164776e+00
 -1.4732200e+00
 -3.2797554e+00
 -4.5547971e-01
 -2.7517006e+00
  1.8465565e-01
  2.9293436e-01
 -9.4167042e-01
 -2.3726022e+00
  8.3388254e-02
 -5.3119067e-02
  1.0000126e+00
 -2.0039785e+00
 -1.2347618e+00
 -6.6384965e-01
  3.3765109e+00
 -5.0823236e-01
  2.1536145e+00
  1.5429038e-01
  1.8686738e+00
  1.4561666e+00
 -6.1216231e-02
  5.2209485e-02
  4.6223464e+00
 -2.0396892e-02
 -2.9878056e-01
 -2.2133167e-01
  3.0116537e+00
  8.1145823e-01
 -7.8370279e-01
  1.9242238e+00
  2.4018528e+00
 -1.2552925e+00
  6.4329392e-01
 -2.6914051e+00
  2.8655856e+00
  2.7658291e+00
 -6.1493969e+00
  8.4091198e-01
 -3.7003779e+00
  5.7715088e-02
  4.9524632e+00
 -1.4020004e+00
  1.0248863e+00
 -2.0063407e+00
  1.3207920e-01
  1.5337218e+00
  4.2371567e-02
  5.1225519e-01
  1.1901819e+00
  1.2370020e+00
  4.8485890e-01
 -1.2260015e+00
 -5.9819794e-01
  5.3480136e-01
 -4.0123134e+00
 -1.3164845e+00
 -1.6106774e+00
  9.8520261e-01
 -1.5744216e+00
  2.8167768e+00
 -7.4682367e-01
  1.3432474e+00
  1.0064982e-01
 -3.4358819e+00
  3.0019709e-01
 -1.8291606e-01
  5.3621286e-01
  1.7769153e-01
  2.6384923e-01
 -1.0126593e+00
 -2.6715258e-01
  8.4568691e-01
  4.0224342e+00
  4.4720817e+00
 -3.2889310e-01
 -6.8099052e-01
  2.3523889e+00
  1.6316952e-01
 -2.6696667e-01
 -1.2684129e-01
  2.0659771e+00
 -1.7767847e-01
  3.1258249e+00
 -1.2801421e+00
 -3.1152797e-01
 -3.1046972e-01
 -2.2627782e-02
 -9.6692437e-01
 -6.2317896e+00
  9.5519388e-01
 -3.6439039e-03
  3.2831302e+00
 -6.6829360e-01
 -7.0531851e-01
 -8.4416765e-01
 -3.0037728e-01
 -5.8773834e-01
  4.0889156e-01
 -1.5578550e+00
 -1.6730353e+00
  8.4956145e-01
 -1.4604093e+00
  2.6632398e-01
  2.0086248e+00
  8.1677276e-01
  2.2796924e+00
 -3.7495191e+00
  3.5768802e+00
 -1.0177461e-01
  2.3681419e-01
  7.6117747e-02
 -1.2484708e+00
  2.1199374e+00
  1.3116930e+00
 -2.1643298e+00
  2.5625989e+00
  7.7102542e+00
  2.3175479e-01
  2.6673311e-01
  1.4092751e+00
  1.1896715e+00
  3.3989046e+00
  1.6057521e+00
 -2.4680316e+00
 -2.0068929e+00
 -6.2268776e-01
  2.2196321e+00
  1.3965902e+00
 -1.4597414e-01
  1.3089874e+00
  1.0077703e+00
 -2.4805762e-01
  4.8185790e-01
 -2.3175995e+00
  3.3421488e+00
 -1.9538144e+00
  4.0442407e-01
 -8.8679653e-01
  4.2692810e-01
 -4.0714523e-01
  2.6273694e+00
  1.6464301e+00
  3.6666605e-01
  8.0025154e-01
 -3.3269638e-01
  1.1225133e+00
  1.2393556e-01
  2.0858192e+00
 -5.6443095e-01
  2.1781201e+00
 -1.6518695e+00
  2.4236444e-01
 -5.6732059e-01
  4.5579362e+00
 -3.5926968e-01
  3.0420902e+00
  7.9723209e-01
  1.2872446e-01
  3.3806081e+00
 -3.3240843e-01
 -2.0602534e+00
  8.6373997e-01
 -9.1842681e-01
  6.4067280e-01
 -2.7609971e-01
  2.3327880e+00
 -2.1890993e-01
  8.0036980e-01
 -2.9786615e+00
 -4.6697593e+00
  1.3284068e+00
 -1.9918866e-01
  1.4215294e-01
  2.7657235e+00
 -4.1191563e-02
 -2.1052286e-01
 -4.1507354e+00
  5.3246355e-01
  2.5060540e-01
 -1.8002467e+00
 -2.8196003e+00
  3.9961295e+00
 -6.6087407e-01
  1.6612817e+00
  1.3057746e+00
  2.2537777e+00
  4.3683583e-01
 -1.9256469e+00
  3.2036071e+00
 -7.3081865e-03
 -7.3657930e-01
 -1.7342019e+00
 -1.1964920e+00
  2.6303978e+00
  1.6483194e+00
 -6.2121731e-01
  3.1920776e+00
  6.3038244e+00
  4.0019355e+00
 -1.2280984e+00
  2.6669369e+00
  1.7406622e+00
  3.2516577e+00
  5.3264213e+00
  1.8146552e+00
  4.4204792e-01
 -1.0842100e+00
  1.1175677e+00
  3.7210834e-01
 -5.6187958e-01
  3.3654213e-01
  1.3364314e+00
 -2.8747791e-01
 -3.3207920e+00
 -2.6858625e+00
 -1.9824095e+00
  5.6227827e-01
 -1.9354968e+00
 -1.6398296e-01
  5.8473420e-01
  2.3617163e+00
  3.1813288e+00
  7.0865327e-01
 -1.9540621e+00
  2.7354872e+00
  6.9135797e-01
  2.3680888e-03
 -5.5763796e-02
  3.3515377e+00
 -7.5861824e-01
  7.0245063e-01
  2.8289187e+00
  6.9317108e-01
 -4.9832031e-02
 -5.1356202e-01
  1.7206404e-01
  2.7096367e+00
  1.0243061e+00
  8.3398533e-01
  3.2263534e+00
 -1.2825412e-01
  3.8343006e-01
  1.0217540e+00
 -6.3364744e-01
 -2.9095771e+00
  1.5041674e+00
  6.1705022e+00
  4.5765865e-01
 -1.8662543e+00
 -1.4164521e+00
  7.3429728e-01
 -2.5347894e-01
 -1.8269334e+00
 -2.4346218e+00
  2.1571720e+00
  3.7576658e-01
  5.3155375e-01
 -3.3646502e+00
  1.8162283e+00
  1.3892597e+00
 -4.9858412e-01
 -1.1155729e+00
  3.9559083e+00
 -5.9566557e-01
  1.7933958e+00
  2.5442523e-01
  1.6430452e+00
 -1.1266558e+00
  1.1231540e+00
  8.9724594e-01
 -1.8151779e-01
 -1.0793642e+00
 -9.0466857e-01
  2.1601878e-01
  2.7957562e-01
  7.1573365e-01
  1.6920313e+00
  1.2244478e+00
  4.5198708e+00
  6.1024261e+00
 -2.5594518e+00
  1.9739279e+00
  1.8375341e+00
  7.3469627e-01
  3.7047913e+00
  2.4224505e+00
  1.3420577e+00
  1.4118072e+00
  7.0700848e-01
 -8.6706795e-02
  3.2644588e-01
 -8.1506020e-01
  7.9342622e-01
  7.3564672e-01
  6.0801530e-01
 -6.4675701e-01
 -1.0655810e+00
  5.5106536e-02
 -6.2964922e-01
 -1.7706177e+00
  3.0652562e-01
 -1.9686754e-01
  7.7899641e-01
 -3.9173815e-02
 -1.2044114e-01
  1.5775421e+00
 -3.2744420e-01
 -1.0559635e+00
  2.2113538e-01
  2.4896541e+00
  1.1354528e-01
 -1.8424119e-01
  1.0472069e+00
 -2.1419060e+00
 -1.1760345e+00
  1.1690211e+00
  8.3714384e-01
 -1.4535313e+00
 -3.6682677e-01
  1.8292834e+00
  2.6940658e+00
 -1.3273449e+00
  2.2567379e+00
  3.3756548e-01
  8.2345736e-01
 -1.2380333e+00
  1.5944176e+00
  3.6213334e+00
  3.5131377e-01
 -7.9861939e-02
 -1.0485358e-01
  1.7288293e+00
 -1.3568074e+00
 -1.3937010e+00
 -1.4942499e+00
  8.6000526e-01
  1.8843146e-01
 -9.3588002e-02
 -7.4958003e-01
  1.2019401e+00
  9.1129607e-01
  6.1533898e-02
  4.5121402e-01
  1.2894728e+00
 -1.2621221e-01
  5.6672823e-01
 -3.7877375e-01
  6.5374392e-01
  3.6791494e-01
  1.4577420e+00
  1.0501905e-01
  6.9129288e-01
 -2.1210829e-02
 -8.7049723e-01
  2.0146277e+00
 -1.3845203e+00
 -1.0214190e-01
 -2.4557938e-01
  8.9731520e-01
  8.6824566e-01
  6.6496485e-01
 -2.8308771e+00
 -1.5622306e-01
  9.0139425e-01
  1.6504186e+00
  1.7923445e+00
  6.9703860e-03
  6.9703860e-03
  6.9703860e-03
  6.9703860e-03
  6.9703860e-03
  3.2949962e-02
  3.2949962e-02
  3.2949962e-02
  3.2949962e-02
  3.2949962e-02
  2.0459346e-02
  2.0459346e-02
  2.0459346e-02
  2.0459346e-02
  2.0459346e-02
  1.0166955e-02
  1.0166955e-02
  1.0166955e-02
  1.0166955e-02
  1.0166955e-02
  7.2016711e-03
  7.2016711e-03
  7.2016711e-03
  7.2016711e-03
  7.2016711e-03
  1.0255173e-02
  1.0255173e-02
  1.0255173e-02
  1.0255173e-02
  1.0255173e-02
